pos,y_bin_label,time_hours,mean_intensity,std_intensity,n_cells,y_min,y_max
pos18,Back,0.0,634.5907940981347,70.24331517604148,1437,4.0,241.39344262295083
pos18,Back,0.08333333333333333,609.1079886176631,69.08787880804294,1369,3.407407407407407,241.04761904761904
pos18,Back,0.16666666666666666,598.2287100384901,68.42557200632648,1405,4.229166666666667,241.375
pos18,Back,0.25,587.9525442678108,67.02733654695709,1419,4.16,241.3793103448276
pos18,Back,0.3333333333333333,574.7722567962834,67.32213242038648,1318,4.425531914893617,241.3870967741935
pos18,Back,0.41666666666666663,564.2021888550626,67.3239095618583,1304,3.9210526315789473,241.53846153846155
pos18,Back,0.5,551.0209719697505,62.906353503107525,1384,4.078947368421052,241.4
pos18,Back,0.5833333333333333,546.8203197158543,62.64740130712082,1410,3.5,241.5252525252525
pos18,Back,0.6666666666666666,527.2261274723331,58.99399388291467,1386,3.926829268292683,241.42857142857144
pos18,Back,0.75,516.2017032794073,60.556722267346586,1197,4.5,241.4
pos18,Back,0.8333333333333333,508.70059749731854,60.42034443886266,1231,4.0,240.6829268292683
pos18,Back,0.9166666666666666,500.4709121776922,57.63844676964517,1231,4.384615384615385,241.56603773584905
pos18,Back,1.0,491.14644262324725,55.408809567579915,1257,4.473684210526316,241.42424242424244
pos18,Back,1.0833333333333333,485.11019034765064,55.506685420621324,1236,4.153846153846154,241.5
pos18,Back,1.1666666666666665,479.01953170309713,52.45949021743805,1392,3.3666666666666667,241.125
pos18,Back,1.25,471.8889317649869,55.2419156415962,1252,4.636363636363637,241.5806451612903
pos18,Back,1.3333333333333333,466.23594280980865,53.990306147649115,1274,4.5,241.47272727272727
pos18,Back,1.4166666666666665,456.8484289188337,49.77387238073729,1344,3.9166666666666665,241.5
pos18,Back,1.5,448.7694056620856,50.14806896542668,1313,4.4363636363636365,241.44827586206895
pos18,Back,1.5833333333333333,439.7565618874883,49.19782176159825,1287,4.576271186440678,241.0
pos18,Back,1.6666666666666665,434.7200231406627,47.867832417094185,1421,4.0,241.5
pos18,Back,1.75,421.3943424682335,45.38071330530621,1405,3.375,241.56603773584905
pos18,Back,1.8333333333333333,413.6891719876292,45.23965104739958,1418,4.075,241.5438596491228
pos18,Back,1.9166666666666665,404.88712923035354,43.63803454830986,1393,4.915492957746479,241.25641025641025
pos18,Back,2.0,399.1137049299832,42.951986547317944,1370,4.435483870967742,241.5
pos18,Back,2.083333333333333,391.9955559976705,42.33911395088847,1397,3.928571428571429,241.43283582089552
pos18,Back,2.1666666666666665,385.01332901384575,41.7566559660704,1388,3.9361702127659575,241.48717948717947
pos18,Back,2.25,377.55548521438453,41.31988746661574,1283,3.8260869565217392,241.5873015873016
pos18,Back,2.333333333333333,372.89688087733816,39.51357814272385,1334,4.5,240.92
pos18,Back,2.4166666666666665,369.7161334935047,41.810832507421736,1185,4.892307692307693,241.56716417910448
pos18,Back,2.5,360.15765576305756,38.37073832368037,1203,4.571428571428571,241.6034482758621
pos18,Back,2.583333333333333,359.88343387498463,37.86896839646077,1377,4.078431372549019,241.16666666666663
pos18,Back,2.6666666666666665,351.65141090232044,36.501074198047974,1405,4.0,241.21333333333337
pos18,Back,2.75,344.5214157292969,34.909215731074404,1385,4.0,241.18367346938777
pos18,Back,2.833333333333333,338.92208190655765,34.09143292798801,1393,4.346153846153846,241.1044776119403
pos18,Back,2.9166666666666665,335.764341621863,33.34369874421645,1411,4.0,241.54794520547944
pos18,Back,3.0,331.32923919779006,32.6862073255414,1411,4.527272727272727,241.56666666666663
pos18,Back,3.083333333333333,327.83184444882295,31.728268986819675,1403,4.543859649122807,241.59459459459455
pos18,Back,3.1666666666666665,324.39041540582303,30.717627541967488,1394,4.4375,241.5
pos18,Back,3.25,322.1942038124739,30.293060502144268,1409,4.490566037735849,241.6034482758621
pos18,Back,3.333333333333333,318.0039260858485,30.782530128552207,1283,4.196078431372549,241.5
pos18,Back,3.4166666666666665,316.00310982138996,29.221125269489885,1414,4.068181818181818,241.6034482758621
pos18,Back,3.5,314.2353453460496,28.753397397730406,1410,4.0638297872340425,240.7073170731707
pos18,Back,3.583333333333333,310.3536341175694,27.814878208488764,1416,3.85,241.22666666666663
pos18,Back,3.6666666666666665,306.4062597734756,26.773649581886954,1424,3.928571428571429,241.07692307692307
pos18,Back,3.75,303.9116395332487,25.64430906438849,1398,4.0,241.4
pos18,Back,3.833333333333333,300.6381530490699,25.973510056597203,1398,3.977777777777778,241.5
pos18,Back,3.9166666666666665,295.8629677442412,24.229196860776586,1394,3.897435897435898,241.26923076923077
pos18,Back,4.0,292.6415510425012,24.21843817612013,1393,4.044444444444444,241.6046511627907
pos18,Back,4.083333333333333,291.07094892862017,23.797553381354344,1403,4.346153846153846,241.42857142857144
pos18,Back,4.166666666666666,289.0246911296475,23.037475331366213,1397,3.9705882352941178,240.81159420289856
pos18,Back,4.25,284.8701801709625,21.386626786959624,1388,4.086956521739131,241.17391304347825
pos18,Back,4.333333333333333,281.23160498353866,20.3606998550809,1336,4.469387755102041,241.57142857142856
pos18,Back,4.416666666666666,280.300789702503,20.286888302144874,1376,4.0,241.484375
pos18,Back,4.5,276.739442792399,18.708737872355048,1329,3.977777777777778,241.5
pos18,Back,4.583333333333333,274.23487488031367,17.478942913500276,1354,4.0,241.56603773584905
pos18,Back,4.666666666666666,270.5640980433169,16.62158833686616,1062,4.934782608695652,241.44262295081967
pos18,Back,4.75,268.37239715861307,17.25132533802017,1082,4.630769230769231,240.94736842105263
pos18,Back,4.833333333333333,266.81698866272455,16.308061269995495,1037,4.773584905660377,241.57777777777775
pos18,Back,4.916666666666666,265.9633375551166,16.41292601639286,1345,4.3125,241.6129032258065
pos18,Back,5.0,263.907058985177,15.437389450549855,1331,3.5,241.609756097561
pos18,Back,5.083333333333333,263.07631269122675,14.519590633387391,1289,3.976744186046512,241.55555555555551
pos18,Back,5.166666666666666,262.31770440954045,14.75724550303616,1351,4.0,241.58536585365857
pos18,Back,5.25,261.70875535497476,15.045004311979323,1347,4.065217391304348,241.5
pos18,Back,5.333333333333333,260.55680161677924,14.5971832092949,1342,4.081081081081081,241.45
pos18,Back,5.416666666666666,260.93686961375306,14.99708518037911,1351,4.0,241.44827586206895
pos18,Back,5.5,259.0088444670957,14.659107769051216,1364,3.3947368421052633,241.42857142857144
pos18,Back,5.583333333333333,258.6028990095455,14.46757585561822,1370,3.9361702127659575,241.45454545454547
pos18,Back,5.666666666666666,257.45801208006236,13.990829416014334,1370,4.444444444444445,241.55555555555551
pos18,Back,5.75,256.3768524912901,14.228117072071077,1369,3.6153846153846154,241.54054054054055
pos18,Back,5.833333333333333,255.605967458011,14.12088546662563,1371,3.4242424242424243,240.87755102040816
pos18,Back,5.916666666666666,254.1223080039492,13.70857063782713,1369,3.980392156862745,241.5806451612903
pos18,Back,6.0,252.98459186222533,13.477703233880844,1232,4.5,241.54237288135593
pos18,Back,6.083333333333333,251.75428855785748,12.794205556741906,1168,4.903225806451613,241.53333333333333
pos18,Back,6.166666666666666,250.92727038318847,12.770603708790684,1206,4.040816326530612,241.5185185185185
pos18,Back,6.25,250.1369928454869,12.589439083592827,1163,4.363636363636363,241.0681818181818
pos18,Back,6.333333333333333,249.4960338575409,11.985796011381746,1261,4.56140350877193,241.31578947368425
pos18,Back,6.416666666666666,249.75458805554294,11.855349329234919,1207,3.977272727272727,241.375
pos18,Back,6.5,249.3304647573823,12.325552835363652,1301,3.6296296296296298,241.5
pos18,Back,6.583333333333333,248.62482719176714,11.945427334129256,1189,3.953488372093023,241.54237288135593
pos18,Back,6.666666666666666,248.79072126241738,11.548241940997015,1119,4.333333333333333,241.55555555555551
pos18,Back,6.75,247.55278732440942,11.786577581078,1309,4.650793650793651,241.56603773584905
pos18,Back,6.833333333333333,247.2538288052894,11.010370391419126,1303,4.5,241.54117647058823
pos18,Back,6.916666666666666,246.9557413058947,11.465361640399603,1312,4.081632653061225,241.5
pos18,Back,7.0,245.8482250195332,11.15922310590425,1130,3.8823529411764706,241.50943396226415
pos18,Back,7.083333333333333,245.39389447199196,11.16261612061661,1077,4.190476190476191,241.1034482758621
pos18,Back,7.166666666666666,245.03871699152532,10.841729221625792,1083,3.647058823529412,241.52272727272728
pos18,Back,7.25,245.60061187594806,11.184237425389494,1171,4.115384615384615,241.4430379746835
pos18,Back,7.333333333333333,244.8150220143599,10.881792013732614,1153,4.146341463414634,241.13432835820896
pos18,Back,7.416666666666666,244.62649677836018,11.149825879590798,1176,4.0,241.0857142857143
pos18,Back,7.5,244.57213052728355,11.014078080991014,1199,4.0,241.6
pos18,Back,7.583333333333333,244.51501751083597,10.755945885863023,1202,3.735294117647059,241.42424242424244
pos18,Back,7.666666666666666,244.51782164777458,10.681769527381386,1235,4.521739130434782,241.54545454545453
pos18,Back,7.75,244.35145451495748,10.945535806866124,1209,4.218181818181818,241.4814814814815
pos18,Back,7.833333333333333,244.87649197550692,11.120740775606196,1189,4.653846153846154,241.1282051282051
pos18,Back,7.916666666666666,243.22034964041285,10.492872394335944,1173,4.543859649122807,241.5737704918033
pos18,Back,8.0,242.8295297215858,10.651199099604243,1224,4.7924528301886795,241.6129032258065
pos18,Back,8.083333333333332,242.58341553124538,10.53360645549823,1204,4.673913043478261,241.56716417910448
pos18,Back,8.166666666666666,241.38255605253136,10.487114194437698,1242,4.245283018867925,241.4406779661017
pos18,Back,8.25,241.08865061935933,10.66012507406893,1180,4.476190476190476,241.60655737704917
pos18,Back,8.333333333333332,240.8607718692129,10.051466322693926,1166,5.537037037037037,241.58490566037736
pos18,Back,8.416666666666666,240.76530178102269,10.590558932547685,1119,4.813559322033898,241.28395061728395
pos18,Back,8.5,240.46483760511774,10.63411790501632,1084,4.0,241.5890410958904
pos18,Back,8.583333333333332,239.85448483871383,10.351863674700748,1090,4.647058823529412,241.50819672131144
pos18,Back,8.666666666666666,239.3693844555422,10.459792220764296,1153,4.346153846153846,241.5
pos18,Back,8.75,239.01260305875394,10.530488060659039,1066,4.815384615384615,241.45945945945945
pos18,Back,8.833333333333332,239.314763364508,10.647401715393746,1003,4.815384615384615,241.5744680851064
pos18,Back,8.916666666666666,239.47608911904257,10.056383931650805,995,4.5,241.4814814814815
pos18,Back,9.0,238.5631337669942,10.132732837144308,1030,4.842105263157895,241.52631578947367
pos18,Back,9.083333333333332,238.28791161582413,10.14967204094964,983,3.2142857142857144,241.28571428571428
pos18,Back,9.166666666666666,238.72156549116755,9.994831730005,1074,5.517241379310345,241.3235294117647
pos18,Back,9.25,239.13425353962862,10.17032219298165,1274,4.204545454545454,241.16216216216216
pos18,Back,9.333333333333332,239.51945107453452,10.435103850289403,1269,3.4285714285714284,241.5
pos18,Back,9.416666666666666,238.74506661470883,10.251026744791373,1289,4.385964912280702,241.47619047619048
pos18,Back,9.5,239.04962946237464,10.33592050049827,1266,4.2,241.55555555555551
pos18,Back,9.583333333333332,238.154511644516,10.096649956431675,1288,3.625,241.505376344086
pos18,Back,9.666666666666666,238.33946885710938,9.970579943536011,1292,3.4242424242424243,241.55421686746988
pos18,Back,9.75,237.97288187309312,10.320414844030438,1299,3.5526315789473686,241.44444444444449
pos18,Back,9.833333333333332,237.65342809052504,9.891472307690913,1305,4.2272727272727275,241.6
pos18,Back,9.916666666666666,236.6793508668294,10.009393141346877,1309,3.975609756097561,241.5185185185185
pos18,Back,10.0,236.2122502141745,9.883823565650097,1305,3.973684210526316,241.28395061728395
pos18,Back,10.083333333333332,235.74024979590726,9.584874601115269,1303,3.934782608695652,241.1851851851852
pos18,Back,10.166666666666666,236.16697284833592,9.91920103504087,1284,3.697674418604651,241.51111111111112
pos18,Back,10.25,235.7662312129113,10.05498096649322,1283,3.5454545454545454,241.4406779661017
pos18,Back,10.333333333333332,237.35248884192023,9.48467067441396,1277,3.9361702127659575,241.6034482758621
pos18,Back,10.416666666666666,235.8670253938105,9.534799250218887,1262,4.368421052631579,241.46153846153845
pos18,Back,10.5,236.10236409343506,9.602885891272487,1271,4.5,241.34567901234567
pos18,Back,10.583333333333332,235.6718990431242,9.545635857870565,1282,4.704918032786885,241.53846153846155
pos18,Back,10.666666666666666,234.98265714276482,9.518636231536117,1275,4.16,241.06666666666663
pos18,Back,10.75,234.51403135567307,9.031540180261603,1236,5.5,241.5806451612903
pos18,Back,10.833333333333332,234.2352514452047,9.23684877844059,1170,5.0,241.5888888888889
pos18,Back,10.916666666666666,234.39515299988813,9.111521346601352,1134,4.0,241.60416666666663
pos18,Back,11.0,234.12545931546293,9.191720489700092,1130,4.666666666666667,241.4516129032258
pos18,Back,11.083333333333332,233.81279168852424,9.161296585192403,1218,4.25,241.19354838709677
pos18,Back,11.166666666666666,233.2448327058549,9.012765130814318,1240,4.962264150943396,241.5441176470588
pos18,Back,11.25,232.75674674968988,9.097810634783395,1299,4.92,241.58620689655172
pos18,Back,11.333333333333332,232.2830428448639,8.947432988360267,1323,4.741935483870968,241.54545454545453
pos18,Back,11.416666666666666,232.73839868654818,9.192097933303748,1329,3.625,241.56578947368425
pos18,Back,11.5,232.0341448798718,8.99465914229604,1314,4.351851851851852,241.27631578947367
pos18,Back,11.583333333333332,232.19014274525713,8.776151160097596,1318,4.722222222222222,241.61111111111111
pos18,Back,11.666666666666666,231.93611446459494,8.40748942379788,1274,5.103896103896104,241.36666666666667
pos18,Back,11.75,232.9843801312242,8.770281915161076,1245,4.28,241.1052631578947
pos18,Back,11.833333333333332,232.605940676704,8.603552165917668,1312,3.717948717948718,241.4090909090909
pos18,Back,11.916666666666666,232.39078555940222,8.601182703455768,1311,4.214285714285714,241.50943396226415
pos18,Back,12.0,232.5055652144498,8.852916286558598,1226,4.4576271186440675,241.3404255319149
pos18,Back,12.083333333333332,232.58157442308985,8.954835955591129,1340,3.4166666666666665,241.54237288135593
pos18,Back,12.166666666666666,232.64514475768522,8.850428079184509,1322,4.096774193548387,241.56
pos18,Back,12.25,232.71942222465307,9.173408627213725,1340,4.350877192982456,241.47272727272727
pos18,Back,12.333333333333332,233.0433326909622,9.324532898656773,1271,4.125,240.86021505376343
pos18,Back,12.416666666666666,232.35569368878544,9.428835461498121,1326,3.675675675675676,241.6
pos18,Back,12.5,232.29097111063672,9.338463253967856,1309,4.711111111111111,241.56923076923076
pos18,Back,12.583333333333332,231.51196759387636,9.658661159334903,1323,4.511111111111111,241.54545454545453
pos18,Back,12.666666666666666,231.0449022566161,9.321181757825293,1343,4.5,241.5
pos18,Back,12.75,231.34163249400177,9.461827950232703,1314,4.078431372549019,241.5813953488372
pos18,Back,12.833333333333332,230.8518607301793,9.062612151429901,1367,5.287878787878788,241.51724137931035
pos18,Back,12.916666666666666,230.50631657407286,9.094140888093069,1371,4.5,241.4561403508772
pos18,Back,13.0,230.83664606751896,8.720676408966234,1365,4.135135135135135,241.3090909090909
pos18,Back,13.083333333333332,230.2941326989892,8.960809812912984,1334,4.148936170212766,241.27777777777777
pos18,Back,13.166666666666666,230.84710519383088,8.75828932476648,1317,4.3584905660377355,241.375
pos18,Back,13.25,231.07120517489042,8.963147221777586,1260,4.6,241.5185185185185
pos18,Back,13.333333333333332,231.2154099053482,8.60778232820894,1293,4.5,241.28571428571428
pos18,Back,13.416666666666666,231.55863630327602,9.023615739148218,1303,4.75,241.58620689655172
pos18,Back,13.5,230.96882161526648,8.597939401019486,1315,4.333333333333333,241.5
pos18,Back,13.583333333333332,230.96172372894034,8.621744317007085,1304,4.535714285714286,241.6
pos18,Back,13.666666666666666,231.06879911715706,8.645675849771871,1314,4.480769230769231,241.47368421052633
pos18,Back,13.75,231.13768950941548,8.782464127869934,1313,3.85,241.46511627906975
pos18,Back,13.833333333333332,231.0058847150455,8.967222806764978,1349,4.7073170731707314,241.5
pos18,Back,13.916666666666666,230.84727661726055,9.310712794441873,1361,3.5806451612903225,241.4561403508772
pos18,Back,14.0,230.8874347235999,9.228234660474945,1326,4.0476190476190474,241.5
pos18,Back,14.083333333333332,230.48368474030815,8.922985269113054,1384,3.5,241.3483146067416
pos18,Back,14.166666666666666,230.02080225763683,9.603569610415459,1363,2.925925925925926,241.54545454545453
pos18,Back,14.25,229.8179830825718,9.009890536683784,1357,3.6666666666666665,241.3
pos18,Back,14.333333333333332,229.98657793239107,9.13117194652085,1354,4.269230769230769,241.30769230769232
pos18,Back,14.416666666666666,229.65811098310039,9.250497131362476,1383,3.92,241.36
pos18,Back,14.5,230.2081813601912,9.379737891461884,1360,3.5142857142857142,241.56521739130432
pos18,Back,14.583333333333332,229.66812219789531,9.39678983103727,1401,4.285714285714286,241.53125
pos18,Back,14.666666666666666,228.94422582272088,9.70845892904814,1404,4.629032258064516,241.5
pos18,Back,14.75,228.94109332131697,9.72012437241363,1409,4.2,241.5
pos18,Back,14.833333333333332,228.99296983573248,10.214397576174969,1380,4.0,241.5
pos18,Back,14.916666666666666,228.82753963396004,9.99502994318161,1385,3.86046511627907,241.45
pos18,Back,15.0,228.868689981137,10.005861365205002,1405,4.196078431372549,241.57142857142856
pos18,Back,15.083333333333332,228.4524454672427,10.406211676282657,1377,3.869565217391304,241.4821428571429
pos18,Back,15.166666666666666,228.58327992987572,10.56286801859223,1383,4.0,241.5
pos18,Back,15.25,228.88614116391759,9.932879369426884,1391,3.4482758620689653,241.5
pos18,Back,15.333333333333332,228.42436808625277,9.92859152000449,1387,3.806451612903226,241.53571428571428
pos18,Back,15.416666666666666,228.31475425446686,9.765059207755106,1388,3.7096774193548385,241.44776119402985
pos18,Back,15.5,228.9001441033413,9.520650594915779,1366,3.9166666666666665,241.21951219512195
pos18,Back,15.583333333333332,228.51142944255943,9.385075175576192,1394,3.90625,241.27777777777777
pos18,Back,15.666666666666666,229.02524539118045,9.780459485738373,1393,4.396551724137931,241.6071428571429
pos18,Back,15.75,228.6831444604405,9.444271439830652,1401,3.71875,241.43589743589743
pos18,Back,15.833333333333332,228.00093202700828,9.59348675279946,1397,4.104166666666667,241.5
pos18,Back,15.916666666666666,228.24101873701136,9.469893089003213,1389,3.3666666666666667,241.55172413793105
pos18,Back,16.0,228.03389082072084,9.323174766416107,1368,3.763157894736842,241.61016949152545
pos18,Back,16.083333333333332,228.93068370003132,9.347164641131815,1378,4.040816326530612,241.3793103448276
pos18,Back,16.166666666666664,228.60167817315454,9.051512814898112,1378,3.975609756097561,241.61111111111111
pos18,Back,16.25,229.2682824466935,9.215529337458834,1400,3.4516129032258065,241.42857142857144
pos18,Back,16.333333333333332,228.97897231790466,8.79945949127776,1410,4.069767441860465,241.5
pos18,Back,16.416666666666664,229.61660725139757,9.020619097924875,1401,4.148936170212766,241.52941176470588
pos18,Back,16.5,230.0835841039809,9.214951207069454,1406,3.2903225806451615,241.59420289855072
pos18,Back,16.583333333333332,231.01221750514193,9.44663355381527,1408,3.6,241.55555555555551
pos18,Back,16.666666666666664,230.93469299158315,9.630120150394434,1417,3.4242424242424243,241.47761194029852
pos18,Back,16.75,231.4406353076705,9.786261756501576,1416,4.0,241.55737704918033
pos18,Back,16.833333333333332,231.05701401906276,10.363431248316568,1410,4.4186046511627906,241.5151515151515
pos18,Back,16.916666666666664,232.0747076809894,10.317281258891665,1398,3.5806451612903225,241.46875
pos18,Back,17.0,231.92605797475667,10.494641471476289,1407,3.675675675675676,241.48648648648648
pos18,Back,17.083333333333332,232.47508581425498,10.36205844699033,1383,3.4242424242424243,241.5
pos18,Back,17.166666666666664,232.48484097514776,10.800335247092894,1420,4.725806451612903,241.21875
pos18,Back,17.25,232.80584990451717,10.63227619525804,1412,4.137254901960785,241.15384615384616
pos18,Back,17.333333333333332,233.45372655117524,10.347255833164143,1409,3.04,241.5
pos18,Back,17.416666666666664,232.5954337815229,10.992410133965866,1409,3.7954545454545454,241.57575757575756
pos18,Middle,0.0,585.2350361478004,74.68736360116999,1383,241.86666666666667,480.15384615384613
pos18,Middle,0.08333333333333333,558.6387467144899,72.47481074739444,1388,242.0,480.1714285714286
pos18,Middle,0.16666666666666666,547.5756239731626,70.82104979128495,1376,242.375,480.14814814814815
pos18,Middle,0.25,536.9721452326545,69.08769164930935,1359,241.66666666666663,479.8985507246377
pos18,Middle,0.3333333333333333,520.3699724985396,66.68909208958172,1342,241.69642857142856,480.13953488372096
pos18,Middle,0.41666666666666663,509.5216560408743,66.09248308110452,1347,241.82926829268297,480.0869565217391
pos18,Middle,0.5,502.32750452152214,63.765224735240444,1338,241.8360655737705,480.28
pos18,Middle,0.5833333333333333,499.494119704316,63.37650885921667,1336,242.0727272727273,480.27272727272725
pos18,Middle,0.6666666666666666,483.90582010034603,61.503399393334945,1335,241.83333333333337,480.2678571428572
pos18,Middle,0.75,467.53886697006607,59.78363368487193,1299,241.7627118644068,480.1458333333333
pos18,Middle,0.8333333333333333,460.3341170466736,59.19013533012852,1303,241.71428571428572,480.2888888888889
pos18,Middle,0.9166666666666666,454.9920428292545,58.83786601263522,1306,242.31428571428572,480.2352941176471
pos18,Middle,1.0,448.1985035888927,56.69910766437559,1324,241.8965517241379,480.0
pos18,Middle,1.0833333333333333,442.757148855537,56.392095398782494,1342,241.7719298245614,480.27272727272725
pos18,Middle,1.1666666666666665,443.13018503395784,55.06684463480733,1383,241.64197530864195,479.8666666666667
pos18,Middle,1.25,428.94589099775754,53.50080270167706,1336,241.8,480.27027027027026
pos18,Middle,1.3333333333333333,423.2207760019209,52.922532975215645,1307,241.78048780487805,479.8
pos18,Middle,1.4166666666666665,421.0943286237768,51.78616078347146,1389,242.03703703703704,479.9714285714286
pos18,Middle,1.5,409.53119583362707,48.22708704157018,1352,241.72727272727272,480.15384615384613
pos18,Middle,1.5833333333333333,402.3944842242636,47.250746633199675,1337,241.77083333333337,480.06382978723406
pos18,Middle,1.6666666666666665,404.4698524374965,47.440213875968034,1360,242.0,479.65822784810126
pos18,Middle,1.75,392.10451731135294,44.653765911019256,1358,241.65714285714284,480.1333333333333
pos18,Middle,1.8333333333333333,386.59127541290434,43.28448211735834,1351,241.90666666666667,480.3015873015873
pos18,Middle,1.9166666666666665,379.0056197073068,41.176616555993576,1337,241.7234042553191,480.30232558139534
pos18,Middle,2.0,372.29223629186856,39.59007820126511,1338,242.0,480.2111111111111
pos18,Middle,2.083333333333333,367.06401834174244,38.20970082067071,1331,241.72413793103448,480.0833333333333
pos18,Middle,2.1666666666666665,361.00685477550644,37.099746610103146,1322,242.32075471698113,480.0392156862746
pos18,Middle,2.25,351.2163156959253,34.6445791413467,1331,241.7051282051282,480.0655737704918
pos18,Middle,2.333333333333333,347.387199612429,33.01508444572216,1333,241.6451612903226,479.5806451612903
pos18,Middle,2.4166666666666665,340.0448353517127,32.1224914279887,1172,242.0,479.7887323943662
pos18,Middle,2.5,336.2672519317297,30.484131033843237,1307,241.725,480.1458333333333
pos18,Middle,2.583333333333333,338.45832966632855,31.14149052070216,1282,241.65853658536585,480.24242424242425
pos18,Middle,2.6666666666666665,332.43535581302984,30.03290813470858,1306,241.7111111111111,480.0408163265306
pos18,Middle,2.75,328.2710850630696,29.16760903233522,1316,241.7887323943662,480.2528735632184
pos18,Middle,2.833333333333333,325.2645843662548,28.16938076478302,1329,242.1428571428571,480.1206896551725
pos18,Middle,2.9166666666666665,323.38224643519743,26.802690702018293,1309,241.91666666666663,480.2950819672131
pos18,Middle,3.0,319.2669692064536,25.735346403028515,1322,241.80769230769232,480.025
pos18,Middle,3.083333333333333,317.9522909922797,26.024646243288515,1334,242.0,480.05333333333334
pos18,Middle,3.1666666666666665,314.1104590435897,25.547319794064197,1331,241.91666666666663,479.9230769230769
pos18,Middle,3.25,310.57852407139154,24.69061915085989,1356,242.1,480.05
pos18,Middle,3.333333333333333,306.0039841084413,23.603128071254506,1361,241.66666666666663,479.9565217391304
pos18,Middle,3.4166666666666665,307.18487402575875,24.25594236312368,1366,241.64102564102564,479.925
pos18,Middle,3.5,304.34199354568415,23.13591470146178,1341,241.7,480.27906976744185
pos18,Middle,3.583333333333333,301.38097723419907,23.32144970555588,1335,241.77142857142857,480.14814814814815
pos18,Middle,3.6666666666666665,298.71241107955933,22.484506304667057,1330,242.1296296296296,479.80434782608694
pos18,Middle,3.75,295.85129329233206,21.955939093927554,1287,242.0597014925373,480.219512195122
pos18,Middle,3.833333333333333,292.7468924354577,21.07087071587524,1306,242.075,480.2888888888889
pos18,Middle,3.9166666666666665,288.9815692444949,20.985046763344744,1316,241.64,480.22222222222223
pos18,Middle,4.0,286.13928288785496,19.725872169394957,1314,241.67924528301887,480.3048780487805
pos18,Middle,4.083333333333333,284.8212574413977,19.680444148399044,1300,241.77272727272728,480.1470588235294
pos18,Middle,4.166666666666666,283.2177706575443,19.120674150655294,1287,241.74137931034485,480.0967741935484
pos18,Middle,4.25,279.17533816145215,18.74961324555835,1282,241.73626373626377,480.2878787878788
pos18,Middle,4.333333333333333,276.9889254970781,18.424086845747738,1282,241.7,479.90909090909093
pos18,Middle,4.416666666666666,275.3514279375784,18.279708632870538,1264,241.80645161290323,480.11764705882354
pos18,Middle,4.5,272.54197508977813,17.178981073497056,1273,242.0,480.2678571428572
pos18,Middle,4.583333333333333,270.52488392566664,16.275728032846303,1266,241.6949152542373,479.53125
pos18,Middle,4.666666666666666,267.7926927892582,15.660062551244629,1255,241.6929133858268,480.24691358024694
pos18,Middle,4.75,266.1936301103717,15.56664484068661,1263,241.78048780487805,480.2181818181818
pos18,Middle,4.833333333333333,264.76520391405154,15.90726254135548,1224,242.0,480.0967741935484
pos18,Middle,4.916666666666666,265.2415986483197,16.138151970440028,1248,242.30851063829783,480.17283950617286
pos18,Middle,5.0,263.8136877222425,15.609364223152042,1265,242.1,480.1829268292683
pos18,Middle,5.083333333333333,263.64935406492486,14.8058499952583,1269,241.94444444444449,480.27777777777777
pos18,Middle,5.166666666666666,263.6067340066796,14.976981330357464,1257,241.65384615384616,479.4516129032258
pos18,Middle,5.25,263.8482627710948,15.504897735285377,1241,241.66666666666663,480.03846153846155
pos18,Middle,5.333333333333333,261.73808934299853,14.994475422926238,1285,241.8780487804878,480.1095890410959
pos18,Middle,5.416666666666666,262.61200448945027,14.886953182734493,1236,241.7,479.8648648648648
pos18,Middle,5.5,261.5678814908857,14.854802272602067,1271,241.75862068965515,480.0869565217391
pos18,Middle,5.583333333333333,260.64589956854957,14.712026743867844,1295,242.0,480.29824561403507
pos18,Middle,5.666666666666666,259.79278699353125,14.272373337709453,1294,241.80392156862743,480.2173913043478
pos18,Middle,5.75,259.0156508241267,15.09893407125884,1301,241.66666666666663,480.1212121212121
pos18,Middle,5.833333333333333,257.66535713955636,14.434783820958495,1292,241.76470588235293,480.1224489795918
pos18,Middle,5.916666666666666,254.9507186591187,14.478279545055928,1308,242.2608695652174,479.94736842105266
pos18,Middle,6.0,253.53852909121534,13.807166407644383,1309,241.8235294117647,480.0857142857143
pos18,Middle,6.083333333333333,252.88160894081543,13.20900121452069,1302,241.6451612903226,480.2
pos18,Middle,6.166666666666666,251.84261272008698,13.380270672726004,1292,242.0,480.2105263157895
pos18,Middle,6.25,251.29966614921543,12.630347653803277,1286,241.73333333333332,479.55263157894734
pos18,Middle,6.333333333333333,250.56075853055913,12.79656776372429,1301,241.76923076923077,480.1923076923077
pos18,Middle,6.416666666666666,250.7288458388288,12.559629443782038,1285,241.74324324324328,480.1714285714286
pos18,Middle,6.5,250.87175454912364,12.51887227934222,1287,242.19354838709677,480.0
pos18,Middle,6.583333333333333,249.45698722169882,11.978627627757588,1283,241.67924528301887,480.1621621621622
pos18,Middle,6.666666666666666,249.6191366854014,12.103506870708948,1272,241.9375,480.2647058823529
pos18,Middle,6.75,249.384531558071,12.662971046391437,1263,242.0,479.9509803921569
pos18,Middle,6.833333333333333,248.93428019058368,12.708009438105663,1250,241.8490566037736,480.20454545454544
pos18,Middle,6.916666666666666,248.80986433820183,12.63889695348758,1251,241.94202898550725,480.1333333333333
pos18,Middle,7.0,248.38524224596077,12.314851274870522,1228,242.0,480.0978260869565
pos18,Middle,7.083333333333333,248.5753078668979,12.639838565527224,1222,241.65671641791045,480.2857142857143
pos18,Middle,7.166666666666666,248.1978008666968,11.686545454628382,1223,242.0,480.07272727272726
pos18,Middle,7.25,248.04087748275055,11.432448350529327,1249,241.625,480.25
pos18,Middle,7.333333333333333,247.99649898182815,11.985452774139643,1232,241.65625,480.05405405405406
pos18,Middle,7.416666666666666,248.46926269461738,11.937738952516778,1256,241.8571428571429,480.2916666666667
pos18,Middle,7.5,248.50512983701515,11.98744564042619,1266,241.6813186813187,480.0113636363636
pos18,Middle,7.583333333333333,248.66495494512674,12.1603617060375,1261,242.0,480.1428571428572
pos18,Middle,7.666666666666666,248.28648585664806,12.386712454318662,1273,241.74193548387095,480.0
pos18,Middle,7.75,248.51069516209628,12.079404215650412,1264,241.9322033898305,480.2368421052632
pos18,Middle,7.833333333333333,247.84588364984108,12.54130036671075,1246,242.59459459459455,479.9468085106383
pos18,Middle,7.916666666666666,246.69665567780677,12.325139324693568,1255,241.70967741935485,479.6034482758621
pos18,Middle,8.0,245.24866182291578,11.507643976796352,1279,241.71186440677965,480.2
pos18,Middle,8.083333333333332,245.33764200295929,11.72235042393938,1283,241.94444444444449,480.1111111111111
pos18,Middle,8.166666666666666,244.7949566952282,11.807108197580586,1266,241.8695652173913,479.8
pos18,Middle,8.25,244.2312400870249,11.858011918153545,1261,241.8688524590164,480.2558139534884
pos18,Middle,8.333333333333332,243.66012057854542,11.915210292997749,1256,242.0,480.30357142857144
pos18,Middle,8.416666666666666,243.2175824635659,11.999400466841294,1231,241.88888888888889,479.672131147541
pos18,Middle,8.5,243.03201263178974,12.231592797525243,1229,241.70967741935485,480.14864864864865
pos18,Middle,8.583333333333332,242.9053605521522,12.654110099043391,1183,241.9090909090909,479.40277777777777
pos18,Middle,8.666666666666666,242.9716939719305,12.464146297633885,1208,241.7321428571429,480.2439024390244
pos18,Middle,8.75,242.83250193252553,12.137058224031595,1192,241.67045454545453,480.2586206896552
pos18,Middle,8.833333333333332,243.01399580589987,12.542408939325814,1179,241.6981132075472,480.1666666666667
pos18,Middle,8.916666666666666,242.79841458101535,12.27754618535341,1193,241.625,479.9148936170213
pos18,Middle,9.0,242.2878188314998,12.056299898562798,1208,241.6296296296296,480.1967213114754
pos18,Middle,9.083333333333332,242.12327124166927,12.605290536094444,1175,242.0,480.1509433962264
pos18,Middle,9.166666666666666,242.02954035218616,12.27425345145247,1218,241.94117647058823,480.25
pos18,Middle,9.25,242.56049880197963,12.414648183537954,1192,241.77272727272728,480.1818181818182
pos18,Middle,9.333333333333332,243.07200840473752,12.985752542806775,1137,241.64,480.2380952380952
pos18,Middle,9.416666666666666,242.59448999344994,12.398304854535683,1184,241.6190476190476,480.19607843137254
pos18,Middle,9.5,242.7240346711897,12.239716900525416,1081,241.75806451612905,479.5285714285714
pos18,Middle,9.583333333333332,242.36345578243996,12.559059301081685,1214,241.94117647058823,480.0571428571429
pos18,Middle,9.666666666666666,241.71934540506214,12.724958730268764,1165,241.7792207792208,480.06779661016947
pos18,Middle,9.75,242.2574322792899,12.337556391868056,1188,241.68478260869568,480.2564102564103
pos18,Middle,9.833333333333332,241.31035778040686,12.346000132215302,1205,242.29850746268656,480.23880597014926
pos18,Middle,9.916666666666666,240.76405695683974,12.478364767196897,1200,241.86046511627907,480.2875
pos18,Middle,10.0,239.47472246479163,11.397662266484735,1230,241.725,479.7142857142857
pos18,Middle,10.083333333333332,238.81768292310085,11.95021228256165,1229,241.765625,479.7592592592592
pos18,Middle,10.166666666666666,238.92770143463682,12.137635582184895,1168,241.80701754385964,480.1851851851851
pos18,Middle,10.25,238.38457421432236,12.104497409147807,1203,241.92307692307693,480.2368421052632
pos18,Middle,10.333333333333332,240.2995158830767,11.744710843779702,1165,242.0493827160494,480.2307692307692
pos18,Middle,10.416666666666666,238.62551893602875,11.730159809641416,1135,241.75,480.0746268656716
pos18,Middle,10.5,238.8126834883521,11.699774651610587,1183,241.9506172839506,480.0
pos18,Middle,10.583333333333332,238.51874377593236,11.74851027612215,1225,241.94736842105263,480.14814814814815
pos18,Middle,10.666666666666666,238.19224249745227,11.645157479328951,1221,242.08955223880596,480.2181818181818
pos18,Middle,10.75,237.22571104941926,11.242848701609025,1235,241.6530612244898,479.0
pos18,Middle,10.833333333333332,236.46360964043768,11.145330858923764,1228,242.5487804878049,479.93220338983053
pos18,Middle,10.916666666666666,236.1801161433054,11.49313665728217,1239,241.68,480.17857142857144
pos18,Middle,11.0,235.94196775947185,11.18267666072827,1257,241.88636363636363,480.296875
pos18,Middle,11.083333333333332,235.54869594789514,11.144075593108292,1255,241.8095238095238,479.8961038961039
pos18,Middle,11.166666666666666,235.82768348747499,11.075126281850174,1263,241.96,480.280487804878
pos18,Middle,11.25,235.69298687957223,11.489873692709931,1267,241.7321428571429,480.19607843137254
pos18,Middle,11.333333333333332,235.5507448595059,11.29249187578477,1269,242.02564102564105,480.258064516129
pos18,Middle,11.416666666666666,235.97249495007256,10.992248791702831,1218,241.70238095238096,480.2156862745098
pos18,Middle,11.5,235.97854742301533,11.871540656574481,1181,241.6984126984127,480.2916666666667
pos18,Middle,11.583333333333332,235.24129953245057,11.541500839130244,1248,241.62857142857143,479.8387096774194
pos18,Middle,11.666666666666666,234.86973019210325,10.714341342027671,1251,241.71794871794873,480.28205128205127
pos18,Middle,11.75,235.68318858521633,11.299233540626922,1251,241.97368421052633,479.93617021276594
pos18,Middle,11.833333333333332,236.41220352929776,11.45199129698344,1259,241.75,480.1666666666667
pos18,Middle,11.916666666666666,235.88748539889076,11.370145165930804,1254,242.13253012048193,479.78
pos18,Middle,12.0,236.1619057520391,11.319344032140382,1262,241.79591836734693,480.3061224489796
pos18,Middle,12.083333333333332,236.08859335742298,11.422940829724775,1272,241.6984126984127,479.6212121212121
pos18,Middle,12.166666666666666,236.157026514141,11.220630182982365,1296,241.6304347826087,480.0
pos18,Middle,12.25,236.37526083272869,11.643223632961039,1198,242.0,479.87692307692305
pos18,Middle,12.333333333333332,236.633391385706,11.042324282268641,800,241.74137931034485,480.0
pos18,Middle,12.416666666666666,235.35439808248225,11.965469846018495,1070,241.94366197183095,479.1578947368421
pos18,Middle,12.5,234.83535729197655,11.234785988143793,957,241.78571428571428,479.41379310344826
pos18,Middle,12.583333333333332,234.3706938405223,11.58483465598703,1029,241.6315789473684,480.2686567164179
pos18,Middle,12.666666666666666,234.14822402615076,11.860303923045095,1135,241.76,480.26
pos18,Middle,12.75,234.1859312095481,11.47525285874379,986,241.75,480.1304347826087
pos18,Middle,12.833333333333332,233.09278831618244,11.306298891475498,1290,241.62337662337663,479.9302325581395
pos18,Middle,12.916666666666666,232.71914887556102,11.540949247740942,1286,242.22222222222223,480.11538461538464
pos18,Middle,13.0,233.0227888314801,11.258518710695597,1272,241.90666666666667,479.6666666666667
pos18,Middle,13.083333333333332,232.82921414003783,11.126240367719443,1287,241.66666666666663,480.1617647058824
pos18,Middle,13.166666666666666,232.97419382179962,11.010656583457049,1298,241.6153846153846,479.875
pos18,Middle,13.25,233.14030766332172,11.016063399518224,1280,241.9125,479.6849315068493
pos18,Middle,13.333333333333332,232.85903853499562,10.71018730031156,1288,241.6984126984127,480.2586206896552
pos18,Middle,13.416666666666666,232.84147286199396,10.793909787693456,1288,242.0,480.2604166666667
pos18,Middle,13.5,232.90201248505494,10.888254044306528,1272,241.8846153846154,480.0
pos18,Middle,13.583333333333332,233.3414360352228,11.092185011788018,1281,241.703125,480.0
pos18,Middle,13.666666666666666,233.73810458086894,10.710267560121112,1290,241.9324324324324,480.0561797752809
pos18,Middle,13.75,233.04236661842472,11.086755698282284,1297,242.0,480.2837837837838
pos18,Middle,13.833333333333332,232.92585387216067,11.05004603960031,1317,241.78947368421052,480.2758620689655
pos18,Middle,13.916666666666666,233.054840160171,10.81376789029913,1313,241.7111111111111,480.0810810810811
pos18,Middle,14.0,232.85375236386008,10.973275561308348,1315,241.98611111111111,480.188679245283
pos18,Middle,14.083333333333332,232.37445438863216,10.652406263055168,1318,241.6931818181818,480.0571428571429
pos18,Middle,14.166666666666666,231.66328773000674,11.091084505007888,1327,241.85185185185185,480.25
pos18,Middle,14.25,231.17886650167557,10.609612042765972,1329,241.6551724137931,480.2
pos18,Middle,14.333333333333332,231.66333981130012,10.679278537410834,1339,241.66666666666663,480.27027027027026
pos18,Middle,14.416666666666666,231.18144555120065,10.681871550176174,1344,242.14583333333337,480.3015873015873
pos18,Middle,14.5,233.4910108257302,11.262572879977009,1008,241.7321428571429,478.8873239436619
pos18,Middle,14.583333333333332,231.9352538151628,11.08984167931087,1311,241.9393939393939,480.0652173913044
pos18,Middle,14.666666666666666,230.81067734168212,10.85393450618468,1347,241.672131147541,480.0
pos18,Middle,14.75,229.85697076390434,10.969697522783019,1337,241.7321428571429,480.11764705882354
pos18,Middle,14.833333333333332,229.79585635191864,10.880530940569981,1354,241.69014084507043,480.2923076923077
pos18,Middle,14.916666666666666,230.0912220862905,10.54714398414261,1306,241.7462686567164,480.0617283950617
pos18,Middle,15.0,230.01192039146707,10.60799581016683,1320,242.33333333333337,480.1904761904762
pos18,Middle,15.083333333333332,229.66595231292177,10.972921754991622,1322,241.6984126984127,480.25757575757575
pos18,Middle,15.166666666666666,230.25750972391455,11.029843797069455,1328,241.71428571428572,480.1333333333333
pos18,Middle,15.25,229.86247252590067,10.696552573620696,1316,241.7,480.1923076923077
pos18,Middle,15.333333333333332,229.976109978804,10.84687271824712,1320,241.6176470588235,480.14864864864865
pos18,Middle,15.416666666666666,229.90850915256473,10.928342698805924,1324,241.88311688311688,480.0921052631579
pos18,Middle,15.5,229.71148590829884,10.553407064018668,1338,241.6984126984127,479.7765957446808
pos18,Middle,15.583333333333332,229.6756510061336,10.51678203428996,1326,241.8,478.890625
pos18,Middle,15.666666666666666,229.59162940700512,10.555073250751065,1329,241.91666666666663,480.2678571428572
pos18,Middle,15.75,229.60044449032986,10.892254203380288,1337,241.9318181818182,480.2352941176471
pos18,Middle,15.833333333333332,229.2179905253225,11.470921184044535,1354,241.92537313432837,480.0
pos18,Middle,15.916666666666666,229.09648095502453,10.970576643264836,1368,241.65384615384616,480.24285714285713
pos18,Middle,16.0,229.16710152625967,11.635089035310374,1379,242.0,480.0
pos18,Middle,16.083333333333332,229.652263291969,11.678806989379753,1377,241.6153846153846,479.9876543209877
pos18,Middle,16.166666666666664,229.33654228593562,12.155958182004802,1375,241.6304347826087,479.84615384615387
pos18,Middle,16.25,229.89591608769305,12.325575732531304,1383,241.92592592592592,479.75
pos18,Middle,16.333333333333332,230.4736141065049,12.22453846306899,1403,242.08333333333337,480.0
pos18,Middle,16.416666666666664,230.13871423333737,11.927134755836336,1408,242.0,480.27272727272725
pos18,Middle,16.5,231.09352829570176,11.59938090716583,1401,241.6712328767123,480.18367346938777
pos18,Middle,16.583333333333332,231.37264342517418,11.619947910351653,1405,241.6769230769231,479.8695652173913
pos18,Middle,16.666666666666664,231.39484633182147,11.205644831371776,1397,241.69230769230768,480.27522935779814
pos18,Middle,16.75,231.19358624362766,11.429659645623722,1411,241.76315789473685,480.14814814814815
pos18,Middle,16.833333333333332,231.59401029680566,11.156769092510377,1409,241.65384615384616,480.2291666666667
pos18,Middle,16.916666666666664,231.2318836472367,11.254536094201198,1400,241.93617021276592,479.780487804878
pos18,Middle,17.0,232.05229879026072,11.14791598332519,1419,241.7924528301887,480.13461538461536
pos18,Middle,17.083333333333332,232.37397894434696,11.262801376882008,1420,241.6865671641791,480.2413793103448
pos18,Middle,17.166666666666664,232.0555602022261,11.398544709543712,1406,241.91379310344828,480.19444444444446
pos18,Middle,17.25,232.33483388984877,10.957083318571476,1420,241.6153846153846,480.1515151515151
pos18,Middle,17.333333333333332,232.97370309134263,11.266459961499072,1423,241.6153846153846,480.0933333333333
pos18,Middle,17.416666666666664,231.71589459981445,11.232196481722012,1429,241.67924528301887,480.1714285714286
pos18,Opening,0.0,565.2375166687095,56.16787490346383,1224,480.52,717.8928571428571
pos18,Opening,0.08333333333333333,544.5972497410644,56.662818835431885,1227,480.5,718.4193548387096
pos18,Opening,0.16666666666666666,533.3976962237823,55.29164169288171,1202,480.5365853658537,717.625
pos18,Opening,0.25,521.5470365122117,55.34859148478015,1196,480.3695652173913,718.1052631578947
pos18,Opening,0.3333333333333333,507.62666018212434,54.30455999519195,1211,480.7413793103448,717.5757575757576
pos18,Opening,0.41666666666666663,493.7624282712314,52.08439060462294,1196,480.46153846153845,718.375
pos18,Opening,0.5,485.5903907677472,50.45051754993896,1208,480.6279069767442,718.15
pos18,Opening,0.5833333333333333,477.18977188412833,47.66902696983532,1171,480.4468085106383,717.5
pos18,Opening,0.6666666666666666,468.02090880580505,49.236314818335565,1210,480.53846153846155,718.8076923076923
pos18,Opening,0.75,457.3104179531813,47.88912376615672,1215,480.3809523809524,718.4102564102565
pos18,Opening,0.8333333333333333,452.4767144525501,47.20728145806837,1239,480.4943820224719,717.65625
pos18,Opening,0.9166666666666666,449.5788416682233,47.44446509087159,1251,480.3333333333333,718.1666666666666
pos18,Opening,1.0,445.2267579727887,47.62950987472896,1257,480.3965517241379,717.7254901960785
pos18,Opening,1.0833333333333333,443.1221554790127,47.786428749109135,1263,480.5955056179775,717.2
pos18,Opening,1.1666666666666665,442.8906033691826,47.83420750832035,1269,480.53846153846155,717.5098039215686
pos18,Opening,1.25,427.92384285782094,46.866021669267745,1265,480.4782608695652,718.3684210526316
pos18,Opening,1.3333333333333333,421.4370353174206,45.68804246808332,1269,480.6333333333333,717.9245283018868
pos18,Opening,1.4166666666666665,417.5779461716846,45.55680982144325,1265,480.7894736842105,718.2142857142857
pos18,Opening,1.5,410.16546367819717,45.871607334080245,1271,480.32307692307694,718.0
pos18,Opening,1.5833333333333333,403.3416720197977,45.60084529277308,1276,480.3695652173913,718.1621621621622
pos18,Opening,1.6666666666666665,402.9618797290605,44.128103124046106,1134,480.6034482758621,717.0625
pos18,Opening,1.75,394.87345507611496,44.02302968957478,1239,480.43589743589746,718.3658536585366
pos18,Opening,1.8333333333333333,390.07281078854413,43.252694089232115,1219,480.4594594594595,716.9384615384615
pos18,Opening,1.9166666666666665,383.4452243685112,41.62097043287316,1216,480.4594594594595,718.3333333333334
pos18,Opening,2.0,378.49226066139425,40.087247773167554,1204,480.8032786885246,718.5294117647059
pos18,Opening,2.083333333333333,374.15264939077525,39.452482578045675,1186,480.5978260869565,717.5277777777778
pos18,Opening,2.1666666666666665,370.59795600497966,39.481469987305395,1179,480.457627118644,717.3695652173913
pos18,Opening,2.25,364.0089448468239,38.08265853796963,1206,480.42857142857144,717.9318181818181
pos18,Opening,2.333333333333333,361.13494495959003,37.95085676997007,1194,480.3134328358209,717.6046511627907
pos18,Opening,2.4166666666666665,354.2450492366242,36.25994435311914,1200,480.4938271604938,718.4285714285714
pos18,Opening,2.5,352.5466098101097,37.745226884152636,1208,480.44827586206895,717.921052631579
pos18,Opening,2.583333333333333,349.42943164119885,36.91432596773718,1038,480.3428571428571,717.7317073170732
pos18,Opening,2.6666666666666665,347.61324019536687,37.8064936416016,1158,480.672131147541,717.223880597015
pos18,Opening,2.75,344.88683736371325,38.71512739593981,1193,480.3833333333333,718.075
pos18,Opening,2.833333333333333,342.2924461740798,37.809136540646335,1205,480.4020618556701,717.8888888888889
pos18,Opening,2.9166666666666665,340.752927922809,37.86320155525723,1192,480.61290322580646,717.7818181818182
pos18,Opening,3.0,339.81439272653483,38.70452779999388,1211,480.5531914893617,718.5945945945946
pos18,Opening,3.083333333333333,339.9641690661958,38.404682743191145,1204,480.56410256410254,718.4193548387096
pos18,Opening,3.1666666666666665,338.00681731105357,38.44291380867019,1214,480.3888888888889,717.5
pos18,Opening,3.25,334.4849266083824,37.44341312533943,1222,480.3333333333333,718.1764705882352
pos18,Opening,3.333333333333333,331.68350146941833,37.98246192208015,1232,480.32608695652175,717.6341463414634
pos18,Opening,3.4166666666666665,331.3195645844073,37.726381112220565,1213,480.8307692307693,718.2564102564103
pos18,Opening,3.5,321.7617814613602,32.03032140113453,987,480.3333333333333,717.030303030303
pos18,Opening,3.583333333333333,320.9192240628694,31.914473267713976,979,480.6279069767442,716.734693877551
pos18,Opening,3.6666666666666665,318.0725847905938,31.58084121755277,1077,480.3372093023256,717.9142857142857
pos18,Opening,3.75,313.9517033539152,33.33370373920049,757,480.4230769230769,717.0
pos18,Opening,3.833333333333333,312.17472889042983,32.43145185495141,873,480.3965517241379,716.95
pos18,Opening,3.9166666666666665,314.3373194670379,34.9322630558892,1196,480.38271604938274,717.5909090909091
pos18,Opening,4.0,311.88984641426254,35.05623443995437,1209,480.4230769230769,717.4285714285714
pos18,Opening,4.083333333333333,311.36469733596397,34.89153901850932,1183,480.5978260869565,717.6666666666666
pos18,Opening,4.166666666666666,309.86196726528067,35.15651793288738,1069,480.33898305084745,718.34375
pos18,Opening,4.25,308.20600146932645,34.53811669565211,1151,480.4102564102564,716.9782608695652
pos18,Opening,4.333333333333333,305.61781252239894,34.41885102477172,1188,480.5978260869565,717.9318181818181
pos18,Opening,4.416666666666666,304.02794476025986,34.78853967288675,1092,480.47222222222223,718.1071428571429
pos18,Opening,4.5,303.1637524970038,35.14980233763681,1193,480.3125,717.4146341463414
pos18,Opening,4.583333333333333,302.0702942955375,35.39854872842581,1164,480.61290322580646,718.063829787234
pos18,Opening,4.666666666666666,299.2236599937568,33.35040674448112,1193,480.5636363636363,718.1538461538462
pos18,Opening,4.75,298.1133601386138,33.87745656154074,1178,480.7916666666667,717.1333333333333
pos18,Opening,4.833333333333333,297.54747770200703,35.4078703526794,1201,480.4363636363637,718.0
pos18,Opening,4.916666666666666,296.83070175937183,35.490812889414364,1081,480.5287356321839,717.7142857142857
pos18,Opening,5.0,296.72118568852727,35.38148941140828,1151,480.5757575757576,717.2127659574468
pos18,Opening,5.083333333333333,297.25707454266467,35.49997059267485,1165,480.44303797468353,717.9310344827586
pos18,Opening,5.166666666666666,298.10545641822097,36.10522208950503,1151,480.5,718.8965517241379
pos18,Opening,5.25,295.7864744071655,34.317864466120284,1004,480.43037974683546,716.8870967741935
pos18,Opening,5.333333333333333,298.3366523631117,36.46448443758422,1170,480.6607142857143,717.9473684210526
pos18,Opening,5.416666666666666,289.2495335298862,28.039663532810415,735,480.35820895522386,717.1969696969697
pos18,Opening,5.5,295.1172845553577,35.38123419941742,1067,480.32307692307694,717.9142857142857
pos18,Opening,5.583333333333333,295.08848943898954,35.61213552437199,1148,480.56,718.4242424242424
pos18,Opening,5.666666666666666,295.3168488237919,36.08318707876041,1195,480.5121951219512,718.551724137931
pos18,Opening,5.75,291.4843158064177,34.63724132624785,1105,480.4390243902439,717.6363636363636
pos18,Opening,5.833333333333333,286.89098122035216,33.75264083385328,1076,480.43859649122805,716.9538461538461
pos18,Opening,5.916666666666666,286.9283534069984,34.77819211900568,1184,480.4590163934426,717.475
pos18,Opening,6.0,285.2579568099777,33.59096964786423,1220,480.4864864864865,717.12
pos18,Opening,6.083333333333333,284.80877495083877,33.906119543182186,1233,480.42857142857144,717.6153846153846
pos18,Opening,6.166666666666666,282.9066207469605,32.587161938350675,1217,480.32142857142856,718.5
pos18,Opening,6.25,282.2798207959546,32.52548489484881,1200,480.4736842105263,717.3695652173913
pos18,Opening,6.333333333333333,281.8954320906037,32.43416112344604,1198,480.7619047619048,718.0
pos18,Opening,6.416666666666666,281.7330069655102,31.9443289855522,1177,480.5698924731183,718.1875
pos18,Opening,6.5,281.6995431567234,31.20896899667029,1163,480.3376623376623,717.8214285714286
pos18,Opening,6.583333333333333,281.2485076985089,33.1737837439492,1156,480.8,717.0454545454545
pos18,Opening,6.666666666666666,281.45567895915946,33.66210083825475,1156,480.640625,717.3863636363636
pos18,Opening,6.75,280.9094819815307,33.673665659877,1154,480.45454545454544,718.2790697674419
pos18,Opening,6.833333333333333,281.32529057793954,33.496409760885776,1153,480.3589743589744,717.4736842105264
pos18,Opening,6.916666666666666,280.477355525834,33.89099669452054,1158,480.5396825396826,718.0
pos18,Opening,7.0,280.8895674002247,33.42481398548228,1173,480.8181818181818,718.0
pos18,Opening,7.083333333333333,280.3374676467297,32.40405997453958,1175,480.4269662921348,717.2916666666666
pos18,Opening,7.166666666666666,279.993573787369,33.04070552503947,1170,480.5,717.1481481481482
pos18,Opening,7.25,280.1174699918245,33.089377116531665,1173,480.3157894736842,718.3255813953489
pos18,Opening,7.333333333333333,281.1595825876863,33.65488885788954,1184,480.3333333333333,718.2368421052631
pos18,Opening,7.416666666666666,281.5475052345673,33.83228420394472,1188,480.4318181818182,718.7241379310345
pos18,Opening,7.5,281.96593108286186,33.267719849188495,1182,480.7586206896552,717.5813953488372
pos18,Opening,7.583333333333333,282.5525056568073,34.130759565822814,1196,480.475,718.0882352941177
pos18,Opening,7.666666666666666,282.9031938048898,34.18105958086827,1194,480.4242424242424,718.0
pos18,Opening,7.75,282.7598204559939,34.07956894454449,1202,480.7037037037037,718.2857142857143
pos18,Opening,7.833333333333333,281.4928092556065,33.069861888522766,1220,480.4363636363637,717.8
pos18,Opening,7.916666666666666,278.5256928439794,32.706562069581516,1228,480.375,718.1162790697674
pos18,Opening,8.0,275.11319416137655,31.93089706199054,1229,480.7169811320755,717.5526315789474
pos18,Opening,8.083333333333332,274.8080423934053,31.61676248410242,1220,480.47058823529414,718.0
pos18,Opening,8.166666666666666,273.45554392730764,30.87040549423513,1198,480.3333333333333,718.5277777777778
pos18,Opening,8.25,272.5468175810806,31.371730409357617,1213,480.57142857142856,718.2045454545455
pos18,Opening,8.333333333333332,272.3106899362236,30.896297305605277,1205,480.5,718.5128205128206
pos18,Opening,8.416666666666666,272.2732823581726,31.039193351792072,1193,480.57142857142856,718.1777777777778
pos18,Opening,8.5,272.2309063658573,31.751804215853,1185,480.4634146341463,718.3225806451613
pos18,Opening,8.583333333333332,271.3734745320604,30.83243119151584,1167,480.75384615384615,717.4117647058823
pos18,Opening,8.666666666666666,271.79941758855705,31.194480788248896,1155,480.9178082191781,717.795918367347
pos18,Opening,8.75,271.5019509394181,31.395612873716015,1158,480.43589743589746,717.5277777777778
pos18,Opening,8.833333333333332,271.4379818543698,31.056562902712916,1146,480.35820895522386,717.0851063829788
pos18,Opening,8.916666666666666,272.48234622332876,32.20743417871961,1138,480.4745762711864,717.1272727272727
pos18,Opening,9.0,273.1123845549005,32.335652944922046,1138,480.34375,718.1224489795918
pos18,Opening,9.083333333333332,272.6426662665824,32.48919577514328,1134,480.4418604651163,717.9285714285714
pos18,Opening,9.166666666666666,272.2425589606153,31.229884421530922,1137,480.6666666666667,718.2962962962963
pos18,Opening,9.25,269.6296792152405,29.745407004143267,854,480.65060240963857,717.4242424242424
pos18,Opening,9.333333333333332,265.3286193680895,28.531003371273343,602,480.5,716.6046511627907
pos18,Opening,9.416666666666666,269.9241199858474,30.292495396696367,861,480.36764705882354,716.765625
pos18,Opening,9.5,269.2135370057786,31.846751233175745,459,480.4827586206897,714.5272727272727
pos18,Opening,9.583333333333332,272.82295917511186,32.35100469565713,1023,480.3529411764706,718.0
pos18,Opening,9.666666666666666,268.3393767010255,30.254664994525285,734,480.8831168831169,716.64
pos18,Opening,9.75,267.92832076759436,30.762208445539255,701,480.42622950819674,716.6865671641791
pos18,Opening,9.833333333333332,266.6284074862515,28.216288464204467,858,480.42857142857144,716.9347826086956
pos18,Opening,9.916666666666666,267.0070457249886,29.954608114859752,869,480.4193548387097,717.9130434782609
pos18,Opening,10.0,267.91442086311343,31.39132414257068,1010,480.6585365853659,717.65625
pos18,Opening,10.083333333333332,267.3440937737674,31.74346345452044,1032,480.42857142857144,717.8333333333334
pos18,Opening,10.166666666666666,260.9432381488185,29.839074046165365,586,480.672131147541,714.375
pos18,Opening,10.25,261.15864781696104,25.215174156718028,765,480.3220338983051,715.9459459459459
pos18,Opening,10.333333333333332,261.11233055450816,26.577244000078185,591,480.6333333333333,717.3333333333334
pos18,Opening,10.416666666666666,258.41062701831385,26.461209004330744,449,480.76,716.5344827586207
pos18,Opening,10.5,262.3328829523376,28.015527137584044,799,480.94827586206895,716.876923076923
pos18,Opening,10.583333333333332,266.21415749193596,31.543963320618744,971,480.86046511627904,717.3898305084746
pos18,Opening,10.666666666666666,264.8324830866608,28.2579328963798,1054,480.42622950819674,717.421875
pos18,Opening,10.75,265.9098656946598,30.00242429092126,1149,480.54545454545456,718.063829787234
pos18,Opening,10.833333333333332,265.7508726599,30.487981982068323,1161,480.7321428571428,718.3333333333334
pos18,Opening,10.916666666666666,266.1632807250744,31.982551318458803,1159,480.5531914893617,718.6190476190476
pos18,Opening,11.0,265.22371425596754,31.644142809128773,1151,480.390625,718.0
pos18,Opening,11.083333333333332,264.4098547220115,31.65353250646755,1146,480.3783783783784,718.0
pos18,Opening,11.166666666666666,264.0714835679538,31.176158496995157,1145,480.42105263157896,717.5882352941177
pos18,Opening,11.25,263.8327049450025,32.70595309948046,1159,480.3333333333333,717.8571428571429
pos18,Opening,11.333333333333332,263.2667752851455,32.28172599672641,1144,481.0,717.7317073170732
pos18,Opening,11.416666666666666,258.7084295979664,26.56581114709104,835,480.5,718.0212765957447
pos18,Opening,11.5,252.76814204899944,21.451315466920803,609,480.42622950819674,715.6625
pos18,Opening,11.583333333333332,263.2656174739021,32.383189682984316,1142,480.35087719298247,718.2926829268292
pos18,Opening,11.666666666666666,263.53164294511214,32.98541198404027,1147,480.3333333333333,717.3939393939394
pos18,Opening,11.75,265.3957800796667,32.69521982964788,1149,480.4594594594595,718.0
pos18,Opening,11.833333333333332,265.9506185926453,34.29896026180671,1149,480.32307692307694,717.936170212766
pos18,Opening,11.916666666666666,267.18176948210964,34.992833299511965,1157,480.5593220338983,718.0
pos18,Opening,12.0,266.51297334153935,34.50968307558793,1172,480.3333333333333,718.7916666666666
pos18,Opening,12.083333333333332,266.4995038609758,32.58280106550601,1159,480.71794871794873,717.0
pos18,Opening,12.166666666666666,265.86652809933787,33.06890740442527,1188,480.4363636363637,717.8461538461538
pos18,Opening,12.25,254.47400199701596,23.20780254998841,489,480.8615384615385,717.0444444444445
pos18,Opening,12.333333333333332,267.7957395082808,32.29738664955209,295,481.87301587301585,717.439024390244
pos18,Opening,12.416666666666666,260.873966483675,27.077821872883295,319,480.3888888888889,716.1818181818181
pos18,Opening,12.5,260.3029442590877,28.381444776618718,301,480.5686274509804,716.1269841269841
pos18,Opening,12.583333333333332,259.40587720908263,25.013257165202948,329,482.22058823529414,716.9591836734694
pos18,Opening,12.666666666666666,251.53017647910326,23.643791797327722,421,480.57142857142856,717.0392156862745
pos18,Opening,12.75,255.22024321375798,25.799863212176056,378,481.3928571428572,715.1857142857143
pos18,Opening,12.833333333333332,257.7274177615267,31.47762128304587,1076,480.4193548387097,717.8095238095239
pos18,Opening,12.916666666666666,260.04936880906587,34.28682481868991,1167,480.5,717.4722222222222
pos18,Opening,13.0,258.9600668316417,31.825307695549817,1066,480.5609756097561,718.3333333333334
pos18,Opening,13.083333333333332,259.5533701023447,30.59974630519394,1166,480.3571428571428,718.65625
pos18,Opening,13.166666666666666,259.59913473219456,30.851486063965478,1168,480.5,717.1538461538462
pos18,Opening,13.25,259.5809717721089,30.406256202617268,1170,480.375,717.2647058823529
pos18,Opening,13.333333333333332,260.08545727426207,31.386141321115943,1162,480.3684210526315,717.55
pos18,Opening,13.416666666666666,261.0193288789172,31.208506093855792,1181,480.54945054945057,718.0
pos18,Opening,13.5,261.3465319887514,32.23386624055828,1193,480.67045454545456,717.3888888888889
pos18,Opening,13.583333333333332,262.4410422138729,32.821180732968905,1202,480.4,717.8571428571429
pos18,Opening,13.666666666666666,262.3484125256931,32.0292848185475,1202,480.3709677419355,717.8695652173913
pos18,Opening,13.75,262.19984626602565,33.77025385242799,1212,480.438202247191,718.2926829268292
pos18,Opening,13.833333333333332,262.090157257354,32.88434591834924,1202,480.3617021276595,718.0
pos18,Opening,13.916666666666666,262.60204240423076,33.967664815811474,1207,480.4230769230769,717.3863636363636
pos18,Opening,14.0,262.45362500212224,32.93484767578452,1225,481.0,718.5405405405405
pos18,Opening,14.083333333333332,261.0736992892822,31.91129231867318,1211,480.4111111111111,717.5
pos18,Opening,14.166666666666666,259.038137965124,30.786308235342542,1221,480.4166666666667,717.65625
pos18,Opening,14.25,258.8890909452788,31.159965039171052,1217,480.3728813559322,718.525
pos18,Opening,14.333333333333332,259.9403588134727,33.2385302708082,1202,480.3939393939394,717.7727272727273
pos18,Opening,14.416666666666666,260.7031613155358,33.79719409564174,1208,480.3965517241379,717.9142857142857
pos18,Opening,14.5,262.97854040178163,30.78106454814176,341,480.54285714285714,716.2592592592592
pos18,Opening,14.583333333333332,252.86335470864037,21.663683183033058,852,480.7826086956522,716.8933333333333
pos18,Opening,14.666666666666666,257.58422234002586,32.02613340992913,1193,480.7413793103448,717.7708333333334
pos18,Opening,14.75,256.8908053875042,31.65901033386499,1214,480.5,717.9
pos18,Opening,14.833333333333332,256.4451510769297,33.03646398023006,1224,480.3529411764706,718.1034482758621
pos18,Opening,14.916666666666666,253.73712489633905,28.271010421383917,1012,480.3953488372093,716.8888888888889
pos18,Opening,15.0,255.3597945801921,29.687454045691904,1156,480.4230769230769,718.1739130434783
pos18,Opening,15.083333333333332,255.27634973408794,29.968909437245784,1214,480.5217391304348,717.7272727272727
pos18,Opening,15.166666666666666,255.63721087690038,30.211633436520227,1217,480.5,718.258064516129
pos18,Opening,15.25,255.7007742956717,30.26501161253721,1165,480.4230769230769,717.5945945945946
pos18,Opening,15.333333333333332,255.68965439987585,29.83731785460382,1209,480.4767441860465,718.2903225806451
pos18,Opening,15.416666666666666,256.7994943099947,31.421240076440597,1210,480.84615384615387,718.0434782608696
pos18,Opening,15.5,256.39783728853894,30.873816617914642,1213,480.3617021276595,718.7407407407408
pos18,Opening,15.583333333333332,257.2072783403072,31.13034809020276,1210,480.3152173913044,718.5862068965517
pos18,Opening,15.666666666666666,256.67084485350955,30.901274191953743,1220,480.36507936507934,718.0
pos18,Opening,15.75,256.3916100074275,31.41930050911488,1198,481.0131578947368,719.0
pos18,Opening,15.833333333333332,256.22351649759787,31.15234175679391,1214,480.3544303797468,717.6071428571429
pos18,Opening,15.916666666666666,255.49101166159647,30.10736260940835,1219,480.3492063492063,718.2424242424242
pos18,Opening,16.0,254.486698877579,30.863186526343597,1220,480.40816326530614,717.547619047619
pos18,Opening,16.083333333333332,255.1689155520965,31.003167336677315,1230,480.3974358974359,718.0
pos18,Opening,16.166666666666664,254.53238351256095,30.760746285703075,1241,480.5,718.0769230769231
pos18,Opening,16.25,254.56987408071248,31.01413610147392,1239,480.3269230769231,718.4193548387096
pos18,Opening,16.333333333333332,254.08031424643093,30.135487370782986,1231,480.7111111111111,718.1470588235294
pos18,Opening,16.416666666666664,254.72985062448467,30.807443291002205,1254,480.4693877551021,717.5434782608696
pos18,Opening,16.5,254.39216811877554,30.64468159076216,1246,480.37142857142857,718.3225806451613
pos18,Opening,16.583333333333332,255.0828989031684,30.85494186236459,1249,480.72222222222223,718.0
pos18,Opening,16.666666666666664,255.47164915348196,29.945012406552088,1252,480.4166666666667,718.5
pos18,Opening,16.75,255.57586920818602,30.146632536851104,1250,480.6216216216216,717.8333333333334
pos18,Opening,16.833333333333332,255.66377095644,30.0190028004357,1248,480.58181818181816,717.8055555555555
pos18,Opening,16.916666666666664,256.3188374419978,30.41392351277422,1267,480.5,718.92
pos18,Opening,17.0,256.45194584551473,31.405320035321882,1267,480.5,718.1
pos18,Opening,17.083333333333332,257.3848776884473,31.705037431585623,1261,480.7692307692308,718.0
pos18,Opening,17.166666666666664,257.0749715721156,30.98620806840578,1240,480.5757575757576,718.3076923076923
pos18,Opening,17.25,256.528094408111,30.139662216287128,1254,480.50943396226415,718.7096774193549
pos18,Opening,17.333333333333332,256.9772719019661,30.27023098494527,1262,480.7118644067797,717.9047619047619
pos18,Opening,17.416666666666664,256.7568530595683,30.71136787753798,1263,480.5,718.0
pos19,Back,0.0,610.0883930408418,72.28494082617378,1281,4.153846153846154,240.41666666666663
pos19,Back,0.08333333333333333,589.1491564507443,70.93386939380967,1288,4.0,241.3571428571429
pos19,Back,0.16666666666666666,576.5893033309516,68.61778034637663,1279,4.0,241.34246575342465
pos19,Back,0.25,563.5006444715234,65.62149667186092,1265,4.132075471698113,241.21428571428572
pos19,Back,0.3333333333333333,553.815861496876,64.73386881559438,1341,4.435897435897436,241.1851851851852
pos19,Back,0.41666666666666663,543.925991885492,63.57995216197756,1322,3.7804878048780486,241.0810810810811
pos19,Back,0.5,532.3149177713719,60.94363356495512,1359,5.0,241.26732673267327
pos19,Back,0.5833333333333333,521.2948099193621,60.62128670658827,1319,4.276595744680851,241.54761904761904
pos19,Back,0.6666666666666666,513.0946255219346,59.41659685515573,1311,4.0,241.47272727272727
pos19,Back,0.75,505.1971827867197,58.39286424320546,1259,4.0,241.5
pos19,Back,0.8333333333333333,496.79718777433646,56.61772358620288,1270,3.3823529411764706,241.6034482758621
pos19,Back,0.9166666666666666,490.90841993359953,56.58657893995348,1274,4.639344262295082,241.42857142857144
pos19,Back,1.0,485.15970492337016,57.21447775225261,1304,4.0,241.421875
pos19,Back,1.0833333333333333,476.7588911870452,54.77564334243137,1264,4.435483870967742,241.5185185185185
pos19,Back,1.1666666666666665,470.5705155592996,54.15870196345194,1271,4.288461538461538,241.5
pos19,Back,1.25,462.71213776260777,56.082417251909895,1296,4.4576271186440675,241.29787234042553
pos19,Back,1.3333333333333333,450.2569437662429,52.670660988543524,1310,4.396551724137931,241.5806451612903
pos19,Back,1.4166666666666665,442.3604290535782,51.39498603625008,1303,4.625,241.51724137931035
pos19,Back,1.5,430.8278507898849,49.36023088820905,1285,3.7954545454545454,241.5737704918033
pos19,Back,1.5833333333333333,420.2031756828118,47.63290756173371,1289,4.517241379310345,241.5806451612903
pos19,Back,1.6666666666666665,410.4747299292381,45.78331147705093,1313,4.5,241.4193548387097
pos19,Back,1.75,402.3100438703664,43.787444556764854,1316,4.709677419354839,241.6034482758621
pos19,Back,1.8333333333333333,396.6645027094406,44.045138153823196,1266,4.578125,241.5
pos19,Back,1.9166666666666665,390.4817761326469,42.68366021007453,1243,4.578125,241.54761904761904
pos19,Back,2.0,386.5934308175778,42.87231031816022,1243,4.878787878787879,241.44
pos19,Back,2.083333333333333,379.73880461286603,40.76054938800141,1213,4.5,241.55555555555551
pos19,Back,2.1666666666666665,375.94003068665216,41.37768274294744,1258,5.182926829268292,241.19444444444449
pos19,Back,2.25,370.07441708605324,39.53715513229552,1217,3.909090909090909,241.54761904761904
pos19,Back,2.333333333333333,363.932051396332,39.19010096758746,1148,5.22093023255814,241.2253521126761
pos19,Back,2.4166666666666665,358.44762444664286,39.771670524419406,1157,4.0,241.5813953488372
pos19,Back,2.5,352.34025789680237,36.622255197668956,1246,5.571428571428571,241.61111111111111
pos19,Back,2.583333333333333,347.8071044326823,35.78709435840362,1360,4.698412698412699,241.42857142857144
pos19,Back,2.6666666666666665,343.8436043636289,35.226968274833645,1388,4.986486486486487,241.18840579710144
pos19,Back,2.75,339.6622371526138,34.34073766997165,1390,4.589285714285714,241.5744680851064
pos19,Back,2.833333333333333,334.3999494851936,33.89834259460041,1418,4.404761904761905,241.42857142857144
pos19,Back,2.9166666666666665,329.87932983024444,33.33135154595131,1356,4.30188679245283,241.54545454545453
pos19,Back,3.0,328.0219727128519,33.59402602453756,1262,4.0,241.5
pos19,Back,3.083333333333333,326.04400723142174,33.02122180245621,1269,4.796610169491525,241.34615384615384
pos19,Back,3.1666666666666665,323.45003217647553,31.45733287995065,1263,4.218181818181818,241.5
pos19,Back,3.25,318.49619844732393,30.529473097319187,1295,3.9210526315789473,241.36666666666667
pos19,Back,3.333333333333333,314.59953454702065,29.22944613314088,1404,4.551724137931035,241.6081081081081
pos19,Back,3.4166666666666665,312.189046516042,28.49555678027203,1381,4.639344262295082,241.39583333333337
pos19,Back,3.5,306.10003184798904,27.882820708613426,1286,4.681818181818182,241.5806451612903
pos19,Back,3.583333333333333,302.092257247698,27.675991510685687,1255,3.8461538461538463,241.5
pos19,Back,3.6666666666666665,297.07566198758656,25.352017153994584,1310,4.454545454545454,241.5
pos19,Back,3.75,294.01091348740505,24.246482320764873,1382,3.8378378378378377,241.35087719298247
pos19,Back,3.833333333333333,290.82548402443945,23.220265079625364,1364,4.921568627450981,241.44444444444449
pos19,Back,3.9166666666666665,288.6072868086138,22.525777506559116,1377,4.482758620689655,241.5
pos19,Back,4.0,285.4771914558658,22.113370120623504,1347,4.065217391304348,241.60377358490567
pos19,Back,4.083333333333333,282.92669881949513,21.9146891690963,1257,4.395348837209302,241.43589743589743
pos19,Back,4.166666666666666,280.46043375329987,20.68681688425665,1288,4.59375,241.16176470588235
pos19,Back,4.25,277.6619561615869,20.137764003257434,1327,5.081081081081081,241.3625
pos19,Back,4.333333333333333,275.3532790908144,19.312208088398716,1128,4.775862068965517,241.5
pos19,Back,4.416666666666666,273.6141231560818,18.453813950461157,1219,3.5357142857142856,241.52631578947367
pos19,Back,4.5,271.09852624023375,17.94952904717424,1173,4.694915254237288,241.59420289855072
pos19,Back,4.583333333333333,268.98868493438164,17.29303711418797,1224,4.1395348837209305,241.5
pos19,Back,4.666666666666666,267.8856551424586,16.370979274825473,1162,4.068181818181818,241.6031746031746
pos19,Back,4.75,267.0517270285756,16.216593356354863,1250,3.978723404255319,241.56363636363636
pos19,Back,4.833333333333333,265.7041308613473,15.879860650913841,1322,3.962962962962963,241.4262295081967
pos19,Back,4.916666666666666,264.7225114934031,15.98084348994002,1358,4.2,241.45555555555555
pos19,Back,5.0,264.2426283154858,15.283423050591036,1351,3.941176470588235,241.50819672131144
pos19,Back,5.083333333333333,263.30118293656847,15.07181914437732,1215,4.235294117647059,241.14457831325305
pos19,Back,5.166666666666666,262.74490981108886,15.102283217416309,1306,4.327272727272727,241.19298245614036
pos19,Back,5.25,259.7588759022003,13.909852683652487,1261,4.741935483870968,241.3875
pos19,Back,5.333333333333333,259.10798873596144,13.718090652020159,1242,5.106060606060606,241.5
pos19,Back,5.416666666666666,257.36316367296786,13.247068640240679,1250,4.6875,241.56666666666663
pos19,Back,5.5,255.91801753154448,13.297879740395459,1377,5.0,241.56521739130432
pos19,Back,5.583333333333333,255.23914047928088,12.574440774981978,1246,3.4594594594594597,241.04761904761904
pos19,Back,5.666666666666666,255.37909300633072,13.430498578042629,1377,4.666666666666667,241.5
pos19,Back,5.75,253.43345007196618,13.274694964587257,1372,4.482758620689655,241.1764705882353
pos19,Back,5.833333333333333,252.69453584045343,12.86632231526619,1363,3.303030303030303,241.3015873015873
pos19,Back,5.916666666666666,251.0192495449178,12.331663428870915,1347,4.341463414634147,241.30769230769232
pos19,Back,6.0,250.82703365433318,12.226747509680681,1356,4.333333333333333,241.55
pos19,Back,6.083333333333333,249.97987032165653,11.660059952623323,1116,4.153846153846154,241.5
pos19,Back,6.166666666666666,249.12263853405307,11.897674770455698,1335,4.0,241.50943396226415
pos19,Back,6.25,248.14162142109444,11.548001660551572,1222,4.113636363636363,241.5
pos19,Back,6.333333333333333,247.16494383311462,11.419423370092614,1210,4.242424242424242,241.45882352941177
pos19,Back,6.416666666666666,246.96507326454048,11.310497029886386,1330,4.155555555555556,241.21176470588236
pos19,Back,6.5,246.65421177191342,10.86429805869163,1250,4.901408450704225,241.41666666666663
pos19,Back,6.583333333333333,245.03736666806086,11.029180877234056,1311,3.775,241.561797752809
pos19,Back,6.666666666666666,245.09143550361281,11.036215942560927,1317,3.657142857142857,241.5806451612903
pos19,Back,6.75,243.74137299071907,10.968289438027162,1332,3.6,241.41379310344828
pos19,Back,6.833333333333333,243.4701651129628,11.029459054277392,1333,3.789473684210526,241.27710843373495
pos19,Back,6.916666666666666,243.37034148440404,10.829481592201827,1318,4.559322033898305,241.55
pos19,Back,7.0,242.45024059355725,10.34207603285089,1314,4.808219178082192,241.5569620253165
pos19,Back,7.083333333333333,242.5294479308221,10.939624791487205,1326,4.706896551724138,241.32432432432432
pos19,Back,7.166666666666666,242.70839354405103,10.840150977820947,1308,4.833333333333333,241.5
pos19,Back,7.25,242.8698212261454,11.071647958902792,1309,5.211538461538462,241.47692307692307
pos19,Back,7.333333333333333,242.6339607571233,10.991990392641865,1321,4.589285714285714,241.39705882352945
pos19,Back,7.416666666666666,242.33243827947086,10.55247140033585,1311,4.394736842105263,241.3793103448276
pos19,Back,7.5,243.43475468207495,11.818046806067882,1323,4.0,241.54237288135593
pos19,Back,7.583333333333333,244.62100447863313,11.273217499566163,1320,3.877551020408163,241.15384615384616
pos19,Back,7.666666666666666,244.66834596066013,11.124868202763752,1324,4.970588235294118,241.58823529411765
pos19,Back,7.75,244.73638707779648,11.39332632898143,1328,4.681818181818182,241.2467532467533
pos19,Back,7.833333333333333,243.97047732388222,11.181129311891254,1314,4.53030303030303,241.40540540540545
pos19,Back,7.916666666666666,243.3737130196911,11.628888748639092,1321,4.086956521739131,241.52238805970148
pos19,Back,8.0,241.9623283220581,10.559772801131274,1330,4.741935483870968,241.23232323232324
pos19,Back,8.083333333333332,241.26054826499865,10.380040518139056,1313,4.133333333333334,241.57575757575756
pos19,Back,8.166666666666666,240.97140301297128,10.288050406168278,1294,4.2,241.171875
pos19,Back,8.25,239.73167083550268,10.397565928319484,1281,3.75,241.3965517241379
pos19,Back,8.333333333333332,240.24794360026695,10.676068935556481,1261,4.173913043478261,241.0
pos19,Back,8.416666666666666,239.21154017657767,10.565308246293206,1288,4.28,241.32432432432432
pos19,Back,8.5,239.16632688239258,10.25255381487214,1303,4.533333333333333,241.23636363636365
pos19,Back,8.583333333333332,239.06642070288743,10.781940730869206,1297,4.25,241.58333333333337
pos19,Back,8.666666666666666,238.88566033086676,10.313718836185883,1280,3.3823529411764706,241.26666666666668
pos19,Back,8.75,238.51896325540707,9.841731006645148,1269,4.387096774193548,241.53846153846155
pos19,Back,8.833333333333332,238.7692949449437,9.98549656508615,1239,3.6857142857142855,240.98387096774192
pos19,Back,8.916666666666666,239.4964394367492,10.464181692502397,1245,4.396551724137931,241.48
pos19,Back,9.0,238.44311017145682,9.698236360726478,1198,5.068965517241379,241.42105263157896
pos19,Back,9.083333333333332,238.75291259079646,9.675956336527355,1225,4.224489795918367,241.3793103448276
pos19,Back,9.166666666666666,238.71466237855188,10.297321605616462,1247,4.464285714285714,241.6034482758621
pos19,Back,9.25,238.65019830761304,9.885238098672472,1249,5.44,241.60227272727272
pos19,Back,9.333333333333332,238.45637067577806,9.916199404920325,1267,4.628571428571429,241.5
pos19,Back,9.416666666666666,238.39183619849342,9.859998145288875,1253,4.9753086419753085,241.4468085106383
pos19,Back,9.5,238.36836672005802,9.746898904100712,1235,4.673469387755102,241.54166666666663
pos19,Back,9.583333333333332,238.97479477230084,10.886897821450976,1286,4.588235294117647,241.36363636363637
pos19,Back,9.666666666666666,238.9914069072068,10.191205833861815,1283,3.4722222222222223,241.4891304347826
pos19,Back,9.75,238.80699005014705,9.807361493023626,1124,4.0,241.2906976744186
pos19,Back,9.833333333333332,238.8048116873165,9.901091059152394,1245,4.296296296296297,241.0806451612903
pos19,Back,9.916666666666666,238.02481173869845,9.83361775676594,1223,3.4285714285714284,241.42105263157896
pos19,Back,10.0,237.46231569835345,9.836699148732379,1289,4.7272727272727275,241.54761904761904
pos19,Back,10.083333333333332,236.53058312888695,9.45824582244987,1285,4.583333333333333,241.5
pos19,Back,10.166666666666666,236.1599761671632,9.769832659790254,1258,3.5142857142857142,241.47692307692307
pos19,Back,10.25,235.8436942029877,10.004348438040264,1292,4.714285714285714,241.5421686746988
pos19,Back,10.333333333333332,236.7502637545751,9.979437257694643,1294,3.86046511627907,241.58333333333337
pos19,Back,10.416666666666666,235.0772824598707,10.311356996906625,1287,4.603448275862069,241.57647058823528
pos19,Back,10.5,234.8111151482282,9.777512798781064,1266,4.5,241.39583333333337
pos19,Back,10.583333333333332,235.11750940002764,10.097767635895453,1267,4.620689655172414,241.6034482758621
pos19,Back,10.666666666666666,235.38076105976566,9.786466900704992,1266,3.4594594594594597,241.45098039215685
pos19,Back,10.75,235.37530137937503,10.165066278920367,1267,4.5,241.4126984126984
pos19,Back,10.833333333333332,234.4182773391373,9.37923655299134,1276,4.4576271186440675,241.47272727272727
pos19,Back,10.916666666666666,234.61737659040932,9.561160926080973,1278,4.915492957746479,241.42105263157896
pos19,Back,11.0,233.9071696200417,9.389071670478856,1261,4.553846153846154,241.5744680851064
pos19,Back,11.083333333333332,234.0368144888656,9.169900170878716,1265,4.848484848484849,241.60655737704917
pos19,Back,11.166666666666666,233.91451200557032,9.320771129622461,1281,4.553191489361702,241.5
pos19,Back,11.25,233.45453525820164,9.209147125888217,1224,4.780487804878049,241.5
pos19,Back,11.333333333333332,234.13273937137035,9.433125628159793,1257,4.75,241.4
pos19,Back,11.416666666666666,233.66034318629636,8.969239111892529,1188,3.909090909090909,241.5609756097561
pos19,Back,11.5,234.09520603772185,9.772502545028587,1302,4.5,241.53061224489795
pos19,Back,11.583333333333332,233.50159093166087,9.022013170827492,1303,4.890410958904109,241.5806451612903
pos19,Back,11.666666666666666,233.2824985471162,9.570857554006293,1303,4.0,241.30357142857144
pos19,Back,11.75,233.10295264013234,9.359945226819065,1277,4.720588235294118,241.4255319148936
pos19,Back,11.833333333333332,232.68350513696487,9.542653654837821,1305,4.388888888888889,241.59459459459455
pos19,Back,11.916666666666666,232.38803758479995,9.300277236646986,1289,4.0,241.52
pos19,Back,12.0,232.75257107441993,9.372193974187576,1295,4.0,241.47916666666663
pos19,Back,12.083333333333332,232.51829986829276,9.428423446719563,1282,3.5757575757575757,241.11320754716985
pos19,Back,12.166666666666666,232.4999312461592,9.299138972924261,1270,4.25,241.3965517241379
pos19,Back,12.25,232.3213172835428,9.270911598287729,1299,3.8958333333333335,241.42045454545453
pos19,Back,12.333333333333332,231.7192028419356,9.394462624046765,1321,4.320754716981132,241.5
pos19,Back,12.416666666666666,231.7372306283171,9.750836095476314,1322,4.145833333333333,241.6034482758621
pos19,Back,12.5,232.32579785872352,9.832398640350302,1318,3.642857142857143,241.53571428571428
pos19,Back,12.583333333333332,231.31894582015332,9.136329167787183,1311,4.534883720930233,241.56363636363636
pos19,Back,12.666666666666666,230.79874964171805,9.078928818146615,1292,4.47457627118644,241.30882352941177
pos19,Back,12.75,230.0896448573875,8.80055590969398,1283,4.753846153846154,241.5897435897436
pos19,Back,12.833333333333332,231.57148400731498,9.705732363571624,1313,4.3,241.4821428571429
pos19,Back,12.916666666666666,230.28317282057455,9.143832536676339,1313,3.4166666666666665,241.56521739130432
pos19,Back,13.0,230.33459729896524,9.062174040247106,1298,4.947368421052632,241.5
pos19,Back,13.083333333333332,231.05046420000892,9.728677670135857,1314,3.9318181818181817,241.55
pos19,Back,13.166666666666666,230.16830739264512,9.120501979418544,1316,5.0,241.50632911392404
pos19,Back,13.25,230.49711910687543,9.421033829345289,1311,4.5,241.57575757575756
pos19,Back,13.333333333333332,230.33364618015446,9.405850835702527,1307,4.482758620689655,240.65384615384616
pos19,Back,13.416666666666666,230.12346402722324,9.507025825149361,1326,4.313725490196078,241.5
pos19,Back,13.5,229.73957590566,9.382838823944711,1325,4.825396825396825,241.5
pos19,Back,13.583333333333332,229.56492391402546,9.674002406076573,1339,4.275862068965517,241.52325581395348
pos19,Back,13.666666666666666,229.60184771125452,9.261107099895808,1342,4.452830188679245,241.4406779661017
pos19,Back,13.75,229.51341646022277,9.534599981640588,1336,4.39344262295082,241.47619047619048
pos19,Back,13.833333333333332,229.6979212395379,9.514331227574822,1332,4.825396825396825,241.50943396226415
pos19,Back,13.916666666666666,229.0189507662247,8.911093318370595,1334,3.8461538461538463,241.28301886792457
pos19,Back,14.0,229.54720734098984,8.83192084478706,1329,4.714285714285714,241.40740740740745
pos19,Back,14.083333333333332,228.7045400267968,8.662090000056569,1305,4.535714285714286,241.43396226415095
pos19,Back,14.166666666666666,228.72227163772519,8.978770468623901,1336,4.5,241.48275862068965
pos19,Back,14.25,229.36536787209744,8.939024850870856,1308,5.0,241.54545454545453
pos19,Back,14.333333333333332,229.16247713477821,8.712238602003913,1275,3.769230769230769,241.5483870967742
pos19,Back,14.416666666666666,228.85752653980632,8.930377739364687,1283,4.78125,241.47272727272727
pos19,Back,14.5,228.61510792673786,8.434205834940615,1320,4.0,241.51315789473685
pos19,Back,14.583333333333332,229.10271067506937,8.914033845294941,1290,4.516129032258065,241.54545454545453
pos19,Back,14.666666666666666,228.78440851148193,9.117214822617873,1338,4.9,241.52325581395348
pos19,Back,14.75,228.7828812806151,9.032962377323258,1336,4.25,241.2388059701493
pos19,Back,14.833333333333332,228.66990815461372,8.880057401456455,1318,5.211538461538462,241.5051546391753
pos19,Back,14.916666666666666,228.3303760779749,8.996068628755927,1341,5.0,241.58333333333337
pos19,Back,15.0,227.52753310278788,8.575562778934188,1307,4.914634146341464,241.46511627906975
pos19,Back,15.083333333333332,227.76327021454372,8.632094186178977,1335,5.0,241.55
pos19,Back,15.166666666666666,227.85807124239878,8.786082714120827,1341,4.625,241.5
pos19,Back,15.25,227.70262282877397,9.176960966502975,1363,3.763157894736842,241.5
pos19,Back,15.333333333333332,227.35991040445103,8.646046260875965,1363,4.571428571428571,241.5737704918033
pos19,Back,15.416666666666666,227.62988418088003,8.630748207721862,1336,4.8933333333333335,241.50877192982455
pos19,Back,15.5,227.3604442425689,8.471330685235682,1339,4.215686274509804,241.5
pos19,Back,15.583333333333332,226.917703457674,8.120120820720475,1324,3.7083333333333335,241.61111111111111
pos19,Back,15.666666666666666,227.42455092016306,8.177053784689749,1304,4.573770491803279,241.3965517241379
pos19,Back,15.75,227.83701368354212,8.597094944401965,1340,3.7804878048780486,241.5897435897436
pos19,Back,15.833333333333332,227.96310162031264,8.366180542859418,1302,3.9318181818181817,241.57894736842104
pos19,Back,15.916666666666666,228.37302201475381,8.674005940447126,1335,4.020833333333333,241.56666666666663
pos19,Back,16.0,227.85765497198344,8.419437164785654,1292,4.545454545454546,241.5
pos19,Back,16.083333333333332,228.30345346654053,8.29961623442562,1323,4.2368421052631575,241.56666666666663
pos19,Back,16.166666666666664,228.13129263781119,8.738099060995244,1339,5.396551724137931,241.24193548387095
pos19,Back,16.25,228.57339832692048,8.536703657488907,1326,4.391304347826087,241.6046511627907
pos19,Back,16.333333333333332,229.1630081969389,8.816205694424678,1303,5.438356164383562,241.11111111111111
pos19,Back,16.416666666666664,229.33170046680317,8.413518396555554,1347,5.545454545454546,241.56338028169017
pos19,Back,16.5,229.62021519293953,8.552651685007689,1325,4.620689655172414,241.50819672131144
pos19,Back,16.583333333333332,230.0377798582455,8.63427453359285,1354,4.553191489361702,241.57575757575756
pos19,Back,16.666666666666664,231.0437003400819,8.782329271545596,1335,4.982758620689655,241.55172413793105
pos19,Back,16.75,231.13753840795638,8.638842025240038,1312,5.396551724137931,241.6078431372549
pos19,Back,16.833333333333332,231.00543866427455,8.827756827633888,1340,4.2368421052631575,241.38202247191012
pos19,Back,16.916666666666664,231.3382030366789,8.956541275937663,1346,4.387755102040816,241.35294117647055
pos19,Back,17.0,231.24625274284347,8.84437400923388,1378,4.153846153846154,241.1489361702128
pos19,Back,17.083333333333332,231.3274327727761,9.018302404474866,1365,4.612244897959184,241.5
pos19,Back,17.166666666666664,231.86830415370858,8.798268684051653,1356,4.584905660377358,241.5
pos19,Back,17.25,232.09772997945674,8.776041806083532,1366,4.934782608695652,241.56666666666663
pos19,Back,17.333333333333332,232.44162211936975,8.82080133647634,1335,4.620689655172414,241.2948717948718
pos19,Back,17.416666666666664,231.45543323103354,8.907505792226983,1363,4.0,241.19117647058823
pos19,Middle,0.0,555.5537371130148,68.18307654562862,1342,241.6727272727273,480.0519480519481
pos19,Middle,0.08333333333333333,538.4035604221976,64.79038434633294,1368,241.71764705882353,479.93975903614455
pos19,Middle,0.16666666666666666,523.1057462530397,64.55944317422144,1291,241.65384615384616,480.0816326530612
pos19,Middle,0.25,512.9593685685238,60.857368425434004,1359,241.89583333333337,480.2894736842105
pos19,Middle,0.3333333333333333,498.21380346932915,63.183079135320625,1152,242.40677966101697,480.2307692307692
pos19,Middle,0.41666666666666663,488.7996384407667,62.04609700012354,1220,241.6764705882353,480.2535211267606
pos19,Middle,0.5,479.611031993187,60.37426424496665,1157,242.25,480.2758620689655
pos19,Middle,0.5833333333333333,469.7180591176303,57.316746936464654,1217,241.73170731707316,479.85185185185185
pos19,Middle,0.6666666666666666,462.2717485272694,54.91515586417003,1195,241.65714285714284,479.4561403508772
pos19,Middle,0.75,458.5465900884509,54.82501046001442,1252,241.72727272727272,479.34939759036143
pos19,Middle,0.8333333333333333,454.9223744564802,52.62698522714179,1337,241.7826086956522,480.0
pos19,Middle,0.9166666666666666,447.96305714379713,51.77207675979963,1298,241.8235294117647,480.2173913043478
pos19,Middle,1.0,443.1690964697311,52.08531661907947,1243,241.72164948453607,480.1940298507463
pos19,Middle,1.0833333333333333,439.2984408897017,49.68661744975019,1337,241.77777777777777,480.30232558139534
pos19,Middle,1.1666666666666665,435.735015470275,49.319720554609646,1372,241.71621621621625,480.2972972972973
pos19,Middle,1.25,427.1509450683005,49.09873131474696,1326,241.68571428571428,480.1506849315069
pos19,Middle,1.3333333333333333,420.96482450552094,47.781943667494154,1395,241.7,480.1095890410959
pos19,Middle,1.4166666666666665,410.56505807962463,46.44372369929808,1360,242.0,480.26
pos19,Middle,1.5,403.757802103481,44.52448214707739,1374,241.72727272727272,480.20338983050846
pos19,Middle,1.5833333333333333,393.54451280634316,42.14278177260667,1368,241.68421052631575,480.22222222222223
pos19,Middle,1.6666666666666665,387.8692529012333,40.62801950707979,1391,241.6818181818182,480.1940298507463
pos19,Middle,1.75,380.2854406396286,38.72443759586077,1367,241.703125,480.25
pos19,Middle,1.8333333333333333,372.56038503960855,36.94313879156149,1336,241.67857142857144,480.2
pos19,Middle,1.9166666666666665,366.43819476776497,35.491613263088645,1310,241.8181818181818,480.2962962962963
pos19,Middle,2.0,360.23240400834976,34.77277862018587,1260,241.875,480.2888888888889
pos19,Middle,2.083333333333333,355.5732484125744,33.77160048953915,1317,241.6382978723404,480.0754716981132
pos19,Middle,2.1666666666666665,348.9070661910606,33.21713040428398,1240,242.2372881355932,480.2962962962963
pos19,Middle,2.25,344.922189612106,32.322063443759056,1245,241.75,480.3015873015873
pos19,Middle,2.333333333333333,341.0507153689304,31.487349234329688,1312,241.9,479.7413793103448
pos19,Middle,2.4166666666666665,334.8902865027294,29.960831295397462,1249,241.8641975308642,479.5
pos19,Middle,2.5,331.83711368308093,29.281425651014196,1327,241.69230769230768,480.1555555555556
pos19,Middle,2.583333333333333,329.4168934061901,29.294916924915853,1317,241.75,480.2352941176471
pos19,Middle,2.6666666666666665,326.47115479142013,28.862984843784847,1343,242.0,480.0
pos19,Middle,2.75,325.5104016242073,29.021184070967518,1324,241.79545454545453,480.22222222222223
pos19,Middle,2.833333333333333,322.80037350166975,28.697402780624532,1336,241.92592592592592,480.2307692307692
pos19,Middle,2.9166666666666665,318.80604641129133,27.99456061070165,1337,241.75675675675672,480.1617647058824
pos19,Middle,3.0,315.82215872915083,26.720380998407798,1321,241.77272727272728,480.2763157894737
pos19,Middle,3.083333333333333,314.1846557832555,27.267926844830928,1296,241.6769230769231,480.2962962962963
pos19,Middle,3.1666666666666665,313.145286672882,25.967322113168883,1338,241.73493975903617,480.2
pos19,Middle,3.25,308.18028793563815,25.676834460064928,1365,241.71428571428572,479.7536231884058
pos19,Middle,3.333333333333333,307.1304677118704,25.505960947479693,1371,241.64583333333337,479.9066666666667
pos19,Middle,3.4166666666666665,305.11282143037675,25.39798117732236,1360,241.72093023255815,480.1194029850746
pos19,Middle,3.5,299.8383768283516,24.122326263561643,1343,242.0,480.2054794520548
pos19,Middle,3.583333333333333,296.32295986987594,23.809758743067846,1307,242.4318181818182,479.23333333333335
pos19,Middle,3.6666666666666665,295.0836406021431,23.15264673454901,1356,241.7377049180328,479.7692307692308
pos19,Middle,3.75,293.0927028416147,22.910950603806654,1352,241.8653846153846,480.2608695652174
pos19,Middle,3.833333333333333,290.2446425659879,22.860305122127208,1338,241.88888888888889,480.1194029850746
pos19,Middle,3.9166666666666665,289.29227481123127,22.421362517971847,1331,241.64705882352945,480.27450980392155
pos19,Middle,4.0,286.1208350396213,21.189802878637103,1331,242.07407407407408,480.1929824561403
pos19,Middle,4.083333333333333,282.888496433874,20.169377109377052,1339,241.72222222222223,480.2586206896552
pos19,Middle,4.166666666666666,280.55884379378824,19.719373226245104,1325,241.6818181818182,480.1159420289855
pos19,Middle,4.25,278.2890279376172,19.028458011260675,1315,241.61971830985917,480.0
pos19,Middle,4.333333333333333,275.4850621389436,18.623356002600318,1276,241.68571428571428,480.0
pos19,Middle,4.416666666666666,274.3422828149992,18.612930072494144,1299,241.64705882352945,480.15384615384613
pos19,Middle,4.5,271.92985380590824,17.246723218740577,1290,241.66666666666663,480.0131578947368
pos19,Middle,4.583333333333333,270.19844850184836,16.311418464264477,1290,242.0,480.0
pos19,Middle,4.666666666666666,269.25739475830045,15.377481228862651,1292,241.71428571428572,480.2368421052632
pos19,Middle,4.75,268.7698298954306,15.428728309093476,1292,242.1489361702128,480.2368421052632
pos19,Middle,4.833333333333333,268.81171638416225,15.584049636630183,1298,241.9438202247191,479.75
pos19,Middle,4.916666666666666,268.3508131048797,15.191418896138172,1318,241.75,479.95238095238096
pos19,Middle,5.0,267.5775323445067,14.93502091556233,1322,241.6875,480.1149425287357
pos19,Middle,5.083333333333333,266.756572711763,14.352314822569536,1314,241.63636363636363,480.1489361702128
pos19,Middle,5.166666666666666,266.2887469996619,14.24583025274786,1327,241.83516483516485,479.93939393939394
pos19,Middle,5.25,263.777811909356,13.534668485872183,1327,241.79591836734693,480.25
pos19,Middle,5.333333333333333,262.4440927115998,13.091992129768304,1336,241.77272727272728,480.1818181818182
pos19,Middle,5.416666666666666,261.0197106453833,12.937914532179718,1328,241.8,480.0
pos19,Middle,5.5,260.9290733849223,13.432259494880164,1345,241.65714285714284,480.1470588235294
pos19,Middle,5.583333333333333,259.3945009948956,13.0847571050524,1334,241.94285714285715,480.02941176470586
pos19,Middle,5.666666666666666,261.17634609409544,13.849525744354652,1259,241.75757575757575,480.0869565217391
pos19,Middle,5.75,258.65308030422364,13.326116652927478,1320,241.76315789473685,480.27027027027026
pos19,Middle,5.833333333333333,257.2428333200727,13.17964236317854,1314,241.71428571428572,480.0681818181818
pos19,Middle,5.916666666666666,255.29937463514634,12.106321857662971,1329,241.65625,480.1851851851851
pos19,Middle,6.0,254.02729913040753,12.246289515684026,1317,241.85882352941175,479.5416666666667
pos19,Middle,6.083333333333333,252.7550427068623,11.304235651141576,1297,241.7321428571429,480.0571428571429
pos19,Middle,6.166666666666666,252.91518801904985,12.004891737172944,1325,241.864406779661,480.2878787878788
pos19,Middle,6.25,251.74597078167204,11.215929430706655,1331,241.79545454545453,480.1428571428572
pos19,Middle,6.333333333333333,250.79612959511712,10.802118716592936,1315,241.7321428571429,480.1875
pos19,Middle,6.416666666666666,250.35207972763718,11.075959362764122,1308,242.0,479.542372881356
pos19,Middle,6.5,250.03721680713437,10.670274698036232,1302,241.8082191780822,480.2173913043478
pos19,Middle,6.583333333333333,249.0883949759013,11.311020413226004,1295,241.887323943662,480.1923076923077
pos19,Middle,6.666666666666666,249.3467687188666,10.9052057839884,1278,242.0,479.59420289855075
pos19,Middle,6.75,248.10892013506302,10.749159702715565,1291,241.8,479.9583333333333
pos19,Middle,6.833333333333333,248.0301205559809,10.767724189092139,1297,241.66666666666663,480.1184210526315
pos19,Middle,6.916666666666666,247.62345901489516,10.245018313979232,1297,241.67142857142855,480.2307692307692
pos19,Middle,7.0,246.94988964846107,10.218977297515814,1290,241.94117647058823,480.0571428571429
pos19,Middle,7.083333333333333,247.0834048833909,10.115249214867605,1274,241.77272727272728,480.2352941176471
pos19,Middle,7.166666666666666,246.72767006917533,10.338490593183842,1291,241.86486486486487,480.25
pos19,Middle,7.25,246.70904643535252,10.454362280840135,1290,241.75,480.1038961038961
pos19,Middle,7.333333333333333,246.66695354663014,10.475864231126934,1284,242.625,480.2567567567568
pos19,Middle,7.416666666666666,247.238669015305,10.516227240239298,1285,241.625,480.0869565217391
pos19,Middle,7.5,247.8242688190663,10.592419773860883,1270,241.74468085106383,479.5483870967742
pos19,Middle,7.583333333333333,249.29696386353558,10.426989268492385,1269,241.9125,480.2758620689655
pos19,Middle,7.666666666666666,248.997174990527,10.432259967926223,1262,241.86666666666667,480.2352941176471
pos19,Middle,7.75,248.55029659795977,10.25265298753639,1257,242.0,480.2916666666667
pos19,Middle,7.833333333333333,247.80706243005318,10.70120287353633,1252,241.78947368421052,480.0921052631579
pos19,Middle,7.916666666666666,246.51666177161016,11.201070354156672,1253,241.7,480.28333333333336
pos19,Middle,8.0,245.31788676892373,10.243919064828154,1246,241.74137931034485,479.8641975308642
pos19,Middle,8.083333333333332,244.39631088386506,10.203393822709678,1277,241.73684210526315,480.23376623376623
pos19,Middle,8.166666666666666,243.62955068158456,9.659293094105072,1275,242.0,480.1951219512195
pos19,Middle,8.25,242.74291543125562,9.668055946752062,1248,242.234375,480.1470588235294
pos19,Middle,8.333333333333332,242.5870096538523,9.493333124539538,1261,241.8,480.296875
pos19,Middle,8.416666666666666,241.76924053326383,9.585203850295226,1239,241.67924528301887,480.0
pos19,Middle,8.5,241.8396976440902,9.515645885859382,1257,241.79166666666663,480.2957746478873
pos19,Middle,8.583333333333332,241.78971418226865,9.549360047250326,1226,241.69014084507043,480.06382978723406
pos19,Middle,8.666666666666666,241.65057931784466,9.202508463132862,1219,242.112676056338,479.1829268292683
pos19,Middle,8.75,241.15158877249218,9.237203989258111,1241,241.85135135135135,480.25
pos19,Middle,8.833333333333332,240.78264335771587,9.093837203892079,1238,241.76666666666668,480.02666666666664
pos19,Middle,8.916666666666666,241.59771294712766,9.525851137619386,1205,242.1095890410959,480.01408450704224
pos19,Middle,9.0,240.32778955452366,9.160518285537279,1244,241.6315789473684,480.1864406779661
pos19,Middle,9.083333333333332,240.63100728437178,9.630130242277913,1225,241.72527472527472,480.2758620689655
pos19,Middle,9.166666666666666,241.21221169661024,9.435408987594808,1209,241.92307692307693,480.0821917808219
pos19,Middle,9.25,241.68962107835685,9.341592866891176,1213,241.7156862745098,480.15384615384613
pos19,Middle,9.333333333333332,241.58873361936344,9.122738736998715,1226,242.02777777777777,480.2857142857143
pos19,Middle,9.416666666666666,241.4417065748187,9.090779980368017,1240,241.71794871794873,480.1095890410959
pos19,Middle,9.5,241.53340852395868,8.953593092904683,1242,241.7321428571429,480.1095890410959
pos19,Middle,9.583333333333332,242.2592265311828,9.308043349528472,1220,241.7457627118644,479.625
pos19,Middle,9.666666666666666,242.38819107287912,9.190997422472007,1256,241.75,480.14864864864865
pos19,Middle,9.75,241.71339407993923,8.972932124211573,1220,241.9298245614035,480.24615384615385
pos19,Middle,9.833333333333332,241.61925949619342,9.433289291890773,1259,241.92307692307693,480.0701754385965
pos19,Middle,9.916666666666666,240.45221777622376,9.279874993095921,1247,242.24285714285713,480.2040816326531
pos19,Middle,10.0,239.15870056980918,9.582445034292059,1254,241.76470588235293,480.2916666666667
pos19,Middle,10.083333333333332,238.20302823435344,9.3032223717433,1270,242.0,479.84375
pos19,Middle,10.166666666666666,237.81963710649893,9.100644542284103,1274,241.66666666666663,480.2911392405063
pos19,Middle,10.25,238.36837458915267,9.504685077944035,1251,242.44262295081967,479.90909090909093
pos19,Middle,10.333333333333332,239.06811719755677,9.31711963198489,1247,241.6265060240964,479.5652173913044
pos19,Middle,10.416666666666666,237.88305596796266,9.60132043386937,1248,241.76712328767124,480.0
pos19,Middle,10.5,237.60101931101045,8.93305515854373,1266,242.1818181818182,480.1914893617021
pos19,Middle,10.583333333333332,237.24068989439718,8.937275743678423,1233,241.66666666666663,480.0
pos19,Middle,10.666666666666666,237.041847643736,8.791359754738606,1227,241.65454545454543,480.1685393258427
pos19,Middle,10.75,237.4004228814309,9.444370198515958,1220,241.9142857142857,480.29761904761904
pos19,Middle,10.833333333333332,237.1076225561866,9.15981418000754,1224,241.7945205479452,480.06060606060606
pos19,Middle,10.916666666666666,236.67024720594875,9.231189897490617,1227,242.0,480.3
pos19,Middle,11.0,236.42930809881847,9.409473978815964,1231,241.7321428571429,480.27272727272725
pos19,Middle,11.083333333333332,236.7050819230483,9.746802144986749,1231,241.78181818181815,480.2891566265061
pos19,Middle,11.166666666666666,236.54683281931557,9.030027440724801,1244,241.675,480.30263157894734
pos19,Middle,11.25,236.13660717527534,8.94089079421728,1250,241.72727272727272,480.24242424242425
pos19,Middle,11.333333333333332,236.02512199026398,8.914923176754007,1255,241.7047619047619,480.1875
pos19,Middle,11.416666666666666,236.76487452100366,8.901180100778417,1258,242.15384615384616,480.15584415584414
pos19,Middle,11.5,237.10694254464218,9.222521360984997,1265,241.77142857142857,480.0
pos19,Middle,11.583333333333332,236.15923466981405,9.129547304370172,1263,241.65625,480.0
pos19,Middle,11.666666666666666,236.05790879547163,8.809315256960797,1239,241.8703703703704,480.0520833333333
pos19,Middle,11.75,234.86414152157838,8.74026977923946,1268,241.66666666666663,479.9367088607595
pos19,Middle,11.833333333333332,234.7994229983208,9.023321044298022,1259,241.85,479.9605263157895
pos19,Middle,11.916666666666666,234.65017942818776,8.923227185470056,1273,242.26470588235293,480.0
pos19,Middle,12.0,234.46264741512613,9.088862026877756,1253,241.61363636363637,480.0
pos19,Middle,12.083333333333332,234.64659520088958,8.863504893174676,1256,241.7826086956522,480.258064516129
pos19,Middle,12.166666666666666,234.05073237376095,8.901725653760499,1251,242.05882352941177,479.4821428571428
pos19,Middle,12.25,234.48965176468266,8.887225918832211,1270,242.1095890410959,480.2888888888889
pos19,Middle,12.333333333333332,233.22866906600566,8.738885828663454,1268,241.6578947368421,480.03125
pos19,Middle,12.416666666666666,233.5689585433829,9.298359185161832,1243,242.14814814814815,480.2133333333333
pos19,Middle,12.5,233.7180686739971,8.986704332576524,1227,241.75714285714287,480.1470588235294
pos19,Middle,12.583333333333332,232.86210770573553,9.046106489324812,1229,241.9245283018868,479.65822784810126
pos19,Middle,12.666666666666666,232.69697749823806,9.154625257966178,1272,241.64705882352945,480.2878787878788
pos19,Middle,12.75,232.26762797780728,8.799579908112767,1278,241.7945205479452,480.25
pos19,Middle,12.833333333333332,233.20425466868397,9.1748299369387,1212,241.6417910447761,480.0285714285714
pos19,Middle,12.916666666666666,232.28572993855275,9.096707144834596,1264,241.93589743589743,480.0144927536232
pos19,Middle,13.0,232.20656893875625,9.136527475650157,1278,241.93589743589743,480.26666666666665
pos19,Middle,13.083333333333332,233.18825712205884,8.952155719817236,1153,241.69230769230768,480.2413793103448
pos19,Middle,13.166666666666666,232.42922372165307,8.850937306103003,1267,241.71428571428572,480.2878787878788
pos19,Middle,13.25,232.85982359859366,9.110940625134162,1257,241.85135135135135,480.0
pos19,Middle,13.333333333333332,232.60947343194803,8.938540273058246,1197,241.63492063492063,480.20454545454544
pos19,Middle,13.416666666666666,232.12432186319504,8.963375061574773,1222,242.31884057971016,480.3
pos19,Middle,13.5,232.1353295754909,8.991401360608345,1251,241.66666666666663,479.90909090909093
pos19,Middle,13.583333333333332,232.2276283138306,8.888278074211177,1245,241.7,480.2112676056338
pos19,Middle,13.666666666666666,232.05667483448102,8.959169417618101,1273,241.79787234042553,480.2040816326531
pos19,Middle,13.75,231.20284038641506,8.794901608760838,1278,241.97368421052633,479.4594594594595
pos19,Middle,13.833333333333332,231.16937812362022,8.642011902535069,1267,241.703125,480.2112676056338
pos19,Middle,13.916666666666666,231.46779180582945,9.10009610155197,1291,241.6727272727273,480.2142857142857
pos19,Middle,14.0,231.16536483511882,8.753227708978176,1289,241.75555555555556,480.0
pos19,Middle,14.083333333333332,230.29574102605267,8.354306790058653,1280,242.4367816091954,480.2054794520548
pos19,Middle,14.166666666666666,230.94993120409933,8.861933733897132,1288,241.73170731707316,480.14864864864865
pos19,Middle,14.25,231.29281676862354,9.04966936169029,1294,241.7887323943662,480.20754716981133
pos19,Middle,14.333333333333332,231.02075775808052,8.68901069048482,1288,242.0,480.0
pos19,Middle,14.416666666666666,230.87291880542622,8.72304964818484,1285,242.03125,480.15584415584414
pos19,Middle,14.5,230.7409204058517,8.976291765855434,1282,241.7627118644068,480.13793103448273
pos19,Middle,14.583333333333332,230.6456921622984,8.652947666062177,1280,242.0,479.9605263157895
pos19,Middle,14.666666666666666,230.95859521364687,8.860329942203292,1279,241.81632653061223,479.6585365853659
pos19,Middle,14.75,230.05992462787782,8.56184253502564,1281,241.8,479.8541666666667
pos19,Middle,14.833333333333332,230.13206395632983,8.697047089803572,1295,241.66666666666663,480.1940298507463
pos19,Middle,14.916666666666666,229.88124174088003,8.725501169698038,1292,241.7321428571429,480.1470588235294
pos19,Middle,15.0,228.91924702014418,8.646533103540142,1302,242.0,480.2054794520548
pos19,Middle,15.083333333333332,229.1655964266839,9.21586313738119,1304,242.12,480.14814814814815
pos19,Middle,15.166666666666666,229.57481874227642,8.997255721573742,1325,241.9318181818182,480.1940298507463
pos19,Middle,15.25,229.0835932257616,9.093033884876274,1281,241.84615384615384,480.3015873015873
pos19,Middle,15.333333333333332,229.035093919355,8.561842398617562,1314,241.63636363636363,479.2830188679245
pos19,Middle,15.416666666666666,228.72673369798997,8.866360546544644,1317,241.8360655737705,480.1443298969072
pos19,Middle,15.5,228.96932211027226,8.661765573656506,1305,241.77777777777777,480.2888888888889
pos19,Middle,15.583333333333332,228.62876296534267,8.799877521030693,1302,241.65454545454543,480.29824561403507
pos19,Middle,15.666666666666666,228.17928631815295,8.498843417052809,1303,241.8148148148148,480.09090909090907
pos19,Middle,15.75,228.6608155063413,8.525383069424075,1296,241.8507462686567,480.25
pos19,Middle,15.833333333333332,228.71170723905928,8.743366366539304,1305,241.65753424657535,480.1044776119403
pos19,Middle,15.916666666666666,229.03959548417504,8.551532228302614,1303,242.0,480.06451612903226
pos19,Middle,16.0,228.87611046781748,8.783389671879476,1297,242.6034482758621,480.05333333333334
pos19,Middle,16.083333333333332,229.05704937642167,8.636598391066357,1316,241.68965517241375,480.2
pos19,Middle,16.166666666666664,229.1665795485423,8.796012138388187,1327,241.68852459016392,480.1923076923077
pos19,Middle,16.25,228.9938852106672,8.816645941502106,1327,242.1428571428571,479.7647058823529
pos19,Middle,16.333333333333332,228.97821540765275,9.080792933411649,1337,241.97727272727272,480.14814814814815
pos19,Middle,16.416666666666664,228.80220064883338,9.26047373167744,1335,241.9318181818182,480.3015873015873
pos19,Middle,16.5,229.21048778576335,9.373682763990187,1336,241.67924528301887,480.2641509433962
pos19,Middle,16.583333333333332,229.3053901894843,8.89078540574628,1343,241.74603174603175,479.74285714285713
pos19,Middle,16.666666666666664,230.1519300014164,9.009948461542539,1341,241.72549019607845,480.0810810810811
pos19,Middle,16.75,230.0487776827278,9.09451889439007,1356,242.15384615384616,479.93055555555554
pos19,Middle,16.833333333333332,230.2550858003202,9.1978681970619,1351,241.6818181818182,479.76666666666665
pos19,Middle,16.916666666666664,230.4187531661584,9.650535288232621,1359,241.8,480.1095890410959
pos19,Middle,17.0,230.72187788707643,9.368861348081,1364,242.23529411764707,480.06
pos19,Middle,17.083333333333332,231.08968450218197,9.38849873498285,1370,241.8,479.8571428571428
pos19,Middle,17.166666666666664,230.88418875222615,8.836990634878829,1374,241.6428571428571,480.171875
pos19,Middle,17.25,231.3063450848526,9.27465291535107,1372,241.6764705882353,480.15
pos19,Middle,17.333333333333332,231.66393707577208,8.870003111091878,1357,241.86206896551724,480.1875
pos19,Middle,17.416666666666664,230.91809671647303,9.34038020687555,1361,241.7173913043478,480.1458333333333
pos19,Opening,0.0,548.2225380644454,57.848270327745084,1171,480.52941176470586,702.2790697674419
pos19,Opening,0.08333333333333333,532.1334621031538,55.28988855783075,1169,480.6195652173913,701.5
pos19,Opening,0.16666666666666666,515.6459333556949,52.23800212733105,1166,480.46067415730334,701.6590909090909
pos19,Opening,0.25,508.98605864130803,51.5632952552884,1165,480.85526315789474,701.1666666666666
pos19,Opening,0.3333333333333333,493.71681917288015,49.45613978360278,1157,480.5,701.4406779661017
pos19,Opening,0.41666666666666663,485.1144060015708,47.17803959389884,1155,480.5,701.9347826086956
pos19,Opening,0.5,476.1121337005392,46.440364302542214,1144,480.4,702.5714285714286
pos19,Opening,0.5833333333333333,471.3349149354503,47.09868979737028,1159,480.6140350877193,702.1315789473684
pos19,Opening,0.6666666666666666,464.8419947354179,45.85077567655794,1163,480.3225806451613,702.063829787234
pos19,Opening,0.75,460.9885489393325,46.9152045010318,1176,480.32608695652175,701.2982456140351
pos19,Opening,0.8333333333333333,458.19620060995396,46.343475967748404,1169,480.6373626373626,702.551724137931
pos19,Opening,0.9166666666666666,450.8244504050237,46.239111543750106,1179,480.48,701.3333333333334
pos19,Opening,1.0,444.865444159896,45.46867843319957,1187,480.54945054945057,701.2903225806451
pos19,Opening,1.0833333333333333,441.45003411984794,44.914839936915655,1199,480.3636363636364,701.6285714285714
pos19,Opening,1.1666666666666665,433.8817862321413,43.13492516151835,1211,480.5,701.8958333333334
pos19,Opening,1.25,423.2754725414639,41.96245201911674,1209,480.7014925373134,702.375
pos19,Opening,1.3333333333333333,418.36069467824717,41.958382323240954,1212,480.4150943396226,702.3157894736842
pos19,Opening,1.4166666666666665,413.0721580623258,41.76309261417458,1222,480.44444444444446,702.0
pos19,Opening,1.5,408.2330270417464,41.11369073292584,1217,480.4130434782609,702.0
pos19,Opening,1.5833333333333333,403.5245768959939,43.30305424787678,1206,480.35632183908046,702.6060606060606
pos19,Opening,1.6666666666666665,398.5305006444539,42.46158255245628,1191,480.3684210526315,702.4166666666666
pos19,Opening,1.75,392.2710162128146,40.179526098196156,1177,480.3888888888889,701.8604651162791
pos19,Opening,1.8333333333333333,385.711337779594,40.085933991152494,1165,480.3243243243243,701.7435897435897
pos19,Opening,1.9166666666666665,377.95360768656906,35.89687471423238,1154,480.6363636363636,701.2340425531914
pos19,Opening,2.0,372.22208390221203,35.131271124025496,1155,480.6545454545454,701.3653846153846
pos19,Opening,2.083333333333333,368.4321745618339,34.40556803668485,1149,480.4561403508772,702.3823529411765
pos19,Opening,2.1666666666666665,363.3245775271561,34.810844522110585,1138,480.44117647058823,702.3684210526316
pos19,Opening,2.25,359.6855118013824,34.6008501164962,1142,480.3783783783784,702.0
pos19,Opening,2.333333333333333,356.4728787839761,32.589069710874476,1142,480.32142857142856,701.7083333333334
pos19,Opening,2.4166666666666665,352.87577459303765,31.40107990380306,1146,480.3333333333333,701.8
pos19,Opening,2.5,351.70265430670105,32.63199006968294,1140,480.3414634146341,702.0
pos19,Opening,2.583333333333333,351.9797203026159,33.54457052831612,1148,480.5,701.6304347826087
pos19,Opening,2.6666666666666665,349.96126584796224,33.48218495598793,1153,480.86021505376345,701.7586206896551
pos19,Opening,2.75,348.7757371044764,33.41610455023813,1097,480.457627118644,702.6538461538462
pos19,Opening,2.833333333333333,346.6207682900064,32.87025361878422,1170,480.4347826086956,702.34375
pos19,Opening,2.9166666666666665,344.8536826719239,33.24880042579266,1187,480.56,702.5
pos19,Opening,3.0,343.9289270565994,32.87262041362153,1195,480.7294117647059,701.8780487804878
pos19,Opening,3.083333333333333,342.0271093322082,33.18446415625926,1202,480.3150684931507,702.1875
pos19,Opening,3.1666666666666665,341.2277375168558,32.65581049126951,1209,480.7,702.5405405405405
pos19,Opening,3.25,333.38543636156743,30.38026147324837,1204,480.47058823529414,702.5588235294117
pos19,Opening,3.333333333333333,331.21413898040436,30.576052192420907,1202,480.3225806451613,701.9
pos19,Opening,3.4166666666666665,329.2470110366684,30.479602955240473,1196,480.3272727272727,702.45
pos19,Opening,3.5,324.57303329481863,30.981163327698646,1193,480.4166666666667,701.6551724137931
pos19,Opening,3.583333333333333,322.14865616354825,32.69390419161088,1194,480.40625,702.9166666666666
pos19,Opening,3.6666666666666665,319.31353148783853,31.318404622689997,1187,480.3157894736842,702.0681818181819
pos19,Opening,3.75,317.12231864119076,30.535524320733657,1173,480.55,702.2432432432432
pos19,Opening,3.833333333333333,314.9691321355002,30.221716747967406,1174,480.7721518987342,702.3142857142857
pos19,Opening,3.9166666666666665,312.1572075649482,28.66001829172039,1124,480.3521126760563,702.3928571428571
pos19,Opening,4.0,310.179684433169,28.824253807506743,1151,480.3265306122449,701.4594594594595
pos19,Opening,4.083333333333333,307.3625029391516,27.874356090947924,1143,480.55913978494624,702.258064516129
pos19,Opening,4.166666666666666,305.66843695897455,27.82334243269789,1147,480.3684210526315,702.0
pos19,Opening,4.25,305.28068686389486,27.72571045176693,1140,480.7368421052632,701.2333333333333
pos19,Opening,4.333333333333333,302.7508553971446,28.763310004429776,1159,480.4117647058824,702.0
pos19,Opening,4.416666666666666,301.601973715454,27.811540492773677,1151,480.8333333333333,701.1470588235294
pos19,Opening,4.5,300.8044760952167,27.549475525956197,1148,480.4117647058824,701.5897435897435
pos19,Opening,4.583333333333333,300.1371319160574,27.695723106497205,1149,480.457627118644,701.3235294117648
pos19,Opening,4.666666666666666,300.0574847742309,28.13091193791408,1157,480.5217391304348,702.3243243243244
pos19,Opening,4.75,301.20428376881847,29.46726334572783,1152,480.44776119402985,702.7096774193549
pos19,Opening,4.833333333333333,300.28752880679747,27.928691439596783,1133,480.3965517241379,702.65625
pos19,Opening,4.916666666666666,301.02881369506275,28.298590324109107,1087,480.32142857142856,701.3333333333334
pos19,Opening,5.0,301.5052522934603,28.245738013580098,1122,480.3684210526315,702.1071428571429
pos19,Opening,5.083333333333333,300.6032065693116,29.322982388186023,1167,480.3076923076923,701.8518518518518
pos19,Opening,5.166666666666666,300.5875814073207,28.111402868914393,1167,480.3965517241379,702.25
pos19,Opening,5.25,295.85678133776895,27.36581190309441,1174,480.5405405405405,701.9615384615385
pos19,Opening,5.333333333333333,293.45536023910284,27.29365542951479,1176,480.7142857142857,702.1538461538462
pos19,Opening,5.416666666666666,290.43722097439866,26.36373259965122,1192,480.5111111111111,702.15
pos19,Opening,5.5,291.52743357343667,27.437655541706565,1149,480.4528301886792,701.95
pos19,Opening,5.583333333333333,292.36625621943176,28.263818043717183,1180,480.4166666666667,701.9
pos19,Opening,5.666666666666666,287.80768061345054,25.612713169324277,777,480.6885245901639,700.6567164179105
pos19,Opening,5.75,288.5089279197186,27.86129384704073,1073,480.3492063492063,701.6190476190476
pos19,Opening,5.833333333333333,285.69109190367067,26.553322830972593,1115,480.8,702.0
pos19,Opening,5.916666666666666,285.2635873816236,27.11351821046851,1164,480.8695652173913,701.5882352941177
pos19,Opening,6.0,283.90147164655457,26.795083949300754,1147,480.4150943396226,702.8888888888889
pos19,Opening,6.083333333333333,282.7946710410271,26.775463114197418,1142,480.9230769230769,701.936170212766
pos19,Opening,6.166666666666666,282.28087020166697,26.21601281914842,1110,480.35632183908046,701.1428571428571
pos19,Opening,6.25,281.2651423140083,26.301504743320663,1149,480.7567567567568,702.8888888888889
pos19,Opening,6.333333333333333,280.2665166880665,25.715827731921767,1154,480.46315789473687,701.936170212766
pos19,Opening,6.416666666666666,279.85741180471047,25.23481558404383,1133,480.3703703703704,702.4705882352941
pos19,Opening,6.5,279.52862427030556,26.024979503221836,1147,480.44615384615383,701.6744186046511
pos19,Opening,6.583333333333333,278.6621472269414,25.473230912290514,1134,480.3103448275862,701.8846153846154
pos19,Opening,6.666666666666666,278.4793297668742,24.885957318796976,1135,480.3571428571428,701.9803921568628
pos19,Opening,6.75,278.4803000336497,25.750134259195413,1085,480.6461538461538,701.62
pos19,Opening,6.833333333333333,279.0653937948361,26.067251760527917,1085,480.62857142857143,701.6
pos19,Opening,6.916666666666666,278.797677625555,26.207026937401878,1094,480.9154929577465,701.936170212766
pos19,Opening,7.0,277.97793597135,26.19317997226083,1100,480.3454545454546,702.1764705882352
pos19,Opening,7.083333333333333,277.8535753048565,26.669760202916414,1050,480.52272727272725,701.2962962962963
pos19,Opening,7.166666666666666,278.00826696500155,26.024549936196863,1071,480.3191489361702,701.7317073170732
pos19,Opening,7.25,278.7938437431549,27.044578870620448,1080,480.3541666666667,701.5094339622641
pos19,Opening,7.333333333333333,278.8968324711174,26.920046539362257,1040,480.4823529411765,702.2727272727273
pos19,Opening,7.416666666666666,280.008231314224,26.519148793672226,1117,480.32307692307694,701.34375
pos19,Opening,7.5,282.38623914587083,26.682228323153588,1068,480.46774193548384,701.3333333333334
pos19,Opening,7.583333333333333,283.1229096651593,27.433268170735925,1066,480.69565217391306,702.28
pos19,Opening,7.666666666666666,283.5528001344376,26.797252692389712,1064,480.4864864864865,701.875
pos19,Opening,7.75,282.05980182605543,26.263865542554512,1061,480.5487804878049,701.9215686274509
pos19,Opening,7.833333333333333,278.72963906509324,25.50449063858854,1041,480.4166666666667,703.0
pos19,Opening,7.916666666666666,275.4662873210879,24.20327350400731,1032,480.4032258064516,701.04
pos19,Opening,8.0,273.6638259302909,24.34723908659397,1067,480.457627118644,701.1351351351351
pos19,Opening,8.083333333333332,272.33245623976217,23.694505943482174,1095,480.3863636363636,702.0
pos19,Opening,8.166666666666666,272.45493969662294,24.836662274681842,1094,480.32307692307694,701.5882352941177
pos19,Opening,8.25,271.6610057509563,24.171505469940524,1110,480.42857142857144,701.5263157894736
pos19,Opening,8.333333333333332,271.1439301619729,24.386860831614094,1104,480.45348837209303,702.0869565217391
pos19,Opening,8.416666666666666,270.9081976525084,23.928620662240085,1085,480.40909090909093,701.2978723404256
pos19,Opening,8.5,270.41197438063114,23.671720684183455,1081,480.375,701.6818181818181
pos19,Opening,8.583333333333332,270.51775018494976,23.774522609148015,1051,480.43283582089555,701.0416666666666
pos19,Opening,8.666666666666666,270.92227179580715,24.055898322988643,1042,480.3207547169811,702.1739130434783
pos19,Opening,8.75,271.4309467171771,24.076136708744443,1068,480.74725274725273,701.5
pos19,Opening,8.833333333333332,271.3171170939131,24.360377647635534,1075,480.3333333333333,702.0
pos19,Opening,8.916666666666666,271.3582862210509,23.749232001707995,949,480.625,702.6060606060606
pos19,Opening,9.0,271.4882993862007,24.28903516958032,1059,480.32307692307694,701.5
pos19,Opening,9.083333333333332,271.2637837326018,25.453130767774653,1059,480.3370786516854,701.2222222222222
pos19,Opening,9.166666666666666,271.64856097977105,24.44807979958832,1062,480.43589743589746,701.4666666666667
pos19,Opening,9.25,272.93027901988336,25.260140762886348,1066,480.6904761904762,702.7
pos19,Opening,9.333333333333332,272.8709528529862,25.757406110020543,1076,480.3720930232558,702.4666666666667
pos19,Opening,9.416666666666666,273.4943552592464,25.71514950703795,1104,480.5172413793103,702.1818181818181
pos19,Opening,9.5,273.7998456469854,25.169339411244405,1110,480.4074074074074,701.8148148148148
pos19,Opening,9.583333333333332,274.65229948194434,26.092552696482663,1019,480.4827586206897,700.9166666666666
pos19,Opening,9.666666666666666,275.34492290136455,26.18717548092595,1090,480.5242718446602,702.34375
pos19,Opening,9.75,275.08228571418334,25.57814451097143,1139,480.35849056603774,701.9591836734694
pos19,Opening,9.833333333333332,273.7376060346746,24.5089647856343,1143,480.390625,702.2558139534884
pos19,Opening,9.916666666666666,269.67053214412806,24.05079446151755,1149,480.4166666666667,701.7727272727273
pos19,Opening,10.0,267.3631227199069,23.473075876225764,1126,480.6551724137931,702.4722222222222
pos19,Opening,10.083333333333332,266.7306801169924,23.762581218067954,1131,480.6315789473685,701.5833333333334
pos19,Opening,10.166666666666666,265.6173718199257,22.919846945919623,1106,480.3207547169811,702.2368421052631
pos19,Opening,10.25,265.0583612534789,22.877576447800475,1093,480.921568627451,702.0681818181819
pos19,Opening,10.333333333333332,266.2172915326445,22.722113257558387,1097,480.4230769230769,702.3333333333334
pos19,Opening,10.416666666666666,264.6710370150558,22.81825162518698,1067,480.3076923076923,701.7272727272727
pos19,Opening,10.5,264.6273087683204,22.920645025347007,1074,480.55,702.0
pos19,Opening,10.583333333333332,264.365987828719,22.69586229915554,1070,480.3571428571428,702.063829787234
pos19,Opening,10.666666666666666,264.04355368874633,23.13794471612197,1074,480.3333333333333,702.4516129032259
pos19,Opening,10.75,264.46434230813367,23.34333189707335,992,480.55384615384617,701.5
pos19,Opening,10.833333333333332,264.17465321922646,23.06956294288699,1041,480.3372093023256,702.2888888888889
pos19,Opening,10.916666666666666,264.865371572396,23.490901313647836,1054,480.54545454545456,701.7692307692307
pos19,Opening,11.0,264.56291834500405,23.632610613289355,1056,480.457627118644,702.1224489795918
pos19,Opening,11.083333333333332,264.2746851645859,23.21479647219522,1061,480.5593220338983,701.5151515151515
pos19,Opening,11.166666666666666,264.96719318869305,24.32328592210031,1077,480.6216216216216,701.3529411764706
pos19,Opening,11.25,265.0247199524103,23.91243561034043,1092,480.672131147541,701.2978723404256
pos19,Opening,11.333333333333332,265.57101232979636,23.877758297563265,1083,480.8840579710145,701.5081967213115
pos19,Opening,11.416666666666666,266.1917149250018,25.35513105016902,1099,480.45454545454544,702.5555555555555
pos19,Opening,11.5,266.0300724861361,24.09390556512602,1024,480.34177215189874,701.7954545454545
pos19,Opening,11.583333333333332,265.8001542187257,24.214969182619885,1082,480.3541666666667,702.8965517241379
pos19,Opening,11.666666666666666,261.30775353375464,22.77155694309558,863,480.6315789473685,701.5
pos19,Opening,11.75,262.5606156767108,23.150527849438568,1096,480.4363636363637,701.6111111111111
pos19,Opening,11.833333333333332,261.4210276605078,23.282537745785802,1052,480.5,703.0
pos19,Opening,11.916666666666666,261.78558674347835,23.612138789580612,1095,480.4193548387097,702.3
pos19,Opening,12.0,261.46972210320615,23.10579236402707,1100,480.3974358974359,702.0
pos19,Opening,12.083333333333332,261.9077985600814,24.166931748785935,1106,480.6444444444445,702.5652173913044
pos19,Opening,12.166666666666666,262.4645382108492,24.201306298181805,1112,480.3928571428572,700.9672131147541
pos19,Opening,12.25,263.5676320978785,24.36925209750342,1094,480.703125,701.8484848484849
pos19,Opening,12.333333333333332,259.47494163443656,23.19864448280775,1092,480.3428571428571,702.0
pos19,Opening,12.416666666666666,258.3419975753639,21.370048390051593,994,480.3333333333333,701.5135135135135
pos19,Opening,12.5,258.8028677863463,22.30241780234049,889,480.3709677419355,702.0
pos19,Opening,12.583333333333332,256.83715307106763,20.590130117129625,920,480.57142857142856,700.8888888888889
pos19,Opening,12.666666666666666,258.36066512517914,22.287670852429684,1105,480.36764705882354,702.0
pos19,Opening,12.75,258.3355693885535,23.591536052323498,1111,480.46753246753246,702.59375
pos19,Opening,12.833333333333332,254.50108825421233,21.280287362662047,673,480.42622950819674,701.0416666666666
pos19,Opening,12.916666666666666,258.53228809852885,23.290771672306104,1066,480.52272727272725,701.3541666666666
pos19,Opening,13.0,258.801976568167,23.450725007757512,1077,480.6818181818182,702.0
pos19,Opening,13.083333333333332,256.11899462398185,21.90867009430003,598,480.6363636363636,700.2307692307693
pos19,Opening,13.166666666666666,258.78961166234933,22.896508248822023,1041,480.4927536231884,701.92
pos19,Opening,13.25,257.4546704110531,22.23938016203817,966,480.32307692307694,700.8780487804878
pos19,Opening,13.333333333333332,255.04250809819575,19.850589502242176,759,480.5,701.3650793650794
pos19,Opening,13.416666666666666,255.20085958195094,20.336796640534775,854,480.40579710144925,701.804347826087
pos19,Opening,13.5,257.15775538977806,23.272301994014338,1017,480.32307692307694,701.9245283018868
pos19,Opening,13.583333333333332,257.5970129641416,22.878797758408016,1011,480.3333333333333,702.4857142857143
pos19,Opening,13.666666666666666,258.397571239512,23.454914156387808,1074,480.5,701.5333333333333
pos19,Opening,13.75,257.9029069476484,22.91066429013597,1081,480.48936170212767,701.0
pos19,Opening,13.833333333333332,256.9124409868265,21.95044309577058,958,480.3222222222222,700.8305084745763
pos19,Opening,13.916666666666666,256.972113349655,21.028329738830557,1013,480.61728395061726,702.2790697674419
pos19,Opening,14.0,256.3080523899436,22.634527360806548,1100,480.7826086956522,702.5357142857143
pos19,Opening,14.083333333333332,256.29273301031094,22.70993276178294,1125,480.5217391304348,701.3243243243244
pos19,Opening,14.166666666666666,257.21845295921077,22.598610710369567,1075,480.5287356321839,702.1621621621622
pos19,Opening,14.25,257.97056496416536,23.850451222617604,1120,480.44827586206895,702.5294117647059
pos19,Opening,14.333333333333332,258.0566338372109,23.218253437103353,1117,481.0857142857143,702.05
pos19,Opening,14.416666666666666,257.3583407742534,23.12365116272993,1112,480.3888888888889,701.5581395348837
pos19,Opening,14.5,257.93906201127794,23.81880814203767,1094,480.578125,701.6666666666666
pos19,Opening,14.583333333333332,257.94577603980935,23.49971431566924,1107,480.3571428571428,702.4137931034483
pos19,Opening,14.666666666666666,256.9165498672534,22.812713107519535,1048,480.4838709677419,702.0
pos19,Opening,14.75,255.73097768135085,22.245523721502405,1091,480.9382716049383,702.219512195122
pos19,Opening,14.833333333333332,256.75241768674795,23.170757552804293,1102,480.3787878787879,701.952380952381
pos19,Opening,14.916666666666666,255.12997470100325,23.146878081476295,1105,480.3882352941176,701.8
pos19,Opening,15.0,253.73255199279043,22.22804192156158,1129,480.3283582089553,701.8571428571429
pos19,Opening,15.083333333333332,253.2540046432421,22.343136120792852,1145,480.3188405797101,702.0
pos19,Opening,15.166666666666666,253.94207577807975,22.489126374250564,1132,480.3333333333333,702.0652173913044
pos19,Opening,15.25,250.92113860589075,21.616515515447794,855,480.8354430379747,701.469387755102
pos19,Opening,15.333333333333332,253.94632192941876,22.97329307633794,1085,480.6842105263158,701.8604651162791
pos19,Opening,15.416666666666666,253.7341998972806,22.592763274195857,1122,480.4725274725275,701.7
pos19,Opening,15.5,254.32636632366558,22.872397957771557,1120,480.49122807017545,702.0652173913044
pos19,Opening,15.583333333333332,253.7536526905919,22.14336777427674,1133,480.7826086956522,701.2631578947369
pos19,Opening,15.666666666666666,254.08824405266031,21.836070206418135,1138,480.44444444444446,702.2558139534884
pos19,Opening,15.75,254.0017051940424,22.300285045357622,1118,480.6195652173913,702.4166666666666
pos19,Opening,15.833333333333332,254.98136076603794,21.816265318282415,1125,480.32876712328766,701.6071428571429
pos19,Opening,15.916666666666666,255.67843459875334,22.605499719164346,1112,480.4111111111111,701.7
pos19,Opening,16.0,254.44572223069025,21.76278757767108,1136,480.44444444444446,701.5714285714286
pos19,Opening,16.083333333333332,254.5450761308438,22.933991505883313,1136,480.3809523809524,702.1818181818181
pos19,Opening,16.166666666666664,254.29033923113656,22.83773234237433,1136,480.63793103448273,702.0697674418604
pos19,Opening,16.25,252.97315708245358,22.336332037914858,1145,480.4242424242424,701.6785714285714
pos19,Opening,16.333333333333332,251.90584080869417,21.62323666136033,1159,481.0,702.2682926829268
pos19,Opening,16.416666666666664,251.8989588819969,21.100898875567506,1151,480.5,703.0
pos19,Opening,16.5,252.1520742533107,21.90315109965293,1179,480.375,701.6818181818181
pos19,Opening,16.583333333333332,252.43938353236996,21.27710553127241,1164,480.44444444444446,702.08
pos19,Opening,16.666666666666664,252.75690079292366,21.07151319370083,1177,480.5,701.8301886792453
pos19,Opening,16.75,252.5084448964588,21.487800357055974,1187,480.43333333333334,701.5
pos19,Opening,16.833333333333332,252.9263582359448,21.27727856924179,1197,480.9402985074626,702.0689655172414
pos19,Opening,16.916666666666664,253.5343568095969,21.71229007743137,1193,480.55737704918033,701.4594594594595
pos19,Opening,17.0,254.23378916139865,21.16214568080814,1176,480.45,702.275
pos19,Opening,17.083333333333332,253.65076874310853,20.866195585860254,1174,480.7826086956522,702.92
pos19,Opening,17.166666666666664,254.24307208524593,20.927626132014332,1181,480.96666666666664,702.34375
pos19,Opening,17.25,254.52751489199215,21.931815301971156,1178,480.43589743589746,701.1891891891892
pos19,Opening,17.333333333333332,254.50367591098737,20.844542302470927,1192,480.7,701.7241379310345
pos19,Opening,17.416666666666664,253.58580577365248,21.09146989405084,1204,480.44594594594594,702.1153846153846
pos20,Back,0.0,621.9971168578944,74.02541637982303,1283,6.440677966101695,241.29787234042553
pos20,Back,0.08333333333333333,603.2470024664536,73.31429736482279,1261,6.625,241.32142857142856
pos20,Back,0.16666666666666666,590.413188573912,71.10293585631895,1250,5.016393442622951,241.12121212121212
pos20,Back,0.25,578.2308101916128,69.88120728978748,1228,4.986486486486487,240.83333333333337
pos20,Back,0.3333333333333333,568.678660358823,65.07379125698559,1397,4.291666666666667,241.56363636363636
pos20,Back,0.41666666666666663,555.1514292319051,65.78281482068229,1226,5.732142857142857,241.5
pos20,Back,0.5,544.8038979362428,63.948199763835426,1263,3.953488372093023,241.43589743589743
pos20,Back,0.5833333333333333,535.117408795444,61.80885421070212,1264,5.092307692307692,241.5
pos20,Back,0.6666666666666666,525.9909087506043,61.64641907827253,1278,4.684210526315789,241.5
pos20,Back,0.75,519.1122313900038,63.321745738274586,1238,4.603448275862069,241.5
pos20,Back,0.8333333333333333,509.92198199155433,60.86098989781055,1208,5.148936170212766,241.3417721518987
pos20,Back,0.9166666666666666,503.7531894616252,60.41735954982053,1243,5.085714285714285,241.2264150943396
pos20,Back,1.0,496.62991222556303,55.653068683106675,1336,4.878048780487805,241.6060606060606
pos20,Back,1.0833333333333333,494.4587139125507,58.22105334006386,1256,4.982758620689655,241.53488372093025
pos20,Back,1.1666666666666665,487.82506618840716,56.8195825462256,1231,5.472727272727273,241.37704918032787
pos20,Back,1.25,478.9514105715392,55.453450541746285,1232,5.152777777777778,241.40425531914897
pos20,Back,1.3333333333333333,471.04567818373,56.54658272196937,1257,4.95,241.61016949152545
pos20,Back,1.4166666666666665,460.69661971352616,53.22236340867989,1254,5.409090909090909,241.4821428571429
pos20,Back,1.5,448.2709459349876,52.28140470160082,1255,4.636363636363637,241.5
pos20,Back,1.5833333333333333,435.7787728096731,50.422906953595046,1325,4.145833333333333,241.5084745762712
pos20,Back,1.6666666666666665,426.02831402729714,49.0994178923916,1362,4.906976744186046,241.07142857142856
pos20,Back,1.75,423.50408207345095,49.89668823787981,1436,3.5,241.5
pos20,Back,1.8333333333333333,409.70919868342787,47.27821203625263,1436,4.26,241.58333333333337
pos20,Back,1.9166666666666665,401.54158909195803,45.18912390441483,1410,5.052631578947368,241.52325581395348
pos20,Back,2.0,393.59715798358394,43.339229815760355,1393,4.7368421052631575,241.5686274509804
pos20,Back,2.083333333333333,385.84205167076107,43.01860165457143,1262,5.037974683544304,241.52941176470588
pos20,Back,2.1666666666666665,383.9737364790619,42.227989375985835,1401,4.765625,241.56
pos20,Back,2.25,380.71091377351615,41.58254875206685,1397,4.5,241.02325581395348
pos20,Back,2.333333333333333,371.050782182102,39.577802575260286,1261,5.9298245614035086,241.50980392156865
pos20,Back,2.4166666666666665,365.7037720346217,38.589742429794924,1217,5.490909090909091,241.44
pos20,Back,2.5,362.2333940532667,37.811721442090196,1196,6.491228070175438,241.42424242424244
pos20,Back,2.583333333333333,355.8956430768907,36.01579870567841,1219,5.326086956521739,241.5820895522388
pos20,Back,2.6666666666666665,353.27224789954147,37.91977230574437,1192,5.660377358490566,241.3965517241379
pos20,Back,2.75,350.1535118591625,36.276669389224395,1381,4.5,241.3793103448276
pos20,Back,2.833333333333333,345.3489147921504,34.74120591275618,1380,3.903225806451613,241.2923076923077
pos20,Back,2.9166666666666665,340.6576057006496,34.195721645119654,1346,4.824561403508772,241.44117647058823
pos20,Back,3.0,337.71667959421353,33.69417710201013,1248,5.610526315789474,241.27586206896552
pos20,Back,3.083333333333333,335.2606134771099,33.05120083683897,1218,5.565656565656566,241.3875
pos20,Back,3.1666666666666665,332.42920317821967,32.23527176026917,1290,5.4526315789473685,241.53125
pos20,Back,3.25,329.3138966245143,31.47958698561291,1359,3.58974358974359,241.5
pos20,Back,3.333333333333333,324.6206260736673,31.43993229624574,1258,4.0,241.5
pos20,Back,3.4166666666666665,320.9881230588313,30.23571052948092,1388,5.053333333333334,241.6071428571429
pos20,Back,3.5,315.86295372865914,28.731444118595522,1370,3.361111111111111,241.5531914893617
pos20,Back,3.583333333333333,311.8158933082106,27.438559193508144,1388,4.226415094339623,241.515625
pos20,Back,3.6666666666666665,307.46821308691773,27.11520874487853,1388,4.559322033898305,241.4
pos20,Back,3.75,302.80745863635707,26.087362239733114,1332,4.804347826086956,241.375
pos20,Back,3.833333333333333,299.7473640485708,26.03961318069459,1237,4.439024390243903,241.15686274509804
pos20,Back,3.9166666666666665,297.9094789978122,25.647849383990962,1144,5.472527472527473,241.54054054054055
pos20,Back,4.0,293.2687162964159,23.51035355830779,1162,5.886792452830188,241.5
pos20,Back,4.083333333333333,292.38068202154324,23.942879052606838,1146,6.565217391304348,241.57142857142856
pos20,Back,4.166666666666666,290.25644817059066,22.873676452109613,1180,4.890625,241.4655172413793
pos20,Back,4.25,287.9099774974291,22.790095614712047,1177,4.640625,241.52542372881356
pos20,Back,4.333333333333333,284.9103291937048,21.037871027892457,1202,5.0,241.5737704918033
pos20,Back,4.416666666666666,282.1278736490759,20.290461623356734,1151,4.839285714285714,241.5
pos20,Back,4.5,279.3850179552013,20.118133078379664,1167,4.527272727272727,241.31147540983608
pos20,Back,4.583333333333333,277.18367956194646,19.065895603366716,1155,5.0,241.54237288135593
pos20,Back,4.666666666666666,275.81946743989823,19.162205626543233,1116,5.573770491803279,241.6034482758621
pos20,Back,4.75,273.45778117447736,18.10023631997526,1123,4.712121212121212,241.4821428571429
pos20,Back,4.833333333333333,272.19598454337716,17.840092000861723,1164,5.838235294117647,241.1176470588235
pos20,Back,4.916666666666666,270.25391741754083,17.390989888401784,1248,5.847222222222222,241.3939393939394
pos20,Back,5.0,269.0265796083925,17.812352009966823,1267,4.959183673469388,241.32432432432432
pos20,Back,5.083333333333333,268.085065659632,17.283066293775747,1222,5.907692307692308,241.42424242424244
pos20,Back,5.166666666666666,267.38709150781,17.654472477326138,1246,6.116666666666666,241.42222222222225
pos20,Back,5.25,266.22556175963336,16.412390360154888,1190,5.0,241.4712643678161
pos20,Back,5.333333333333333,265.4178321593721,16.698810481707113,1191,5.90625,241.3809523809524
pos20,Back,5.416666666666666,264.226292252793,16.48542717645933,1365,4.516129032258065,241.57471264367817
pos20,Back,5.5,263.71758188316,16.113614425635888,1327,4.46875,241.375
pos20,Back,5.583333333333333,263.5099867016203,16.103084376349855,1172,6.844444444444444,240.6851851851852
pos20,Back,5.666666666666666,262.9648966049205,15.42382965050263,1178,5.916666666666667,241.546875
pos20,Back,5.75,262.1940973376237,15.710401874278586,1176,4.930232558139535,241.53125
pos20,Back,5.833333333333333,261.0247224945081,14.967962377598916,1173,5.219512195121951,241.39583333333337
pos20,Back,5.916666666666666,259.51518553648157,15.021944559968057,1185,6.0,240.9047619047619
pos20,Back,6.0,258.55606066218627,14.200097301162996,1199,5.49,241.5
pos20,Back,6.083333333333333,258.5843618572036,14.743459851236189,1318,4.92,241.56363636363636
pos20,Back,6.166666666666666,256.75254715789566,14.451867215801512,1357,4.3,241.52
pos20,Back,6.25,254.6284647751291,13.553365171317017,1198,4.491803278688525,241.54237288135593
pos20,Back,6.333333333333333,254.45707228832222,13.682866915840734,1121,5.602409638554217,241.61111111111111
pos20,Back,6.416666666666666,253.3409297505229,13.37103177569862,1118,5.2405063291139244,241.29032258064515
pos20,Back,6.5,252.7816565419996,13.049856032478028,1102,5.138888888888889,241.22368421052633
pos20,Back,6.583333333333333,251.6131594064276,12.607978368633981,1161,4.931506849315069,241.59420289855072
pos20,Back,6.666666666666666,250.84303597074216,11.976766557559086,1131,5.361111111111111,241.22222222222223
pos20,Back,6.75,250.94345682207043,11.65889958242296,1209,5.013698630136986,241.4406779661017
pos20,Back,6.833333333333333,250.6052354147096,12.443064054551096,1338,4.48,241.6046511627907
pos20,Back,6.916666666666666,250.26784560544255,12.184585852821925,1314,4.423076923076923,241.59154929577463
pos20,Back,7.0,249.62498092731175,12.250053916899795,1321,4.282608695652174,241.5813953488372
pos20,Back,7.083333333333333,249.86264809834796,12.183936742135293,1325,4.217391304347826,241.56363636363636
pos20,Back,7.166666666666666,249.2218031086744,12.116351287206594,1312,4.622641509433962,241.48275862068965
pos20,Back,7.25,249.8297172581565,11.659710655563398,1323,3.65,241.51612903225808
pos20,Back,7.333333333333333,249.81038142252015,12.247206672285309,1341,3.977272727272727,241.0506329113924
pos20,Back,7.416666666666666,249.95274065010906,12.165603736630784,1341,3.642857142857143,241.4716981132075
pos20,Back,7.5,250.9925866005041,12.31985196846785,1338,4.479166666666667,241.58823529411765
pos20,Back,7.583333333333333,252.3919340580804,12.24679795257689,1345,4.0638297872340425,241.57627118644064
pos20,Back,7.666666666666666,253.30644227307255,12.949207126468545,1349,4.283018867924528,241.23636363636365
pos20,Back,7.75,253.08379050897776,12.693639717408901,1335,3.735294117647059,241.5217391304348
pos20,Back,7.833333333333333,252.19281022373997,13.327648451040245,1338,3.4285714285714284,241.33962264150944
pos20,Back,7.916666666666666,250.80636848427457,13.201776311209384,1308,4.813559322033898,241.4375
pos20,Back,8.0,249.4195153556076,12.556861454237241,1325,5.0,241.2439024390244
pos20,Back,8.083333333333332,248.3985825257312,12.528392652456638,1340,4.7,241.47272727272727
pos20,Back,8.166666666666666,246.96462428195383,12.467650995427395,1330,4.787234042553192,241.4814814814815
pos20,Back,8.25,245.92086029782158,11.736107962104702,1294,4.962264150943396,241.5
pos20,Back,8.333333333333332,246.30243421679484,12.049841605947524,1307,4.588235294117647,241.48
pos20,Back,8.416666666666666,245.90489364921916,12.046818046279528,1292,3.65625,241.59701492537312
pos20,Back,8.5,245.69737395361435,11.939519571396433,1285,5.083333333333333,241.4
pos20,Back,8.583333333333332,244.99659226792676,11.465112036986962,1273,4.153846153846154,241.25
pos20,Back,8.666666666666666,244.4268553631959,11.239506643775812,1229,4.617647058823529,241.53333333333333
pos20,Back,8.75,244.82993428124868,11.679236895396045,1234,4.0,241.375
pos20,Back,8.833333333333332,244.7505456792849,11.419474226496513,1211,4.654545454545454,241.48387096774192
pos20,Back,8.916666666666666,244.7701681687342,11.79258490730243,1251,4.5,241.5142857142857
pos20,Back,9.0,244.68580371845977,11.24655939838095,1235,4.5,241.5
pos20,Back,9.083333333333332,244.08011142432275,11.404129028749985,1243,4.518518518518518,241.60227272727272
pos20,Back,9.166666666666666,243.9052236521554,11.695998014738304,1268,3.717948717948718,241.17910447761193
pos20,Back,9.25,244.00594344601456,11.230343571940903,1204,4.966101694915254,241.13333333333333
pos20,Back,9.333333333333332,244.1488991763317,11.060995442376907,1033,6.166666666666667,241.16666666666663
pos20,Back,9.416666666666666,243.86302336444916,11.420441072025211,1009,6.1940298507462686,240.5897435897436
pos20,Back,9.5,244.02448425735147,11.24870087402236,1261,4.0,241.28571428571428
pos20,Back,9.583333333333332,244.08686645267682,11.96515151303178,1237,4.0,241.45098039215685
pos20,Back,9.666666666666666,244.21754850061896,12.42097419043394,1272,4.59375,241.5806451612903
pos20,Back,9.75,244.0098260849224,13.17120114098862,1291,4.621621621621622,241.47272727272727
pos20,Back,9.833333333333332,242.87875982468682,12.501737177504594,1214,4.0,241.61111111111111
pos20,Back,9.916666666666666,243.03381032499254,12.817055948295907,1160,5.03030303030303,241.35
pos20,Back,10.0,242.59897989473842,14.036485268392003,1280,4.578125,241.22368421052633
pos20,Back,10.083333333333332,241.97642236545263,13.904849214303638,1291,4.9743589743589745,241.11111111111111
pos20,Back,10.166666666666666,242.21436954338245,14.122024803419604,1289,4.9855072463768115,241.5
pos20,Back,10.25,241.61797261251496,14.566216225406988,1239,4.0,241.26923076923077
pos20,Back,10.333333333333332,242.2573690034615,14.283126209599187,1237,4.297297297297297,241.5205479452055
pos20,Back,10.416666666666666,241.31617740856075,12.587130682679012,1111,4.824561403508772,241.26666666666668
pos20,Back,10.5,240.76017898953046,12.992479814896186,1066,5.085365853658536,241.36666666666667
pos20,Back,10.583333333333332,241.39545398903806,12.835982850132837,1249,4.578125,241.57575757575756
pos20,Back,10.666666666666666,240.6543727488665,11.184723445124362,1155,4.698412698412699,241.5686274509804
pos20,Back,10.75,240.73699388133653,11.340691438712371,1020,5.889908256880734,241.59302325581396
pos20,Back,10.833333333333332,239.93220958300392,10.930946453371167,1080,4.864864864864865,241.4712643678161
pos20,Back,10.916666666666666,240.00470414056718,11.566924467626128,1199,4.711864406779661,241.53488372093025
pos20,Back,11.0,239.2676840081833,10.975941318677132,1127,5.688888888888889,241.5
pos20,Back,11.083333333333332,238.94785851963235,11.065295604211844,1089,4.672131147540983,241.42424242424244
pos20,Back,11.166666666666666,238.65462599264384,11.131186062688647,1266,5.174603174603175,241.3125
pos20,Back,11.25,238.23194317839776,11.41677623098912,1254,5.364705882352941,241.56451612903223
pos20,Back,11.333333333333332,237.66984677815896,10.492797886075302,1170,5.411111111111111,241.60256410256412
pos20,Back,11.416666666666666,237.98912134008557,10.85876357262836,1234,4.5,241.54237288135593
pos20,Back,11.5,238.26180104138902,10.669137959158824,1230,5.041095890410959,241.18571428571428
pos20,Back,11.583333333333332,238.13247407339946,10.502844948936186,1202,5.041666666666667,241.3578947368421
pos20,Back,11.666666666666666,237.86837877171433,10.668337557563879,1201,4.714285714285714,241.42424242424244
pos20,Back,11.75,238.21269282526592,11.154626936300168,1275,5.0285714285714285,241.58333333333337
pos20,Back,11.833333333333332,238.09364275264892,10.611580973444026,1191,4.869565217391305,241.5
pos20,Back,11.916666666666666,237.99123570514428,11.57175398778754,1264,4.065217391304348,241.5
pos20,Back,12.0,238.37483067145305,10.763196177659767,1236,4.517857142857143,241.46268656716416
pos20,Back,12.083333333333332,238.23050487758243,11.002236944295445,1264,4.415094339622642,241.53684210526316
pos20,Back,12.166666666666666,238.1659900012423,10.869790560564716,1288,4.611940298507463,241.1296296296296
pos20,Back,12.25,237.2597088921895,10.71522417273415,1248,4.472222222222222,241.47272727272727
pos20,Back,12.333333333333332,236.86765758751602,10.429065813760214,1131,4.95945945945946,241.42424242424244
pos20,Back,12.416666666666666,236.68258131252497,10.767697969223576,1259,4.553191489361702,241.5438596491228
pos20,Back,12.5,236.3348344857522,10.890925088595642,1300,4.523809523809524,241.5
pos20,Back,12.583333333333332,235.22335006298653,10.64782339894094,1205,4.962025316455696,241.54054054054055
pos20,Back,12.666666666666666,235.73074360617903,10.917971011661242,1290,4.578125,241.5
pos20,Back,12.75,234.95014502924934,10.724308937165375,1313,4.040816326530612,241.54901960784315
pos20,Back,12.833333333333332,235.03530634900076,10.544792149639916,1300,4.5,241.5108695652174
pos20,Back,12.916666666666666,234.78930429362222,10.586899973447034,1296,5.0256410256410255,241.6052631578947
pos20,Back,13.0,235.10369548069835,10.621481828754263,1302,4.0,241.5813953488372
pos20,Back,13.083333333333332,235.80729403257226,11.304201035995698,1294,4.270833333333333,241.33333333333337
pos20,Back,13.166666666666666,235.41311774105841,10.66289959793791,1293,4.7073170731707314,241.54945054945057
pos20,Back,13.25,235.40678829654087,10.220729895204757,1283,4.5,241.57971014492753
pos20,Back,13.333333333333332,234.81974640249098,10.224147593015955,1278,4.2682926829268295,241.5
pos20,Back,13.416666666666666,234.3484857519951,9.926349505110567,1270,4.267857142857143,241.5
pos20,Back,13.5,234.5297144742379,10.555076944229725,1294,3.526315789473684,241.34920634920636
pos20,Back,13.583333333333332,234.27085241273684,10.31444598525554,1291,4.698412698412699,241.56666666666663
pos20,Back,13.666666666666666,233.67792584756526,10.16371792851512,1273,5.013333333333334,241.4655172413793
pos20,Back,13.75,233.9343310920806,10.167820739075262,1258,4.704545454545454,241.51612903225808
pos20,Back,13.833333333333332,233.37903920711892,10.34017612695666,1294,4.313725490196078,241.52941176470588
pos20,Back,13.916666666666666,233.18690221680913,10.1027133407704,1269,4.625,241.5471698113207
pos20,Back,14.0,233.62330669606695,9.992438490118257,1285,4.38,241.23076923076923
pos20,Back,14.083333333333332,233.4562639479974,10.14727747904065,1153,5.2784810126582276,241.1190476190476
pos20,Back,14.166666666666666,232.92170774214125,9.742921524637671,1171,6.068965517241379,241.18840579710144
pos20,Back,14.25,233.7138574762191,10.007528428980967,1234,5.0,241.1509433962264
pos20,Back,14.333333333333332,233.4222141861849,10.275961054245492,1165,5.588888888888889,241.296875
pos20,Back,14.416666666666666,233.34008433020716,9.972254007017009,1178,4.594594594594595,241.6034482758621
pos20,Back,14.5,233.509640658263,10.429313732138844,1182,4.431372549019608,241.52631578947367
pos20,Back,14.583333333333332,233.69432580145164,10.43443043373053,1250,5.603448275862069,241.44615384615383
pos20,Back,14.666666666666666,234.16088714913587,10.6537189198671,1263,4.8,241.5
pos20,Back,14.75,234.48248740670496,10.642007610018343,1257,3.4242424242424243,241.13186813186817
pos20,Back,14.833333333333332,234.2294565561768,10.38779849232752,1260,4.288888888888889,241.01923076923077
pos20,Back,14.916666666666666,234.2077874940984,10.520103006873331,1253,4.45945945945946,241.6034482758621
pos20,Back,15.0,233.37717099432913,10.4090767789385,1225,3.7954545454545454,241.5593220338983
pos20,Back,15.083333333333332,233.388973712497,11.02125953059007,1305,3.952380952380953,241.5737704918033
pos20,Back,15.166666666666666,233.20894426578252,10.993906140406322,1278,5.285714285714286,241.5
pos20,Back,15.25,232.95449806957058,11.225066076448556,1312,3.3870967741935485,241.45
pos20,Back,15.333333333333332,233.45894024649948,10.896188096115624,1301,4.377358490566038,241.3265306122449
pos20,Back,15.416666666666666,233.38467365993495,11.541768220030004,1311,4.372549019607843,241.35294117647055
pos20,Back,15.5,232.99245358513627,11.840758851590092,1313,3.7096774193548385,241.5
pos20,Back,15.583333333333332,233.18374375654105,11.501241644493893,1338,4.088888888888889,241.54794520547944
pos20,Back,15.666666666666666,233.48019317064438,11.303253312677937,1295,4.086956521739131,241.5
pos20,Back,15.75,232.91688879374294,10.408718001659304,1287,4.888888888888889,241.5
pos20,Back,15.833333333333332,233.50698665148494,11.048141399734002,1305,4.8108108108108105,241.475
pos20,Back,15.916666666666666,233.16126747374625,10.996109696849933,1253,4.2592592592592595,241.5
pos20,Back,16.0,233.1622706346809,10.616291454275029,1258,4.575757575757576,241.5737704918033
pos20,Back,16.083333333333332,233.84488339511037,10.489892039324136,1255,5.092307692307692,241.43333333333337
pos20,Back,16.166666666666664,233.8913896086859,10.637119093511085,1311,4.774193548387097,241.54
pos20,Back,16.25,234.34168283864975,10.599734315765355,1278,4.517241379310345,241.56338028169017
pos20,Back,16.333333333333332,235.35865564380936,10.824915425625193,1338,4.065217391304348,241.53846153846155
pos20,Back,16.416666666666664,235.56574828041138,10.616923780426106,1337,3.25,241.5
pos20,Back,16.5,236.11358047125154,10.811597645259841,1318,4.636363636363637,241.5686274509804
pos20,Back,16.583333333333332,236.7442998776111,10.879103508218833,1278,4.769230769230769,240.96153846153845
pos20,Back,16.666666666666664,237.03126948815003,11.636965745905185,1327,4.648148148148148,241.58823529411765
pos20,Back,16.75,238.03288024557546,12.058375507995956,1319,4.698412698412699,241.57608695652175
pos20,Back,16.833333333333332,238.81509492533166,12.437350946210575,1317,4.5,241.36666666666667
pos20,Back,16.916666666666664,239.32931950852011,12.464535578725704,1342,4.490566037735849,241.41176470588235
pos20,Back,17.0,239.62673920050705,12.492585150560947,1312,4.815384615384615,241.56451612903223
pos20,Back,17.083333333333332,239.60907870982484,12.601315825485834,1339,4.5,241.6034482758621
pos20,Back,17.166666666666664,239.46874876575632,12.322231350151126,1344,4.133333333333334,241.38181818181815
pos20,Back,17.25,240.01053549532128,12.152083317010765,1348,4.387096774193548,241.54945054945057
pos20,Back,17.333333333333332,239.88464304486197,12.075920813677037,1340,4.3061224489795915,241.5
pos20,Back,17.416666666666664,238.83948502013763,12.287427170117793,1318,4.836065573770492,241.41071428571428
pos20,Middle,0.0,564.1527451960324,60.821335410989846,1265,241.8082191780822,480.1111111111111
pos20,Middle,0.08333333333333333,547.5879496959673,59.70759109875907,1269,241.78181818181815,480.22549019607845
pos20,Middle,0.16666666666666666,535.931941778619,58.88548062243016,1319,241.87301587301587,480.1184210526315
pos20,Middle,0.25,523.7696967832733,57.34268329146278,1276,241.86666666666667,480.0754716981132
pos20,Middle,0.3333333333333333,519.43252346171,55.976187118569925,1353,242.0,480.18461538461537
pos20,Middle,0.41666666666666663,501.93022978776503,54.40949350499905,1300,241.8095238095238,480.14814814814815
pos20,Middle,0.5,492.25901418664574,53.097561258964554,1329,241.77083333333337,480.22115384615387
pos20,Middle,0.5833333333333333,483.78660457926384,51.69900884266263,1326,241.66666666666663,480.1224489795918
pos20,Middle,0.6666666666666666,478.2270861049786,51.8235323738604,1324,241.76,480.03125
pos20,Middle,0.75,466.84218241518573,50.331618320366566,1277,242.51724137931035,480.2558139534884
pos20,Middle,0.8333333333333333,459.0318944350673,49.266421468744305,1276,241.7560975609756,480.05263157894734
pos20,Middle,0.9166666666666666,455.33207762743586,49.69136387911059,1285,241.74285714285713,479.95714285714286
pos20,Middle,1.0,453.21614856892904,51.62651434700976,1334,241.8904109589041,480.2558139534884
pos20,Middle,1.0833333333333333,446.39610125232787,49.889778189313084,1326,241.8510638297872,480.2888888888889
pos20,Middle,1.1666666666666665,441.20439227121255,49.14824458880768,1333,241.67924528301887,480.11
pos20,Middle,1.25,430.1043100308361,49.49388144025379,1317,241.61666666666667,480.15384615384613
pos20,Middle,1.3333333333333333,423.5651244197313,49.09007413219358,1309,242.18987341772151,480.2181818181818
pos20,Middle,1.4166666666666665,417.913992429144,48.59328136527892,1347,241.65277777777777,480.0
pos20,Middle,1.5,410.6097958424892,48.22371299145238,1344,241.6346153846154,480.25
pos20,Middle,1.5833333333333333,406.7539487290647,48.0462474634791,1364,241.69230769230768,480.13793103448273
pos20,Middle,1.6666666666666665,403.03440150676334,47.167021621269576,1367,241.84615384615384,480.1428571428572
pos20,Middle,1.75,400.8535132674496,45.50070904769577,1321,242.27272727272728,479.37704918032784
pos20,Middle,1.8333333333333333,389.72335811408203,43.88660278197477,1339,241.6551724137931,479.8571428571428
pos20,Middle,1.9166666666666665,381.6016055653505,42.24614763313426,1337,241.71764705882353,480.25
pos20,Middle,2.0,375.4385827194392,41.591063164320055,1347,241.78571428571428,480.29824561403507
pos20,Middle,2.083333333333333,365.9591887218873,36.4885197059814,1342,241.89743589743588,480.1095890410959
pos20,Middle,2.1666666666666665,364.60599249730285,35.87700813872088,1345,241.75,480.1756756756757
pos20,Middle,2.25,359.65354469047406,33.94583720458688,1333,241.70833333333337,480.1714285714286
pos20,Middle,2.333333333333333,350.5906016929188,31.968005542807237,1313,241.70149253731344,479.7413793103448
pos20,Middle,2.4166666666666665,344.21334666058976,30.248901082670255,1293,241.65625,479.60227272727275
pos20,Middle,2.5,338.20798999793544,29.902841330656422,1200,241.75,480.2
pos20,Middle,2.583333333333333,335.9568519006739,29.003624815918535,1302,241.6153846153846,480.1078431372549
pos20,Middle,2.6666666666666665,331.32965269474215,27.773690278522533,1225,241.79591836734693,480.21590909090907
pos20,Middle,2.75,333.09198308715014,27.84564384476613,1334,241.6341463414634,480.25
pos20,Middle,2.833333333333333,328.8643060023606,27.25491204422171,1326,241.75,480.2244897959184
pos20,Middle,2.9166666666666665,325.9210899529017,26.771944757892037,1327,241.78181818181815,480.04545454545456
pos20,Middle,3.0,322.5887735869706,26.30803079173674,1330,241.70212765957447,480.1411764705882
pos20,Middle,3.083333333333333,320.25849106599406,26.507993217597306,1318,241.67088607594937,480.0857142857143
pos20,Middle,3.1666666666666665,318.09387218824526,25.819074504219863,1362,241.7843137254902,480.0
pos20,Middle,3.25,315.5134055322885,26.626253628144255,1373,241.6341463414634,480.280701754386
pos20,Middle,3.333333333333333,310.88313908551595,25.14370732642915,1351,241.6206896551724,480.2142857142857
pos20,Middle,3.4166666666666665,311.4202313032814,25.060964401198124,1366,241.8421052631579,480.07142857142856
pos20,Middle,3.5,305.99766545784775,24.82255533013316,1354,241.9090909090909,480.25
pos20,Middle,3.583333333333333,303.9925565436226,23.541207229462884,1356,241.93617021276592,480.15277777777777
pos20,Middle,3.6666666666666665,301.0119988367216,22.79043438749267,1347,241.65625,480.1923076923077
pos20,Middle,3.75,297.74496036947,22.424398261943097,1343,241.6190476190476,480.0
pos20,Middle,3.833333333333333,295.3483850827614,21.207709165750455,1315,241.6219512195122,480.1971830985915
pos20,Middle,3.9166666666666665,292.5885554791163,20.96927442936759,1234,242.5,479.94736842105266
pos20,Middle,4.0,290.702199000557,20.583938308023658,1311,241.8095238095238,480.27777777777777
pos20,Middle,4.083333333333333,287.7857589713589,20.008462331264752,1180,242.04,480.14814814814815
pos20,Middle,4.166666666666666,287.0119634199516,20.22009142947852,1110,241.77777777777777,480.0681818181818
pos20,Middle,4.25,284.28116772319333,19.435778458486535,1094,241.93333333333337,480.05405405405406
pos20,Middle,4.333333333333333,281.922006546181,18.959088812970837,1082,241.9154929577465,480.19607843137254
pos20,Middle,4.416666666666666,280.8716628129606,18.573963396010708,1132,241.69230769230768,480.13793103448273
pos20,Middle,4.5,280.04317808357104,18.461487955705202,1151,241.9318181818182,480.0
pos20,Middle,4.583333333333333,277.75714005250023,18.25585638637928,1194,242.14814814814815,480.11538461538464
pos20,Middle,4.666666666666666,277.1525213699444,18.196446195422915,1244,242.0897435897436,480.1428571428572
pos20,Middle,4.75,275.7985295659901,18.24104531463835,1271,241.69230769230768,480.27472527472526
pos20,Middle,4.833333333333333,275.1468633151546,18.099527736937723,1264,241.6846153846154,479.8382352941176
pos20,Middle,4.916666666666666,274.09967536818453,17.722993275379437,1303,241.71428571428572,480.25
pos20,Middle,5.0,273.0269192551345,18.046739160833884,1323,241.8840579710145,479.7733333333333
pos20,Middle,5.083333333333333,271.0699638016957,17.527359721934868,1290,242.51612903225808,480.1428571428572
pos20,Middle,5.166666666666666,269.59312588477627,17.696368942664318,1307,241.6206896551724,480.1971830985915
pos20,Middle,5.25,268.17873934075914,17.746496673151213,1243,241.83870967741936,480.3030303030303
pos20,Middle,5.333333333333333,267.5468508772697,17.57303463874955,1282,241.73076923076923,480.06410256410254
pos20,Middle,5.416666666666666,267.272799829191,17.04070234444354,1301,241.6346153846154,480.1578947368421
pos20,Middle,5.5,266.6802679031728,16.654409060493887,1308,241.8032786885246,480.25757575757575
pos20,Middle,5.583333333333333,265.7144050802039,16.56613282538439,1262,241.74324324324328,480.1290322580645
pos20,Middle,5.666666666666666,264.9846822402583,16.533395151704095,1267,241.765625,479.8382352941176
pos20,Middle,5.75,264.05151723380015,16.183403006229586,1274,241.74074074074073,479.5081967213115
pos20,Middle,5.833333333333333,263.0169145220856,16.421359024464177,1217,241.67,480.2298850574713
pos20,Middle,5.916666666666666,261.2690361225524,15.890364318805307,1288,241.70909090909092,480.25
pos20,Middle,6.0,260.3866406011411,15.495715822753919,1283,241.78181818181815,480.1095890410959
pos20,Middle,6.083333333333333,260.00734152929374,15.143072627795192,1302,242.29761904761904,479.9367088607595
pos20,Middle,6.166666666666666,259.00004594879084,15.625122339728934,1304,241.6727272727273,480.27272727272725
pos20,Middle,6.25,257.2953606424918,15.354080388534726,1296,242.0,480.0
pos20,Middle,6.333333333333333,256.59199349282926,14.64175985298289,1275,242.0,480.1044776119403
pos20,Middle,6.416666666666666,255.6068212878488,14.68984409295834,1260,242.0540540540541,479.8795180722891
pos20,Middle,6.5,255.01945179503088,14.339910676895729,1274,241.7321428571429,480.0681818181818
pos20,Middle,6.583333333333333,254.8236850214981,15.055002468143469,1287,241.70909090909092,480.1904761904762
pos20,Middle,6.666666666666666,254.36705431543368,14.229820438469913,1259,241.73134328358208,480.25
pos20,Middle,6.75,253.99320623973512,14.608487863197004,1267,241.65384615384616,480.1864406779661
pos20,Middle,6.833333333333333,254.03692704176578,14.281345141503126,1262,241.7840909090909,479.66
pos20,Middle,6.916666666666666,253.78820812456104,14.553679617098604,1260,241.63636363636363,480.2037037037037
pos20,Middle,7.0,253.86553380779276,14.4840838113083,1264,242.1904761904762,479.88461538461536
pos20,Middle,7.083333333333333,253.50549244088683,14.624893200310717,1264,241.734375,479.8382352941176
pos20,Middle,7.166666666666666,253.36821206401623,14.680989673314722,1254,242.06172839506172,479.7457627118644
pos20,Middle,7.25,253.59901520353947,14.230624675426675,1254,242.0,480.0967741935484
pos20,Middle,7.333333333333333,253.51414836092772,14.085015249675296,1259,241.65625,480.05405405405406
pos20,Middle,7.416666666666666,254.47075214094036,14.007595173965651,1256,241.71875,480.06666666666666
pos20,Middle,7.5,254.3412595969143,14.171282741684875,1247,241.8481012658228,479.82089552238807
pos20,Middle,7.583333333333333,256.43426568193,14.818996306745692,1251,241.9459459459459,480.26666666666665
pos20,Middle,7.666666666666666,256.07422380813216,14.893608483775328,1237,241.6888888888889,480.0933333333333
pos20,Middle,7.75,255.88498191030527,14.970851461516087,1243,241.71794871794873,480.2083333333333
pos20,Middle,7.833333333333333,254.10783287099252,14.80879618767653,1226,241.765625,480.30434782608694
pos20,Middle,7.916666666666666,252.42597385251983,14.445612409694487,1220,242.0,480.28846153846155
pos20,Middle,8.0,251.584422469252,14.066275993245295,1209,241.72413793103448,480.22972972972974
pos20,Middle,8.083333333333332,250.68256927745333,13.229499805522643,1238,242.76315789473685,480.3064516129032
pos20,Middle,8.166666666666666,250.31788789379698,13.46811847276249,1231,242.14814814814815,480.2181818181818
pos20,Middle,8.25,249.2434784025752,12.87634786733965,1223,241.89908256880733,480.2413793103448
pos20,Middle,8.333333333333332,249.70949254983373,12.927836934725264,1209,242.04166666666663,480.25
pos20,Middle,8.416666666666666,249.04539508400237,12.930477349854026,1183,241.67567567567568,480.25
pos20,Middle,8.5,248.02711051044045,12.886089613741627,1211,241.7741935483871,480.15277777777777
pos20,Middle,8.583333333333332,248.2260677009283,12.852961423069223,1196,241.69565217391303,479.9072164948454
pos20,Middle,8.666666666666666,247.88616651600572,12.960915514403943,1208,242.31428571428572,479.765625
pos20,Middle,8.75,247.62032691961696,12.27603301541489,1201,241.8181818181818,480.2772277227723
pos20,Middle,8.833333333333332,247.54399485304543,12.711586632890475,1204,241.70833333333337,479.93617021276594
pos20,Middle,8.916666666666666,247.43622488820716,12.853334906276178,1196,241.68141592920355,480.1219512195122
pos20,Middle,9.0,247.44240800868045,13.113566697237198,1190,242.0,480.0
pos20,Middle,9.083333333333332,247.2466661439661,12.85294164079187,1206,241.94285714285715,480.0
pos20,Middle,9.166666666666666,246.7853108329368,13.18909677867643,1196,241.67857142857144,480.09375
pos20,Middle,9.25,246.58092180667617,12.413321763753359,1210,241.66666666666663,480.19
pos20,Middle,9.333333333333332,246.20647356649965,11.956191998222433,1189,241.92592592592592,480.1864406779661
pos20,Middle,9.416666666666666,247.01347533484898,12.738746294124201,1189,241.7887323943662,480.2941176470589
pos20,Middle,9.5,246.7505183489003,12.544559999050714,1238,241.76315789473685,479.72289156626505
pos20,Middle,9.583333333333332,247.30227933054127,12.746753701302286,1238,241.9272727272727,480.25714285714287
pos20,Middle,9.666666666666666,246.8051114240007,12.771791554462368,1241,241.75,480.27536231884056
pos20,Middle,9.75,246.14967843863636,12.31889969033717,1249,241.97674418604652,480.0
pos20,Middle,9.833333333333332,245.47500394841103,12.44763510653649,1238,242.0540540540541,479.8292682926829
pos20,Middle,9.916666666666666,244.98878133400387,12.366491940646988,1249,241.9803921568627,479.7631578947368
pos20,Middle,10.0,243.95651598327518,11.97827035818527,1252,241.71794871794873,480.2089552238806
pos20,Middle,10.083333333333332,243.31317460581428,12.304269722694471,1247,242.49367088607596,480.296875
pos20,Middle,10.166666666666666,243.29077135978955,12.577627058534592,1249,241.6290322580645,480.2619047619048
pos20,Middle,10.25,242.85709094142257,12.385199391371255,1250,241.6341463414634,480.24615384615385
pos20,Middle,10.333333333333332,243.69952666591155,11.764884555112346,1240,241.725,479.4307692307692
pos20,Middle,10.416666666666666,242.62619896350967,12.353715061045907,1224,241.90666666666667,480.0882352941176
pos20,Middle,10.5,242.48230920621899,11.90222947920755,1223,241.67796610169492,480.0
pos20,Middle,10.583333333333332,242.33784016506456,12.096720556298813,1216,241.76923076923077,480.280487804878
pos20,Middle,10.666666666666666,242.27654458319142,12.239904340527621,1218,242.41666666666663,480.23333333333335
pos20,Middle,10.75,241.8407071532387,11.869958737138047,1179,241.63934426229508,480.0519480519481
pos20,Middle,10.833333333333332,241.523526957306,11.816499123680071,1208,241.64,480.0
pos20,Middle,10.916666666666666,241.4381576853845,11.770328007055545,1231,241.703125,480.05405405405406
pos20,Middle,11.0,241.3630192082,12.07961325301039,1223,241.90277777777777,480.17045454545456
pos20,Middle,11.083333333333332,241.23395388834342,11.479223314139004,1222,241.72268907563023,480.1844660194174
pos20,Middle,11.166666666666666,241.2540302755296,12.469326800383863,1243,241.83529411764707,480.27906976744185
pos20,Middle,11.25,240.72213021478566,11.956643873143667,1241,241.76666666666668,480.0
pos20,Middle,11.333333333333332,240.20306258808085,11.537198896079175,1235,241.925,480.1485148514852
pos20,Middle,11.416666666666666,240.77112478657892,11.639001340579934,1236,241.61363636363637,480.0519480519481
pos20,Middle,11.5,240.35774010980126,12.161809335913018,1254,241.75,480.1411764705882
pos20,Middle,11.583333333333332,240.39658944453754,12.164652910458225,1246,241.78181818181815,479.9438202247191
pos20,Middle,11.666666666666666,240.09108943477264,12.317555307972361,1238,241.72549019607845,480.0
pos20,Middle,11.75,240.7633319251457,12.17187143707165,1243,241.65625,480.1818181818182
pos20,Middle,11.833333333333332,241.07297940461774,12.398802157650474,1261,242.0,480.1666666666667
pos20,Middle,11.916666666666666,241.88266594206138,12.602965351661027,1257,241.65,480.0
pos20,Middle,12.0,241.3377627190057,11.78293071254823,1260,241.703125,480.15584415584414
pos20,Middle,12.083333333333332,241.47457351366089,12.15982054278041,1261,241.6153846153846,479.8840579710145
pos20,Middle,12.166666666666666,241.45340742892623,12.272137571624226,1256,242.09230769230768,480.11538461538464
pos20,Middle,12.25,239.72627906941827,12.093200267320386,1255,241.7321428571429,480.07894736842104
pos20,Middle,12.333333333333332,239.32225210538016,11.946402966551826,1239,242.0,480.28
pos20,Middle,12.416666666666666,238.47677823941515,11.867306630094296,1264,242.125,479.7945205479452
pos20,Middle,12.5,238.68122277840627,11.644311574297854,1269,241.9537037037037,480.1166666666667
pos20,Middle,12.583333333333332,237.85703386982647,11.539638945274945,1272,241.80701754385964,480.2692307692308
pos20,Middle,12.666666666666666,238.10203503599726,11.420269572526196,1268,241.8793103448276,480.1515151515151
pos20,Middle,12.75,238.2594070579098,11.549366594627715,1263,242.07142857142856,480.1219512195122
pos20,Middle,12.833333333333332,238.2201351899773,11.815124420738364,1260,241.7678571428571,480.0
pos20,Middle,12.916666666666666,237.4286289375697,11.337596622127627,1252,242.32,480.2112676056338
pos20,Middle,13.0,237.7464903648243,11.155830145462822,1241,241.7627118644068,479.6216216216216
pos20,Middle,13.083333333333332,238.09186648322114,11.425565039425072,1201,241.83823529411765,480.0
pos20,Middle,13.166666666666666,238.36178478698795,12.09578638427604,1226,241.8068181818182,480.0921052631579
pos20,Middle,13.25,238.28151561354417,11.626424897805707,1233,242.0,479.8125
pos20,Middle,13.333333333333332,238.15788002790757,11.517397618039023,1255,241.75,480.21875
pos20,Middle,13.416666666666666,237.30641819772296,11.714876066338592,1254,242.1489361702128,480.3015873015873
pos20,Middle,13.5,237.0297532215064,11.651628899074748,1256,241.6867469879518,480.14
pos20,Middle,13.583333333333332,236.86974062418975,11.641752659072774,1250,241.83333333333337,480.25
pos20,Middle,13.666666666666666,236.5245613306806,11.146817852695003,1251,241.64,480.0833333333333
pos20,Middle,13.75,235.80242664289628,11.12533409152819,1243,241.64150943396223,480.0
pos20,Middle,13.833333333333332,236.29764830144777,11.079858162047843,1262,241.72727272727272,480.2238805970149
pos20,Middle,13.916666666666666,235.03992713121488,11.186977713407737,1268,241.6176470588235,479.859375
pos20,Middle,14.0,235.9665204235744,11.348781140568532,1255,241.73529411764707,479.93548387096774
pos20,Middle,14.083333333333332,235.352697662145,11.082504098927204,1260,241.7111111111111,480.2
pos20,Middle,14.166666666666666,234.99257536887947,11.363595101003014,1268,241.64044943820224,480.1095890410959
pos20,Middle,14.25,235.04964773890725,11.177466500022142,1273,241.9125,479.9605263157895
pos20,Middle,14.333333333333332,235.1503640887658,11.021658433283983,1273,241.8860759493671,480.1612903225806
pos20,Middle,14.416666666666666,235.11828549096242,11.001754758034346,1264,241.640625,480.05555555555554
pos20,Middle,14.5,235.44064137763596,11.452180549654189,1263,241.66666666666663,480.2682926829268
pos20,Middle,14.583333333333332,235.30329455600364,11.432994769180734,1274,241.63333333333333,479.935064935065
pos20,Middle,14.666666666666666,234.86054831477225,11.043993171085521,1264,242.0,480.2021276595744
pos20,Middle,14.75,235.06407393958307,11.17553341560276,1265,241.703125,479.8985507246377
pos20,Middle,14.833333333333332,235.27396165853594,10.85611665549248,1279,241.7,480.26
pos20,Middle,14.916666666666666,235.11303523481058,11.011053894034687,1268,241.8510638297872,479.9375
pos20,Middle,15.0,234.4258081683283,11.323140998626215,1267,241.6216216216216,480.26666666666665
pos20,Middle,15.083333333333332,234.727493344225,10.892183768073346,1258,241.85294117647055,479.93939393939394
pos20,Middle,15.166666666666666,234.39183475422203,11.094809422777045,1282,241.96153846153845,480.280701754386
pos20,Middle,15.25,234.45420602855683,11.086066396025542,1270,241.9344262295082,480.08
pos20,Middle,15.333333333333332,234.5550075974459,11.109737130274683,1286,242.0,480.3
pos20,Middle,15.416666666666666,234.80754027865953,11.412259854711849,1293,241.7321428571429,480.2105263157895
pos20,Middle,15.5,234.44652989087834,11.833838102881918,1299,241.64197530864195,480.219512195122
pos20,Middle,15.583333333333332,234.09820483429112,11.420227968904587,1283,241.78947368421052,480.20754716981133
pos20,Middle,15.666666666666666,233.8153053437306,11.206503952674613,1296,241.94805194805195,480.25
pos20,Middle,15.75,233.87734687045696,11.862081065836179,1300,241.66,480.28846153846155
pos20,Middle,15.833333333333332,234.26507908103804,11.688360037203331,1306,241.66666666666663,480.20454545454544
pos20,Middle,15.916666666666666,233.90868731814973,11.450763442199252,1298,241.6818181818182,480.2278481012658
pos20,Middle,16.0,233.74065080987504,11.211043153438805,1297,241.6315789473684,480.2105263157895
pos20,Middle,16.083333333333332,233.7896322567926,11.111036024163106,1301,242.02739726027397,479.5
pos20,Middle,16.166666666666664,233.43740178462576,11.096748710445455,1313,241.67924528301887,480.2368421052632
pos20,Middle,16.25,233.97437670622983,11.415407146210002,1307,241.7,479.1267605633803
pos20,Middle,16.333333333333332,234.71782580341923,11.484158802008258,1316,241.8571428571429,480.2
pos20,Middle,16.416666666666664,234.64657496132125,11.61297854594101,1315,241.81159420289856,480.2439024390244
pos20,Middle,16.5,234.97062317694363,11.408672071404691,1323,241.85185185185185,480.0
pos20,Middle,16.583333333333332,235.06534508246708,11.451747612462551,1321,241.8,479.9189189189189
pos20,Middle,16.666666666666664,235.93458100063603,11.816894788800754,1328,241.8955223880597,479.2112676056338
pos20,Middle,16.75,236.21361133030663,11.660829275616246,1334,241.7,479.9736842105263
pos20,Middle,16.833333333333332,236.91357212296995,11.626166601690404,1344,241.6153846153846,480.2888888888889
pos20,Middle,16.916666666666664,237.1118438252295,11.915261593604745,1347,241.6153846153846,480.0
pos20,Middle,17.0,237.14807938523606,11.379689807584542,1336,241.64583333333337,480.0
pos20,Middle,17.083333333333332,237.33509956891928,11.680786412298469,1352,241.7462686567164,480.1764705882353
pos20,Middle,17.166666666666664,237.30685493205777,11.325900108070524,1356,242.0,480.27777777777777
pos20,Middle,17.25,238.14850661264379,12.029133603751482,1356,241.9318181818182,480.3020833333333
pos20,Middle,17.333333333333332,238.40062863270754,11.930030828176635,1341,241.66,480.3
pos20,Middle,17.416666666666664,237.87530824520115,11.638117743718864,1350,241.8571428571429,480.27142857142854
pos20,Opening,0.0,571.7709236042685,57.42649021384958,1202,480.5,709.7796610169491
pos20,Opening,0.08333333333333333,552.7649214821323,55.42151840155685,1204,480.578125,709.9852941176471
pos20,Opening,0.16666666666666666,538.5783330239727,51.727945214163036,1196,480.5882352941176,711.0
pos20,Opening,0.25,527.0079498410086,49.05257034517212,1195,480.3709677419355,710.5714285714286
pos20,Opening,0.3333333333333333,522.5223350618623,50.19807015820401,1201,480.7164179104478,710.9583333333334
pos20,Opening,0.41666666666666663,508.6771602560958,48.64655604301718,1200,480.47058823529414,710.98
pos20,Opening,0.5,499.39584926893184,46.740067521033225,1201,480.4130434782609,711.1875
pos20,Opening,0.5833333333333333,489.89703357184214,44.99501606364359,1191,480.7735849056603,710.8461538461538
pos20,Opening,0.6666666666666666,483.01041815196567,44.843181874940015,1191,480.5121951219512,711.6
pos20,Opening,0.75,474.0900818538918,44.16409853109448,1190,480.3376623376623,710.8163265306123
pos20,Opening,0.8333333333333333,468.24828864331397,43.26798611288002,1195,480.3103448275862,711.2857142857143
pos20,Opening,0.9166666666666666,466.36329647594255,42.694703521477344,1212,480.45454545454544,710.7241379310345
pos20,Opening,1.0,465.88953603045184,44.43153568386425,1212,480.8723404255319,711.2424242424242
pos20,Opening,1.0833333333333333,460.68949372344105,44.840186993700044,1221,480.74285714285713,711.0769230769231
pos20,Opening,1.1666666666666665,456.641914543298,44.751650924687176,1239,480.42857142857144,710.7241379310345
pos20,Opening,1.25,437.2348156311421,42.62738589169127,1244,480.475,710.9583333333334
pos20,Opening,1.3333333333333333,429.9932173272934,41.42696335864523,1240,480.3421052631579,710.92
pos20,Opening,1.4166666666666665,423.70658608715905,40.30781316973651,1245,480.3333333333333,710.5
pos20,Opening,1.5,415.8971105225849,40.77870620161096,1247,480.6470588235294,711.4193548387096
pos20,Opening,1.5833333333333333,409.9305794228647,39.41689501172928,1238,480.35483870967744,710.561403508772
pos20,Opening,1.6666666666666665,404.5353135553479,38.50672125673594,1224,480.3965517241379,710.7924528301887
pos20,Opening,1.75,400.74694139041964,35.60461092395838,946,480.5892857142857,710.8979591836735
pos20,Opening,1.8333333333333333,394.8938655000734,35.863659306001026,1184,480.52777777777777,710.7441860465116
pos20,Opening,1.9166666666666665,390.74786495040814,34.99712241545468,1180,480.43589743589746,711.2142857142857
pos20,Opening,2.0,388.123941856674,34.967693502764284,1164,480.56140350877195,710.4905660377359
pos20,Opening,2.083333333333333,383.59116588523426,36.36554105109037,1161,480.4901960784314,711.5294117647059
pos20,Opening,2.1666666666666665,382.0084900963746,36.11558965852996,1147,480.33898305084745,710.6363636363636
pos20,Opening,2.25,380.0931254903297,37.084534198072454,1120,480.4838709677419,711.4242424242424
pos20,Opening,2.333333333333333,373.1471812817211,37.06518272171963,1160,480.72222222222223,710.6034482758621
pos20,Opening,2.4166666666666665,368.99926070883987,36.73217878210099,1166,480.3207547169811,711.1041666666666
pos20,Opening,2.5,363.41063353557223,36.49228541856074,1171,480.8723404255319,710.515625
pos20,Opening,2.583333333333333,361.42063588059204,36.52392538296003,1172,480.4528301886792,710.8653846153846
pos20,Opening,2.6666666666666665,358.7322512421687,35.926963566323906,1179,480.8571428571428,710.9166666666666
pos20,Opening,2.75,359.6260805053933,36.0202875760093,1130,480.5593220338983,711.0652173913044
pos20,Opening,2.833333333333333,356.76559811277014,34.56523948070456,1169,480.3333333333333,712.1538461538462
pos20,Opening,2.9166666666666665,354.839525658929,34.9180361385926,1186,480.38461538461536,711.5142857142857
pos20,Opening,3.0,351.6004829928506,33.4302729006402,1198,480.5892857142857,711.4074074074074
pos20,Opening,3.083333333333333,349.7414132240681,32.252271573281035,1206,480.3157894736842,711.1463414634146
pos20,Opening,3.1666666666666665,348.69895356117127,31.06617818611019,1213,480.3421052631579,711.2142857142857
pos20,Opening,3.25,341.6398358741805,30.018363503099042,1206,480.3095238095238,711.3333333333334
pos20,Opening,3.333333333333333,338.0951294395829,30.800561126464164,1207,480.5,711.3076923076923
pos20,Opening,3.4166666666666665,337.0787643515318,30.573861668202866,1189,480.6410256410256,710.7826086956521
pos20,Opening,3.5,331.87292130651576,28.951585116492282,1197,480.5,711.925925925926
pos20,Opening,3.583333333333333,329.54222669052336,29.029565121251462,1177,480.3333333333333,710.9583333333334
pos20,Opening,3.6666666666666665,327.437014490215,27.955792803872953,1164,480.8245614035088,710.0
pos20,Opening,3.75,325.10308781415847,27.50351035016702,1186,480.44303797468353,710.7321428571429
pos20,Opening,3.833333333333333,322.8764296934318,27.23515128688358,1183,480.42857142857144,710.5806451612904
pos20,Opening,3.9166666666666665,320.44087570098566,26.791160230119836,1171,480.3076923076923,711.0
pos20,Opening,4.0,320.21451131777593,28.06015943903438,1157,480.6290322580645,710.9761904761905
pos20,Opening,4.083333333333333,317.96203407181383,27.258413121292616,1159,480.5757575757576,711.09375
pos20,Opening,4.166666666666666,316.4954292091025,27.78915840040134,1154,480.65384615384613,711.2424242424242
pos20,Opening,4.25,314.2730835838084,27.363922720825638,1152,480.327868852459,711.0232558139535
pos20,Opening,4.333333333333333,312.71194021140855,27.602844245362224,1157,480.4468085106383,710.5
pos20,Opening,4.416666666666666,312.67165370833646,27.599123253714556,1170,480.3098591549296,710.4901960784314
pos20,Opening,4.5,312.12758909641366,28.24623826489687,1156,480.5,710.75
pos20,Opening,4.583333333333333,311.6187322406717,28.59624144454644,1157,480.35955056179773,710.7894736842105
pos20,Opening,4.666666666666666,311.44445074883436,28.59875990752006,1158,480.6666666666667,710.7234042553191
pos20,Opening,4.75,310.98215758121717,29.391831448316008,1165,480.32307692307694,711.0
pos20,Opening,4.833333333333333,309.85172334572627,28.911768254119913,1186,480.3265306122449,710.7916666666666
pos20,Opening,4.916666666666666,309.7922283712472,29.477917553686915,1179,480.53125,710.4590163934427
pos20,Opening,5.0,308.82644844672024,29.692669754909573,1189,480.5,710.918918918919
pos20,Opening,5.083333333333333,306.8993682901235,29.1134181308393,1206,480.4146341463415,711.0
pos20,Opening,5.166666666666666,304.6729579443519,28.985600827705703,1197,480.4838709677419,711.3947368421053
pos20,Opening,5.25,302.109904275441,27.433684508046717,1187,480.35849056603774,710.5185185185185
pos20,Opening,5.333333333333333,302.3671794602515,27.698682159959898,1186,480.6,712.0
pos20,Opening,5.416666666666666,303.6197221515947,28.29107175897881,1171,480.3376623376623,710.5172413793103
pos20,Opening,5.5,304.2545599886073,28.39740281716293,1183,480.43283582089555,710.6296296296297
pos20,Opening,5.583333333333333,304.14463705391194,28.375042705236037,1180,480.5,710.7222222222222
pos20,Opening,5.666666666666666,304.03595338551474,29.30556052218182,1183,480.3928571428572,710.3230769230769
pos20,Opening,5.75,303.3030062864946,29.448810056449943,1201,480.52830188679246,710.9545454545455
pos20,Opening,5.833333333333333,299.91451717502156,29.2616837263905,1194,480.63793103448273,710.5
pos20,Opening,5.916666666666666,297.68869558508743,28.944297694945686,1181,480.35,710.5483870967741
pos20,Opening,6.0,295.71144233285077,27.416770815985068,1181,480.3529411764706,710.936170212766
pos20,Opening,6.083333333333333,295.7593481743826,27.488452861142004,1193,480.58620689655174,710.5593220338983
pos20,Opening,6.166666666666666,294.1081857279469,27.764309560728012,1168,480.54430379746833,710.7368421052631
pos20,Opening,6.25,293.18542121091315,27.488255283278573,1185,480.6027397260274,710.3965517241379
pos20,Opening,6.333333333333333,291.8114192669054,26.989135708668933,1183,480.3207547169811,712.1363636363636
pos20,Opening,6.416666666666666,290.607804870993,27.731624404512083,1172,480.74603174603175,711.025641025641
pos20,Opening,6.5,291.3019723008972,27.550052341054045,1174,480.38271604938274,710.5192307692307
pos20,Opening,6.583333333333333,289.9485041916584,27.895412614459914,1176,480.4901960784314,710.936170212766
pos20,Opening,6.666666666666666,289.4061206179276,27.785927472767945,1159,480.5593220338983,710.6909090909091
pos20,Opening,6.75,289.40739092795803,27.550623690678883,1170,480.3888888888889,710.7241379310345
pos20,Opening,6.833333333333333,289.49577039187716,27.552995085529723,1148,480.5,712.1
pos20,Opening,6.916666666666666,289.2592963394426,27.753342403033177,1137,480.390243902439,710.9318181818181
pos20,Opening,7.0,289.56970069219636,28.193221458406885,1131,480.32142857142856,710.7
pos20,Opening,7.083333333333333,290.77098966806375,28.081038318407657,1137,480.67816091954023,710.6140350877193
pos20,Opening,7.166666666666666,290.8729216329182,28.32901007770299,1152,480.3333333333333,712.08
pos20,Opening,7.25,291.2162369337791,27.552431090521853,1149,480.6444444444445,711.1515151515151
pos20,Opening,7.333333333333333,293.04526714239597,28.857969043285912,1139,480.4166666666667,710.9777777777778
pos20,Opening,7.416666666666666,293.09261742222316,28.979828012680745,1101,480.52777777777777,711.6129032258065
pos20,Opening,7.5,294.32256840555476,28.97185045016702,1138,480.46666666666664,711.0
pos20,Opening,7.583333333333333,296.4475050011155,29.81242180691941,1082,480.4492753623188,710.925
pos20,Opening,7.666666666666666,295.86665674506753,30.06636149454119,1074,480.3068181818182,711.1111111111111
pos20,Opening,7.75,294.8828929922384,30.428197871547376,1065,480.6344086021506,710.7333333333333
pos20,Opening,7.833333333333333,291.21429023635983,30.576804496865464,1097,480.7906976744186,711.4642857142857
pos20,Opening,7.916666666666666,286.5765148141751,28.006472389687687,1148,480.34615384615387,711.4242424242424
pos20,Opening,8.0,285.7572144747521,27.805142439395606,1107,480.4418604651163,711.0
pos20,Opening,8.083333333333332,284.3547010054797,26.936524835725805,1117,480.65384615384613,710.7321428571429
pos20,Opening,8.166666666666666,283.9603691721958,27.593811197584497,1116,480.6909090909091,711.081081081081
pos20,Opening,8.25,282.7102696644727,27.170352790563452,1135,480.4823529411765,711.6333333333333
pos20,Opening,8.333333333333332,282.5319257913501,27.870869570434422,1059,480.7142857142857,710.34375
pos20,Opening,8.416666666666666,281.80214797221396,27.948717296070157,950,480.56,711.1111111111111
pos20,Opening,8.5,281.897666679183,27.248420768043058,1086,480.6727272727273,710.8837209302326
pos20,Opening,8.583333333333332,281.2652619031732,27.34085116076103,1060,480.4563106796117,711.8965517241379
pos20,Opening,8.666666666666666,281.99264899100547,26.56349018956839,1110,480.4255319148936,710.7173913043479
pos20,Opening,8.75,282.0437774927387,26.896252271993518,1091,480.3589743589744,710.5
pos20,Opening,8.833333333333332,281.48064412298726,27.030007378666795,1096,480.63492063492066,710.241935483871
pos20,Opening,8.916666666666666,281.5477563203123,27.24615546091374,1058,480.3684210526315,711.1071428571429
pos20,Opening,9.0,281.76176138418896,26.884717185568817,1034,480.42528735632186,711.225
pos20,Opening,9.083333333333332,281.5795786760142,26.990809454091572,1083,480.5,711.3243243243244
pos20,Opening,9.166666666666666,281.39894708274517,27.617647202719727,1018,480.375,710.0
pos20,Opening,9.25,281.4462602921338,26.483032598912956,1121,480.4767441860465,710.9347826086956
pos20,Opening,9.333333333333332,282.1932490600749,27.309823324884523,1110,480.44615384615383,710.9583333333334
pos20,Opening,9.416666666666666,282.2935671583519,27.188193876407347,1116,480.34375,709.9591836734694
pos20,Opening,9.5,283.5188074487768,27.618569619238723,1131,480.7,710.6101694915254
pos20,Opening,9.583333333333332,283.33340452486453,27.82312411733384,1139,480.5,710.6290322580645
pos20,Opening,9.666666666666666,281.407249115418,26.967060263051593,1136,480.53932584269666,710.75
pos20,Opening,9.75,278.9027240561146,26.26451914313364,1136,480.375,711.72
pos20,Opening,9.833333333333332,277.8636549327759,25.8471332109124,1143,480.3191489361702,711.8695652173913
pos20,Opening,9.916666666666666,279.10682854667346,25.99385816508777,1143,480.85135135135135,711.0526315789474
pos20,Opening,10.0,276.5545917055651,25.35511356159945,1140,480.6909090909091,711.1666666666666
pos20,Opening,10.083333333333332,275.5071389806523,25.49120217849431,1118,480.8571428571428,710.6333333333333
pos20,Opening,10.166666666666666,275.4807067067532,25.637815032496203,1137,480.3384615384616,711.2758620689655
pos20,Opening,10.25,274.83338310447226,25.72662378153006,1138,480.6428571428572,712.1
pos20,Opening,10.333333333333332,275.51924351914886,25.927905907617813,1135,480.5172413793103,710.457627118644
pos20,Opening,10.416666666666666,273.7823922155536,25.159766466954746,1117,480.6896551724138,711.0
pos20,Opening,10.5,273.6322154550197,25.07816189916473,1110,480.3125,710.9272727272727
pos20,Opening,10.583333333333332,273.2957028066437,24.782520363732782,1094,480.5,711.0769230769231
pos20,Opening,10.666666666666666,272.4895555201938,24.820257729009672,1108,480.36507936507934,710.7222222222222
pos20,Opening,10.75,272.5639777789638,24.448194241129894,1106,480.44262295081967,711.4642857142857
pos20,Opening,10.833333333333332,272.0720495736313,25.004846709629295,1112,480.57142857142856,710.7222222222222
pos20,Opening,10.916666666666666,272.4993357384562,24.926498172776576,1107,480.6304347826087,711.0652173913044
pos20,Opening,11.0,272.54408479871034,25.675134909906856,1107,480.5777777777778,710.9545454545455
pos20,Opening,11.083333333333332,272.21884981558,25.222481496946152,1105,480.7234042553192,710.9318181818181
pos20,Opening,11.166666666666666,272.42171800643393,26.10713039526209,1089,480.3103448275862,710.974358974359
pos20,Opening,11.25,271.46430877766653,24.94086103822467,1105,480.55,710.6333333333333
pos20,Opening,11.333333333333332,271.3835308848343,24.847404674433736,1098,480.35483870967744,710.7567567567568
pos20,Opening,11.416666666666666,271.62377655862235,24.343725566479428,1095,480.5978260869565,710.7894736842105
pos20,Opening,11.5,271.30179606161397,24.856728448464597,1111,480.5,710.4918032786885
pos20,Opening,11.583333333333332,271.3980766064504,24.925991085291255,1113,480.5172413793103,710.5
pos20,Opening,11.666666666666666,271.18653074812096,25.067217786708593,1117,480.3787878787879,710.9607843137255
pos20,Opening,11.75,272.5190409063974,24.77587176492093,1092,480.7435897435897,711.65625
pos20,Opening,11.833333333333332,274.15933401846013,25.930991859089314,1135,480.72222222222223,710.9791666666666
pos20,Opening,11.916666666666666,275.0280162634266,26.12152256859743,1114,480.3478260869565,710.5714285714286
pos20,Opening,12.0,276.0647045680614,25.677853442611713,1121,480.6666666666667,710.7222222222222
pos20,Opening,12.083333333333332,276.44323466402454,26.375293450104905,1112,480.7083333333333,710.5106382978723
pos20,Opening,12.166666666666666,276.02588833547406,26.306636751817926,1086,480.48571428571427,710.4426229508197
pos20,Opening,12.25,271.04338941705964,25.306594611431912,1142,480.4901960784314,710.9591836734694
pos20,Opening,12.333333333333332,269.8015327292065,25.150433084411958,1156,480.4102564102564,710.359375
pos20,Opening,12.416666666666666,268.92012599177826,24.988100143177185,1162,480.39473684210526,711.1666666666666
pos20,Opening,12.5,268.6232512185414,24.687785442079903,1144,480.4745762711864,710.741935483871
pos20,Opening,12.583333333333332,267.7429563014828,24.678112264057763,1162,480.4166666666667,710.8444444444444
pos20,Opening,12.666666666666666,267.368346925977,24.7601948598097,1151,480.3414634146341,711.9090909090909
pos20,Opening,12.75,266.9860789176647,24.34324631773007,1116,480.3965517241379,711.9090909090909
pos20,Opening,12.833333333333332,267.2703192173397,24.515842613958103,1123,480.38461538461536,711.0
pos20,Opening,12.916666666666666,266.9642521665322,24.430683813221428,1115,480.4242424242424,711.1739130434783
pos20,Opening,13.0,267.6306323464362,24.81873810799932,1109,480.44444444444446,710.1864406779661
pos20,Opening,13.083333333333332,265.1843047493381,23.023909798561224,759,480.4024390243902,711.7272727272727
pos20,Opening,13.166666666666666,267.3747141755064,24.69630742346615,976,480.7848101265823,711.1904761904761
pos20,Opening,13.25,269.1166122362253,25.98167295452459,1020,480.64,710.8627450980392
pos20,Opening,13.333333333333332,268.8256019082744,25.369894093469753,1082,480.34567901234567,710.9347826086956
pos20,Opening,13.416666666666666,267.02892709292314,24.38787825225048,1118,480.4418604651163,710.7
pos20,Opening,13.5,266.82414641813386,24.357878621824447,1091,480.52777777777777,710.8
pos20,Opening,13.583333333333332,266.7960546871499,24.629180792177443,1055,480.56,711.081081081081
pos20,Opening,13.666666666666666,266.4823196517941,25.014319712462264,1145,480.5595238095238,711.8260869565217
pos20,Opening,13.75,265.80136350024566,23.90767658269243,1149,480.5,711.6333333333333
pos20,Opening,13.833333333333332,266.05503874518314,24.758815614924963,1127,480.4528301886792,710.9545454545455
pos20,Opening,13.916666666666666,264.5563323534616,24.634052973710947,1136,480.3611111111111,711.5185185185185
pos20,Opening,14.0,264.69274309415675,24.78279423152152,1119,480.9375,710.5333333333333
pos20,Opening,14.083333333333332,264.132733415084,24.201189592934913,1129,480.3928571428572,710.5762711864406
pos20,Opening,14.166666666666666,263.7820739021303,24.54808482715231,1130,480.73846153846154,711.1463414634146
pos20,Opening,14.25,264.10102634994195,23.64602965252502,1124,480.51851851851853,711.3870967741935
pos20,Opening,14.333333333333332,263.80255951132517,23.918301225911673,1125,480.9154929577465,711.9130434782609
pos20,Opening,14.416666666666666,263.89676664107265,24.344692576381288,1126,480.3333333333333,710.5593220338983
pos20,Opening,14.5,263.78895811351583,24.211499778346685,1130,480.5593220338983,710.574074074074
pos20,Opening,14.583333333333332,263.3817081120785,23.982189708961183,1131,480.4470588235294,710.4901960784314
pos20,Opening,14.666666666666666,263.78654145825965,24.032482817864924,1135,480.875,710.8723404255319
pos20,Opening,14.75,264.4233184663827,24.83935766520836,1131,480.4096385542169,710.7826086956521
pos20,Opening,14.833333333333332,264.59141836615106,24.27222025291578,1129,480.3333333333333,711.71875
pos20,Opening,14.916666666666666,265.4862837295201,23.834101116269736,1131,480.542372881356,711.3529411764706
pos20,Opening,15.0,262.069911561587,23.716475613199503,1127,480.462962962963,711.0408163265306
pos20,Opening,15.083333333333332,262.56981462093086,23.761702477177682,1114,480.3544303797468,710.92
pos20,Opening,15.166666666666666,261.52950277874663,23.316390995835345,1142,480.4918032786885,711.0
pos20,Opening,15.25,262.3521753175564,24.853521422875005,1057,480.4528301886792,709.6585365853658
pos20,Opening,15.333333333333332,262.3026187230252,23.765226165637007,1139,480.3555555555555,710.4918032786885
pos20,Opening,15.416666666666666,262.4132531529165,24.505219788945187,1106,480.4375,710.3333333333334
pos20,Opening,15.5,262.4579996763134,24.308477459814657,1133,480.5079365079365,710.7826086956521
pos20,Opening,15.583333333333332,261.94320974684433,24.391826719591517,1110,480.6,711.0232558139535
pos20,Opening,15.666666666666666,261.77871503240505,24.031053471434216,1179,480.32142857142856,710.95
pos20,Opening,15.75,261.18502108698647,23.645922456099253,1170,480.3863636363636,711.0208333333334
pos20,Opening,15.833333333333332,261.74488530324476,24.417700249840586,1176,480.3888888888889,710.8571428571429
pos20,Opening,15.916666666666666,261.7229366403124,24.290718148154703,1183,480.4901960784314,710.7924528301887
pos20,Opening,16.0,259.96780810255143,23.79323378091895,1168,480.83561643835617,712.0
pos20,Opening,16.083333333333332,260.8534827618099,24.216122189028926,1177,480.5,710.92
pos20,Opening,16.166666666666664,260.56206440800577,24.119339318253633,1186,480.41052631578947,710.7096774193549
pos20,Opening,16.25,260.6659678370871,24.358980712982994,1188,480.3975903614458,710.6166666666667
pos20,Opening,16.333333333333332,261.24961821551983,24.47769297270321,1185,480.3965517241379,710.5714285714286
pos20,Opening,16.416666666666664,260.68655063287906,23.565448497020306,1180,480.5851063829787,711.3666666666667
pos20,Opening,16.5,260.99607504925126,23.982735764282463,1191,480.4528301886792,711.5142857142857
pos20,Opening,16.583333333333332,261.1579714781244,24.225673679135213,1204,480.3636363636364,711.0232558139535
pos20,Opening,16.666666666666664,261.3399317474831,24.23725810617481,1191,480.58024691358025,711.625
pos20,Opening,16.75,262.15493565594176,24.36239289684015,1210,480.5272727272727,711.9090909090909
pos20,Opening,16.833333333333332,262.4858373832398,24.673691987010642,1216,480.3376623376623,711.0232558139535
pos20,Opening,16.916666666666664,262.7249658798019,25.193822662137844,1215,480.9117647058824,710.6666666666666
pos20,Opening,17.0,263.1686770322683,24.92957074389789,1224,480.35483870967744,710.6538461538462
pos20,Opening,17.083333333333332,263.8625231658288,25.033221579225216,1213,480.886075949367,711.1034482758621
pos20,Opening,17.166666666666664,263.85963730028124,25.119940323007835,1211,480.95454545454544,710.561403508772
pos20,Opening,17.25,263.69353135178665,24.52714015565113,1217,480.5,711.8
pos20,Opening,17.333333333333332,264.6769319120286,25.17423886963933,1210,480.5483870967742,711.1578947368421
pos20,Opening,17.416666666666664,263.9021244108554,24.726927810522263,1226,480.3333333333333,710.9318181818181
pos21,Back,0.0,608.5612636366866,73.66914860347242,1275,5.553571428571429,241.5
pos21,Back,0.08333333333333333,591.2411875029851,72.3383316628224,1322,4.428571428571429,241.5744680851064
pos21,Back,0.16666666666666666,578.061308161814,71.85254319901804,1296,3.5,241.5108695652174
pos21,Back,0.25,567.0884296244424,67.79273220810205,1298,5.128205128205129,241.5
pos21,Back,0.3333333333333333,558.1475259854938,65.40191687139776,1360,4.516129032258065,241.5
pos21,Back,0.41666666666666663,551.2763453943029,65.60653936917734,1345,4.0,241.5
pos21,Back,0.5,539.8341408093671,63.64266710873179,1302,4.770833333333333,241.57777777777775
pos21,Back,0.5833333333333333,534.1022734071607,65.50146324589683,1296,5.271428571428571,241.5
pos21,Back,0.6666666666666666,523.2950705631249,64.49320345012562,1225,4.708333333333333,241.10169491525423
pos21,Back,0.75,515.4656204608746,64.05815036027208,1245,4.9298245614035086,241.53125
pos21,Back,0.8333333333333333,507.20079959989226,60.74596197896971,1321,4.565217391304348,241.6
pos21,Back,0.9166666666666666,499.9911847244909,59.97440530620745,1334,5.734375,241.375
pos21,Back,1.0,493.4185911282403,61.940031488597725,1257,5.223880597014926,241.3
pos21,Back,1.0833333333333333,487.30922351665816,58.09960205152608,1343,5.262295081967213,241.6071428571429
pos21,Back,1.1666666666666665,479.37527431036693,57.47587145681372,1328,4.890410958904109,241.6
pos21,Back,1.25,471.6885390478513,57.25698515580546,1291,5.536082474226804,241.58490566037736
pos21,Back,1.3333333333333333,464.56171727888375,55.862207586067456,1405,4.45,241.47457627118644
pos21,Back,1.4166666666666665,459.1310289738838,55.499006027479254,1456,5.0,241.42592592592592
pos21,Back,1.5,444.51442825411715,53.705664967741,1350,4.684210526315789,241.5
pos21,Back,1.5833333333333333,440.34694068776713,53.458066013681744,1452,4.769230769230769,241.57575757575756
pos21,Back,1.6666666666666665,426.5608094878862,52.14203288568801,1383,5.3125,241.23333333333332
pos21,Back,1.75,419.34942049840663,50.260194402381565,1419,5.554347826086956,241.52777777777777
pos21,Back,1.8333333333333333,409.6499151800272,49.322110419009135,1330,4.442622950819672,241.5593220338983
pos21,Back,1.9166666666666665,404.6199363816921,46.85826259590286,1433,4.5,241.47272727272727
pos21,Back,2.0,399.0602303525517,48.722431571645,1275,5.5,241.33962264150944
pos21,Back,2.083333333333333,393.6392885523233,47.14020117976275,1354,5.348314606741573,241.42424242424244
pos21,Back,2.1666666666666665,388.83461088377226,45.82251606141249,1290,5.530612244897959,241.5
pos21,Back,2.25,383.4606072514948,44.459953955676376,1284,5.027777777777778,241.41379310344828
pos21,Back,2.333333333333333,377.82546898784125,43.383507055492814,1282,5.028169014084507,241.2463768115942
pos21,Back,2.4166666666666665,373.8872897183328,39.940263590349595,1429,5.0,241.52
pos21,Back,2.5,367.62168887562103,38.77995791739323,1385,5.146341463414634,241.34883720930233
pos21,Back,2.583333333333333,366.31204338547656,40.33962621897349,1286,5.037037037037037,241.5483870967742
pos21,Back,2.6666666666666665,362.3335171617805,39.43876496465191,1292,5.275862068965517,241.56666666666663
pos21,Back,2.75,360.0085081767842,38.44809193075501,1308,5.415730337078652,241.42424242424244
pos21,Back,2.833333333333333,354.46361545489935,36.97826430603828,1303,4.4576271186440675,241.55913978494624
pos21,Back,2.9166666666666665,352.33451400379465,37.4545876840683,1303,4.40625,241.1095890410959
pos21,Back,3.0,347.53233693840883,36.38388569343648,1305,4.890410958904109,241.5681818181818
pos21,Back,3.083333333333333,342.8041103427721,35.94997481358946,1308,4.5588235294117645,241.5
pos21,Back,3.1666666666666665,338.95710742188015,35.589676790941716,1305,4.9875,241.51724137931035
pos21,Back,3.25,333.9563169088185,35.51562585528383,1336,4.690140845070423,241.35294117647055
pos21,Back,3.333333333333333,329.4308700205071,34.31843233150514,1301,5.214285714285714,241.6034482758621
pos21,Back,3.4166666666666665,325.3263627139857,33.666671133615864,1427,4.656716417910448,241.6034482758621
pos21,Back,3.5,319.06610122249856,32.1066914584833,1320,4.0,241.57575757575756
pos21,Back,3.583333333333333,315.11113037244877,31.605657947677013,1281,4.395833333333333,241.26
pos21,Back,3.6666666666666665,311.14499926584955,30.598853396821077,1259,4.552631578947368,241.3947368421053
pos21,Back,3.75,307.23288886373206,29.389857672178103,1233,5.288888888888889,241.53846153846155
pos21,Back,3.833333333333333,304.56289331935744,28.235918652565577,1308,4.145833333333333,241.0810810810811
pos21,Back,3.9166666666666665,302.08310929311796,27.40574388910741,1352,4.8,241.5
pos21,Back,4.0,299.53832840704405,26.341226402558966,1386,4.872340425531915,241.6034482758621
pos21,Back,4.083333333333333,296.9395134971944,27.258313570687115,1240,4.447368421052632,241.54237288135593
pos21,Back,4.166666666666666,295.29353254633355,26.748539972824066,1254,4.898550724637682,241.5909090909091
pos21,Back,4.25,291.8401103054463,24.91549351034386,1197,4.765625,241.4782608695652
pos21,Back,4.333333333333333,290.97278812973104,25.183944749434968,1238,4.431818181818182,241.4406779661017
pos21,Back,4.416666666666666,287.84829886006696,24.41510689167734,1218,4.491803278688525,241.54237288135593
pos21,Back,4.5,286.42759063854703,24.289157954450662,1216,5.389830508474576,241.43421052631575
pos21,Back,4.583333333333333,283.4238443173976,23.27997701968735,1248,4.892857142857143,241.48684210526315
pos21,Back,4.666666666666666,281.50922415537605,22.613295833565633,1212,5.527777777777778,241.55555555555551
pos21,Back,4.75,279.31890822887556,21.774537265970814,1217,5.482142857142857,240.58490566037736
pos21,Back,4.833333333333333,277.5585765745173,21.192298704922592,1224,5.958333333333333,241.6034482758621
pos21,Back,4.916666666666666,275.03060672867366,20.66426618017329,1278,4.078947368421052,241.16176470588235
pos21,Back,5.0,273.2953404676177,19.740046482187747,1352,3.857142857142857,241.42424242424244
pos21,Back,5.083333333333333,271.51657901361654,19.887485166141776,1420,3.943396226415094,241.5
pos21,Back,5.166666666666666,269.6732294783547,19.407465174110072,1429,4.1395348837209305,241.3265306122449
pos21,Back,5.25,267.31706075199077,18.73790293928906,1437,4.0,241.6
pos21,Back,5.333333333333333,266.63800515795106,18.32225839769931,1386,5.101449275362318,241.5324675324675
pos21,Back,5.416666666666666,263.85265994866955,18.29612330685267,1349,4.906666666666666,241.4032258064516
pos21,Back,5.5,263.4453451621362,17.544486704702365,1406,4.581818181818182,241.5
pos21,Back,5.583333333333333,260.5407509142479,16.886847487615203,1277,4.947368421052632,241.54237288135593
pos21,Back,5.666666666666666,260.3992643240975,16.571699135615354,1332,5.927272727272728,241.51612903225808
pos21,Back,5.75,259.047230882999,15.760453452118133,1326,4.1,241.57894736842104
pos21,Back,5.833333333333333,257.961711042652,16.677508437300652,1190,5.46067415730337,241.45945945945945
pos21,Back,5.916666666666666,257.0670142664563,15.881808504486445,1198,5.471698113207547,241.52631578947367
pos21,Back,6.0,257.4465518659208,16.063775409496838,1217,5.617977528089888,241.34328358208955
pos21,Back,6.083333333333333,256.5596193159425,15.670939742903268,1178,5.556701030927835,241.5909090909091
pos21,Back,6.166666666666666,255.5206975925841,14.844699255381006,1237,5.595744680851064,241.2173913043478
pos21,Back,6.25,254.9214007437636,14.89156358774832,1246,5.536082474226804,241.29032258064515
pos21,Back,6.333333333333333,254.21296209797165,14.971793674829424,1256,6.0,241.58333333333337
pos21,Back,6.416666666666666,253.78896049186633,14.838584909292676,1286,5.701030927835052,241.33333333333337
pos21,Back,6.5,252.48430915826737,13.828636145361841,1282,5.21875,241.29508196721312
pos21,Back,6.583333333333333,251.34404037250937,14.17750418206689,1254,4.753623188405797,241.54761904761904
pos21,Back,6.666666666666666,251.0797873795639,15.005828662556672,1415,4.338983050847458,241.5252525252525
pos21,Back,6.75,249.4985111053341,14.090082884620518,1421,3.86046511627907,241.5806451612903
pos21,Back,6.833333333333333,248.93640662840286,14.555968144952258,1418,3.3513513513513513,241.3695652173913
pos21,Back,6.916666666666666,247.47411016594555,13.363065402171689,1379,3.9361702127659575,240.9090909090909
pos21,Back,7.0,246.26615429577322,13.294107634139054,1364,4.148936170212766,241.59183673469389
pos21,Back,7.083333333333333,245.72123859289925,12.821898032973602,1415,5.152777777777778,241.5967741935484
pos21,Back,7.166666666666666,245.76759866920983,12.851519033136407,1403,3.6666666666666665,241.5888888888889
pos21,Back,7.25,244.53563751151597,12.549550380107267,1382,5.0,241.46511627906975
pos21,Back,7.333333333333333,244.06004715752056,12.637575412906775,1348,4.886792452830188,241.57575757575756
pos21,Back,7.416666666666666,243.94464460206902,12.431679511349799,1344,3.6341463414634143,241.4393939393939
pos21,Back,7.5,244.2442695493019,12.722136193325893,1349,3.473684210526316,241.61111111111111
pos21,Back,7.583333333333333,244.24004854932284,12.628828593623489,1348,3.857142857142857,241.61111111111111
pos21,Back,7.666666666666666,243.28244384809565,12.612008087671015,1322,3.772727272727273,241.3015873015873
pos21,Back,7.75,243.019665760085,12.240555983415558,1304,4.571428571428571,241.55384615384617
pos21,Back,7.833333333333333,242.8774328933894,12.030435391311203,1281,4.931506849315069,241.01492537313433
pos21,Back,7.916666666666666,242.41040268669295,12.199258793977483,1314,4.955882352941177,241.5142857142857
pos21,Back,8.0,241.8229254895356,11.922170299266508,1299,5.109589041095891,241.36666666666667
pos21,Back,8.083333333333332,241.21661856618243,11.53642435744986,1199,4.0,241.6
pos21,Back,8.166666666666666,241.4705007480705,11.963547948953023,1320,4.452830188679245,241.6071428571429
pos21,Back,8.25,241.06497241925777,11.41618801766125,1316,4.489795918367347,241.22857142857143
pos21,Back,8.333333333333332,240.6016191555408,11.434853567901179,1272,4.523076923076923,241.6
pos21,Back,8.416666666666666,239.61453912855762,11.259888559195426,1179,4.7727272727272725,241.4782608695652
pos21,Back,8.5,239.4113494666209,11.694683759659277,1193,5.568181818181818,241.56976744186048
pos21,Back,8.583333333333332,238.4814885017142,10.834927488084153,1175,5.5,241.50617283950615
pos21,Back,8.666666666666666,238.44709487264888,11.181539449420061,1157,5.876923076923077,241.5
pos21,Back,8.75,237.85471057947717,11.179453017733985,1129,4.462686567164179,241.53846153846155
pos21,Back,8.833333333333332,237.00125752014566,10.494089695845172,1085,5.0875,241.5
pos21,Back,8.916666666666666,237.07971764995847,10.581062057911144,1068,5.156626506024097,241.59259259259255
pos21,Back,9.0,237.0506469980921,10.822816711809187,1147,5.055555555555555,241.29310344827587
pos21,Back,9.083333333333332,236.89287656109278,10.624566269648485,1124,5.411764705882353,241.53333333333333
pos21,Back,9.166666666666666,237.2050091570345,10.681527335903844,1149,4.894736842105263,241.6034482758621
pos21,Back,9.25,236.35965561087409,10.877520718061929,1066,5.213333333333333,241.55555555555551
pos21,Back,9.333333333333332,235.6050881099939,10.613252992943647,1081,4.574074074074074,241.4814814814815
pos21,Back,9.416666666666666,236.43645940065173,10.898306409258376,1288,4.558139534883721,241.32432432432432
pos21,Back,9.5,235.76732879140647,10.310438893910714,1259,4.938271604938271,241.5686274509804
pos21,Back,9.583333333333332,235.7355398208088,10.858676496035509,1297,4.5,241.61052631578949
pos21,Back,9.666666666666666,235.23764193833105,10.522088525410544,1233,4.516129032258065,241.4193548387097
pos21,Back,9.75,234.96435934979155,9.981831875525897,1178,5.943181818181818,241.609756097561
pos21,Back,9.833333333333332,235.060793899845,9.84782249671733,1183,5.382022471910112,241.46938775510205
pos21,Back,9.916666666666666,235.1838174895074,9.884271849262706,1262,4.68,241.51612903225808
pos21,Back,10.0,235.64037417804974,10.15870379606745,1300,3.2777777777777777,241.5
pos21,Back,10.083333333333332,234.76603886378211,9.93152364423676,1277,3.942857142857143,241.6034482758621
pos21,Back,10.166666666666666,234.96610989130608,10.086576745557233,1279,4.2,241.5
pos21,Back,10.25,235.20720813103807,10.61835257931333,1294,4.3061224489795915,241.5686274509804
pos21,Back,10.333333333333332,236.1673055793121,10.672308240258934,1309,3.5757575757575757,241.54237288135593
pos21,Back,10.416666666666666,235.62557776746235,10.77707747993299,1306,4.0,241.2173913043478
pos21,Back,10.5,235.1121573399465,10.898548815483865,1313,3.5,241.45833333333337
pos21,Back,10.583333333333332,235.11183754915822,10.844879441714546,1324,4.394736842105263,241.42105263157896
pos21,Back,10.666666666666666,234.75435756515918,10.771927341196117,1332,3.25,241.55555555555551
pos21,Back,10.75,234.2481237916213,10.389857291371122,1309,4.904109589041096,241.48275862068965
pos21,Back,10.833333333333332,232.83357892460745,10.137073906603185,1246,5.1066666666666665,241.31578947368425
pos21,Back,10.916666666666666,232.96480109975397,10.245958737116114,1254,4.947368421052632,241.44444444444449
pos21,Back,11.0,232.88048583287488,9.691128062146225,1260,4.9743589743589745,241.52941176470588
pos21,Back,11.083333333333332,232.6916582094296,9.718670003968057,1255,5.1875,241.52941176470588
pos21,Back,11.166666666666666,232.53365055894224,9.807170104764094,1263,5.0843373493975905,241.46938775510205
pos21,Back,11.25,232.37808818910423,9.762656578883535,1305,5.052631578947368,241.3793103448276
pos21,Back,11.333333333333332,232.26529556580599,9.68530524441785,1304,5.0,241.1803278688525
pos21,Back,11.416666666666666,231.82883876050414,9.697033462169918,1281,5.116883116883117,241.55844155844156
pos21,Back,11.5,231.80230422782944,9.717419328307322,1264,4.9743589743589745,241.61111111111111
pos21,Back,11.583333333333332,231.97103419402075,9.912636470570602,1201,4.788461538461538,241.4109589041096
pos21,Back,11.666666666666666,231.96245515478245,9.720761223687973,1210,4.684210526315789,241.6034482758621
pos21,Back,11.75,232.53308712023045,9.945885742386597,1249,5.535714285714286,241.57777777777775
pos21,Back,11.833333333333332,232.58399590029813,9.911558856993638,1262,5.22093023255814,241.5
pos21,Back,11.916666666666666,232.0575552327288,9.629855948819516,1295,5.121212121212121,241.17142857142855
pos21,Back,12.0,232.3761337436024,9.76580774872433,1311,5.241935483870968,241.5593220338983
pos21,Back,12.083333333333332,232.0528955102711,9.91087579680464,1302,5.551724137931035,241.41509433962264
pos21,Back,12.166666666666666,231.32436476222503,9.855433985832091,1316,4.578125,241.24242424242425
pos21,Back,12.25,231.1106531037679,9.857167761508276,1315,3.933333333333333,241.59420289855072
pos21,Back,12.333333333333332,230.712012515212,10.035407357461578,1362,4.0,241.44
pos21,Back,12.416666666666666,231.2152000060096,10.574121637590638,1351,4.285714285714286,241.44642857142856
pos21,Back,12.5,231.03384762917912,10.459199197880494,1358,3.647058823529412,241.55263157894737
pos21,Back,12.583333333333332,229.98338948923998,10.129608095568955,1368,4.7073170731707314,241.55172413793105
pos21,Back,12.666666666666666,229.98568465388726,9.855865448570114,1388,3.9318181818181817,241.3653846153846
pos21,Back,12.75,230.59519122161012,10.16638558712289,1375,4.530612244897959,241.54098360655735
pos21,Back,12.833333333333332,230.75321744982392,10.07185004253727,1342,3.1818181818181817,241.58620689655172
pos21,Back,12.916666666666666,230.61308024249186,9.917451199597581,1364,3.5714285714285716,241.5625
pos21,Back,13.0,230.3601811450453,9.562305649156212,1367,4.2075471698113205,241.3875
pos21,Back,13.083333333333332,230.20318266147706,9.594628638712779,1370,4.4576271186440675,241.56521739130432
pos21,Back,13.166666666666666,229.9931592596241,9.367927715822574,1352,4.588235294117647,241.23636363636365
pos21,Back,13.25,230.32653145693877,9.768320662420477,1360,4.5,241.5820895522388
pos21,Back,13.333333333333332,230.10041917464926,9.679104493632106,1336,4.813559322033898,241.31578947368425
pos21,Back,13.416666666666666,230.3021251339305,9.652851261461304,1348,4.0,241.55555555555551
pos21,Back,13.5,230.19414174871045,9.817361280629516,1312,4.48,241.0566037735849
pos21,Back,13.583333333333332,229.7742672807275,9.77339174053167,1305,5.153846153846154,241.525
pos21,Back,13.666666666666666,229.18301501397275,9.56463482616415,1324,5.505376344086022,241.375
pos21,Back,13.75,229.20700959177609,9.496194061315038,1340,4.595238095238095,241.5806451612903
pos21,Back,13.833333333333332,229.72537517430075,9.447238471258348,1344,3.962962962962963,241.3793103448276
pos21,Back,13.916666666666666,229.06676286396217,9.426367404875865,1304,4.218181818181818,241.14705882352945
pos21,Back,14.0,229.37679549783064,9.74245081380601,1386,4.288888888888889,241.55
pos21,Back,14.083333333333332,229.5386635054376,9.907032414454104,1398,3.5757575757575757,241.5593220338983
pos21,Back,14.166666666666666,229.2032131520201,9.866201708153676,1396,4.375,241.4406779661017
pos21,Back,14.25,229.34402922351939,10.275369976282189,1399,4.543859649122807,241.47272727272727
pos21,Back,14.333333333333332,228.58745879365324,9.976020883244805,1402,3.9361702127659575,241.5806451612903
pos21,Back,14.416666666666666,228.29587565542266,9.785179572628367,1403,4.816901408450704,241.421875
pos21,Back,14.5,228.48378574656803,9.724287116758465,1412,3.75,241.5
pos21,Back,14.583333333333332,228.60656236025886,9.764362432465747,1403,4.218181818181818,241.5806451612903
pos21,Back,14.666666666666666,228.452038730796,9.368742112292734,1391,4.892857142857143,241.5897435897436
pos21,Back,14.75,228.450093195491,9.448584663528397,1334,4.617647058823529,241.50819672131144
pos21,Back,14.833333333333332,228.32450594011402,9.748142612384221,1331,4.428571428571429,241.4179104477612
pos21,Back,14.916666666666666,228.82462993152302,9.338749438168383,1351,4.753846153846154,241.57142857142856
pos21,Back,15.0,228.39362228192613,9.203217005316453,1338,4.906666666666666,241.5593220338983
pos21,Back,15.083333333333332,228.375668664504,9.19875495762546,1353,4.868421052631579,241.50819672131144
pos21,Back,15.166666666666666,228.1537683792873,9.109468959140857,1368,4.833333333333333,241.03846153846155
pos21,Back,15.25,228.1970319867787,9.309764594930225,1353,5.0,241.54098360655735
pos21,Back,15.333333333333332,228.08193302198742,9.822650381706293,1339,4.896103896103896,241.57142857142856
pos21,Back,15.416666666666666,227.99733297996167,9.857575817497995,1358,5.0,241.23636363636365
pos21,Back,15.5,227.7595227938621,10.308436864989572,1364,3.4242424242424243,241.4821428571429
pos21,Back,15.583333333333332,227.72172633606274,10.384587689185187,1347,4.833333333333333,241.32432432432432
pos21,Back,15.666666666666666,227.82000771057855,10.50966448245289,1365,5.389830508474576,241.42424242424244
pos21,Back,15.75,227.6699717292659,10.82400535370158,1376,5.088235294117647,241.5
pos21,Back,15.833333333333332,227.6129867380071,11.0069716867825,1361,4.375,241.6086956521739
pos21,Back,15.916666666666666,228.1574514414678,11.166298976187749,1338,5.714285714285714,241.5
pos21,Back,16.0,228.13670240763577,10.910699581392384,1370,5.808219178082192,241.04545454545453
pos21,Back,16.083333333333332,228.08154621822587,11.087219642526449,1329,5.397435897435898,241.40697674418604
pos21,Back,16.166666666666664,228.34704963987218,10.91937497993349,1348,5.0,241.4883720930233
pos21,Back,16.25,228.6426785742345,11.09532440793802,1355,5.180722891566265,241.6129032258065
pos21,Back,16.333333333333332,229.20989685186876,11.123206385718843,1352,3.8285714285714287,241.57575757575756
pos21,Back,16.416666666666664,228.96490563271158,10.618288473252024,1376,3.272727272727273,241.5813953488372
pos21,Back,16.5,229.67855842256859,10.348964096070782,1415,3.8958333333333335,241.5142857142857
pos21,Back,16.583333333333332,230.27286805884737,10.793276475867827,1362,4.844444444444444,241.56521739130432
pos21,Back,16.666666666666664,230.599248771658,10.60532126488856,1410,4.333333333333333,241.44262295081967
pos21,Back,16.75,231.13354835501042,10.829007771841678,1409,5.076923076923077,241.52941176470588
pos21,Back,16.833333333333332,231.2404737577091,10.997394933835146,1388,5.365591397849462,241.56666666666663
pos21,Back,16.916666666666664,231.10258221109692,11.1517181209521,1397,5.036585365853658,241.61111111111111
pos21,Back,17.0,231.71425173657497,10.959542226677426,1415,5.2439024390243905,241.16666666666663
pos21,Back,17.083333333333332,231.94269394739712,11.293935505866202,1386,5.065217391304348,241.56896551724137
pos21,Back,17.166666666666664,231.63961265752323,10.760396345333996,1418,4.404761904761905,241.3870967741935
pos21,Back,17.25,232.6642392278499,10.725747802677281,1412,4.869565217391305,241.14814814814815
pos21,Back,17.333333333333332,232.012032071289,10.319060648348353,1419,4.548387096774194,241.1315789473684
pos21,Back,17.416666666666664,231.38474644499541,10.34553530489767,1416,3.7804878048780486,241.47272727272727
pos21,Middle,0.0,574.418776182387,64.97344076390985,1403,242.23287671232876,480.078431372549
pos21,Middle,0.08333333333333333,551.8374593608373,63.87512049247678,1284,242.1081081081081,480.25
pos21,Middle,0.16666666666666666,541.8727482981151,61.595175281777124,1330,241.9245283018868,480.0
pos21,Middle,0.25,533.7809722481633,60.87776730133195,1384,241.6315789473684,480.2959183673469
pos21,Middle,0.3333333333333333,524.6216817466195,59.63799574475531,1394,241.6153846153846,480.0921052631579
pos21,Middle,0.41666666666666663,514.5490881955955,58.932460096691884,1373,241.70967741935485,480.25
pos21,Middle,0.5,501.44871255852735,56.78131756134199,1348,242.0,480.1358024691358
pos21,Middle,0.5833333333333333,484.76680612553884,55.82750202924158,1215,242.0,480.14
pos21,Middle,0.6666666666666666,479.437167832687,54.15492622069103,1298,241.66666666666663,480.2888888888889
pos21,Middle,0.75,472.4374329048857,53.52615813029586,1309,241.66666666666663,480.3015873015873
pos21,Middle,0.8333333333333333,464.4768888486946,53.5828816952318,1199,241.78048780487805,480.2181818181818
pos21,Middle,0.9166666666666666,459.1729625093043,53.12655695567955,1208,241.80645161290323,480.1111111111111
pos21,Middle,1.0,456.78475032218216,51.97453259010717,1330,242.0,480.1904761904762
pos21,Middle,1.0833333333333333,456.58821559538717,51.58378203031614,1372,241.85416666666663,480.234375
pos21,Middle,1.1666666666666665,446.74578820649634,50.99111018041476,1382,241.69014084507043,479.9549549549549
pos21,Middle,1.25,437.1809229123191,51.35872347294141,1376,242.0,480.1363636363636
pos21,Middle,1.3333333333333333,432.4058920788686,51.51412190059737,1381,242.5,480.25
pos21,Middle,1.4166666666666665,426.33135021716237,49.80101371007375,1390,242.9318181818182,480.20454545454544
pos21,Middle,1.5,411.3414473949919,47.99402258671512,1388,241.8421052631579,480.2619047619048
pos21,Middle,1.5833333333333333,410.18564410935693,48.154584979401214,1373,242.0,480.258064516129
pos21,Middle,1.6666666666666665,397.00675056639733,47.11425079643562,1395,242.0,480.2112676056338
pos21,Middle,1.75,389.90994440049815,44.74314401472427,1389,242.1095890410959,480.06382978723406
pos21,Middle,1.8333333333333333,380.30071651224875,43.44385261320299,1370,241.66233766233765,479.8510638297872
pos21,Middle,1.9166666666666665,377.35658243380374,42.94428811803528,1378,242.0,480.1034482758621
pos21,Middle,2.0,367.703785348988,40.61216125993824,1320,241.64,480.0
pos21,Middle,2.083333333333333,362.86258055033585,41.89269866029233,1195,241.8703703703704,480.1612903225806
pos21,Middle,2.1666666666666665,358.53430660523765,39.31394642341866,1251,241.7936507936508,480.2
pos21,Middle,2.25,354.5846934794887,38.77988927334966,1285,241.75757575757575,480.15384615384613
pos21,Middle,2.333333333333333,349.47663042144205,36.412907904048346,1307,241.72727272727272,480.0
pos21,Middle,2.4166666666666665,350.22085351806084,36.867988154054856,1361,241.63333333333333,480.1929824561403
pos21,Middle,2.5,346.085663844639,35.53091728003602,1367,241.875,480.27272727272725
pos21,Middle,2.583333333333333,340.44084563108595,34.72454194964727,1335,241.66666666666663,480.0
pos21,Middle,2.6666666666666665,337.7727558570591,34.01676967287367,1312,242.08955223880596,480.2535211267606
pos21,Middle,2.75,335.6398039473208,34.08282399165611,1306,241.78688524590163,480.0
pos21,Middle,2.833333333333333,334.9441258705124,33.969230358490165,1352,241.65625,480.2696629213483
pos21,Middle,2.9166666666666665,330.96082258824885,33.10199141484898,1344,241.78846153846155,480.24242424242425
pos21,Middle,3.0,328.1438624636824,32.71679523336514,1351,241.91304347826087,480.234375
pos21,Middle,3.083333333333333,324.67576242237766,32.13373312713119,1347,241.9591836734694,480.1951219512195
pos21,Middle,3.1666666666666665,320.58051081821554,31.039211341447636,1331,242.04819277108433,480.2758620689655
pos21,Middle,3.25,318.60286968993154,30.821303626667873,1380,241.8,480.2133333333333
pos21,Middle,3.333333333333333,313.05447615822027,29.17820878074222,1343,241.8846153846154,480.17857142857144
pos21,Middle,3.4166666666666665,311.90414346937786,28.259176227080207,1364,242.16,480.2133333333333
pos21,Middle,3.5,306.2796823297969,26.49657510959319,1368,241.8846153846154,480.20754716981133
pos21,Middle,3.583333333333333,302.21162279056733,25.088870468431818,1339,242.14814814814815,479.94
pos21,Middle,3.6666666666666665,298.6963745795099,23.86404512555983,1338,241.77142857142857,480.280487804878
pos21,Middle,3.75,295.2751880292478,23.632594673650136,1322,241.78048780487805,480.2926829268293
pos21,Middle,3.833333333333333,293.6026083754251,22.170469615995376,1336,241.90697674418604,480.0
pos21,Middle,3.9166666666666665,291.9607585311688,21.505485361901485,1340,241.66666666666663,480.20454545454544
pos21,Middle,4.0,289.60705817032834,20.475253986821873,1332,241.74193548387095,480.0754716981132
pos21,Middle,4.083333333333333,286.1675429994986,19.49708980785168,1343,241.76315789473685,480.06060606060606
pos21,Middle,4.166666666666666,283.7115866897402,19.204599662993385,1173,242.3068181818182,480.0681818181818
pos21,Middle,4.25,281.6540699887827,18.663159425576833,1306,242.0,480.0921052631579
pos21,Middle,4.333333333333333,279.6378757377819,18.09192655513834,1196,241.8095238095238,480.2181818181818
pos21,Middle,4.416666666666666,277.62640145083,17.77908556348236,1276,241.8793103448276,480.14814814814815
pos21,Middle,4.5,276.7532126959375,17.68677624740412,1244,241.73958333333337,479.75555555555553
pos21,Middle,4.583333333333333,275.3016115658749,16.82605228069507,1242,241.6304347826087,479.95
pos21,Middle,4.666666666666666,273.6136882563234,16.257800929313312,1281,241.73076923076923,480.0
pos21,Middle,4.75,272.7081366004296,16.6654525403332,1306,241.67045454545453,480.2058823529411
pos21,Middle,4.833333333333333,271.94399606261413,16.12073331623361,1322,241.6346153846154,480.2112676056338
pos21,Middle,4.916666666666666,271.8871034286133,16.065418118634202,1346,241.85185185185185,480.24242424242425
pos21,Middle,5.0,270.0572666187604,16.076941684580078,1357,241.6161616161616,480.135593220339
pos21,Middle,5.083333333333333,269.69019057834356,16.70582036735335,1362,241.65625,480.26666666666665
pos21,Middle,5.166666666666666,268.2009243458154,16.479655281519836,1359,241.97727272727272,480.1518987341772
pos21,Middle,5.25,266.92720720784604,15.82718906091806,1354,241.66666666666663,480.0
pos21,Middle,5.333333333333333,265.7983576905314,15.81482634138077,1367,241.76315789473685,480.14814814814815
pos21,Middle,5.416666666666666,263.7797650199945,14.989498784811802,1358,241.6153846153846,480.1095890410959
pos21,Middle,5.5,263.93676891872116,15.051946768271952,1345,241.84158415841583,480.0
pos21,Middle,5.583333333333333,261.92954529738944,14.341074839176223,1330,241.64814814814815,479.3617021276595
pos21,Middle,5.666666666666666,261.27046935425426,14.479591493080756,1327,241.65384615384616,480.1617647058824
pos21,Middle,5.75,260.600659918073,13.749164543191169,1323,241.72413793103448,479.9587628865979
pos21,Middle,5.833333333333333,258.9187407476258,13.225160640605223,1312,241.78048780487805,480.1666666666667
pos21,Middle,5.916666666666666,259.12122362322134,13.599339513099821,1273,242.08333333333337,480.296875
pos21,Middle,6.0,258.7407585330967,12.731679232036752,1268,241.72151898734177,480.0
pos21,Middle,6.083333333333333,258.91254184937645,12.482108842737668,1293,241.8510638297872,480.14814814814815
pos21,Middle,6.166666666666666,257.94059798064853,12.545712054945707,1330,241.63636363636363,480.14814814814815
pos21,Middle,6.25,257.8699435142484,12.688405000253047,1322,241.63492063492063,480.2
pos21,Middle,6.333333333333333,257.3785868122849,12.599768000077349,1323,241.62857142857143,480.17910447761193
pos21,Middle,6.416666666666666,256.81887216847866,12.735010365508838,1345,241.65384615384616,479.87692307692305
pos21,Middle,6.5,255.27424129027798,12.826307703933995,1359,241.78947368421052,480.0921052631579
pos21,Middle,6.583333333333333,254.03251218492963,13.20499718338035,1360,241.9142857142857,480.1
pos21,Middle,6.666666666666666,254.33504791284642,13.319502985996897,1347,241.66666666666663,480.1636363636364
pos21,Middle,6.75,253.64698492369232,13.087222628333144,1344,241.6206896551724,480.0
pos21,Middle,6.833333333333333,252.14002192314587,12.837393304533881,1340,241.6949152542373,480.0285714285714
pos21,Middle,6.916666666666666,250.86067807007782,12.65801374787969,1366,241.76315789473685,480.2368421052632
pos21,Middle,7.0,249.85274779093763,11.755936058316035,1354,241.9803921568627,480.25714285714287
pos21,Middle,7.083333333333333,250.32904205595813,12.286038090097756,1329,241.7246376811594,480.2586206896552
pos21,Middle,7.166666666666666,249.3089748200979,12.131733989468783,1313,242.1,479.5
pos21,Middle,7.25,249.1208998959671,11.591386835976701,1309,241.84615384615384,480.1428571428572
pos21,Middle,7.333333333333333,248.4922906724047,11.4230489293728,1300,242.67142857142855,480.1194029850746
pos21,Middle,7.416666666666666,248.21864619025064,11.436215625083243,1288,241.88059701492537,479.65625
pos21,Middle,7.5,248.10138207739942,11.396783322730688,1255,241.6346153846154,480.0
pos21,Middle,7.583333333333333,248.9920999873599,11.277214462057831,1237,241.66666666666663,479.90909090909093
pos21,Middle,7.666666666666666,248.01999173542984,10.644125819266373,1231,242.0,479.7236842105263
pos21,Middle,7.75,247.40093801616501,10.933469979604377,1246,241.6727272727273,480.1090909090909
pos21,Middle,7.833333333333333,247.02393986730166,10.690489563655163,1256,241.7,479.5
pos21,Middle,7.916666666666666,247.3030579452585,11.185461266598036,1246,241.65217391304347,480.02777777777777
pos21,Middle,8.0,246.93133800381077,10.640248532475969,1272,241.6451612903226,480.0392156862746
pos21,Middle,8.083333333333332,246.5869459785485,10.727699282322241,1254,241.75925925925927,480.2181818181818
pos21,Middle,8.166666666666666,246.75231772194576,11.367478361636143,1259,241.79166666666663,480.14864864864865
pos21,Middle,8.25,246.13326739448257,11.2054664075329,1253,241.6206896551724,480.2307692307692
pos21,Middle,8.333333333333332,245.20977561144446,10.661851157003019,1265,241.85185185185185,480.2456140350877
pos21,Middle,8.416666666666666,244.5712619584201,10.874300535234124,1267,241.95238095238096,480.2112676056338
pos21,Middle,8.5,244.02871596054098,10.73436706581012,1274,241.66666666666663,480.2763157894737
pos21,Middle,8.583333333333332,243.05971254071895,10.46925559316319,1260,241.78181818181815,480.3015873015873
pos21,Middle,8.666666666666666,242.40309722892158,10.49685506790588,1272,241.625,480.2173913043478
pos21,Middle,8.75,241.96349941983237,10.348881703254673,1269,241.73809523809524,480.2278481012658
pos21,Middle,8.833333333333332,241.4641452704518,10.288085447246253,1246,241.64044943820224,480.22352941176473
pos21,Middle,8.916666666666666,240.90706165015067,10.054463565831348,1214,242.0,480.0
pos21,Middle,9.0,241.41427637309874,9.989259979928141,1242,241.728813559322,479.94444444444446
pos21,Middle,9.083333333333332,241.1189474248038,10.558800291289502,1238,241.6428571428571,480.14864864864865
pos21,Middle,9.166666666666666,241.18249390133397,10.293000171230693,1231,241.9318181818182,480.25
pos21,Middle,9.25,240.59925295979693,10.352620424619014,1215,242.2,480.0769230769231
pos21,Middle,9.333333333333332,239.87507364077902,9.865351970015885,1206,241.76923076923077,480.16101694915255
pos21,Middle,9.416666666666666,240.9083694214297,10.711311814510779,1234,241.85135135135135,480.0
pos21,Middle,9.5,239.98759846324512,10.227210849441262,1228,241.82608695652175,480.1010101010101
pos21,Middle,9.583333333333332,239.70641803100975,10.455155489722937,1238,241.7258064516129,480.26
pos21,Middle,9.666666666666666,239.4131626385309,10.267008706479807,1237,241.67924528301887,480.1168831168831
pos21,Middle,9.75,238.40654748680643,10.064909543127825,1242,241.68041237113405,480.05333333333334
pos21,Middle,9.833333333333332,238.19180680872705,10.061493270570992,1246,241.74,480.0
pos21,Middle,9.916666666666666,238.7369060253187,9.904893657899283,1240,241.76923076923077,480.1470588235294
pos21,Middle,10.0,238.94812713829634,9.824957416882429,1226,241.734375,480.14864864864865
pos21,Middle,10.083333333333332,239.14552363190415,10.156285599615881,1239,242.05333333333337,480.0
pos21,Middle,10.166666666666666,239.8495203929849,10.241701361200967,1245,242.42528735632183,479.52272727272725
pos21,Middle,10.25,239.97604973102884,10.190350281798999,1247,241.83333333333337,479.96875
pos21,Middle,10.333333333333332,240.0965032896672,9.783085807003747,1224,241.8928571428571,479.7721518987342
pos21,Middle,10.416666666666666,239.7758650223292,10.095205263878452,1238,241.85185185185185,480.1842105263158
pos21,Middle,10.5,239.62794573941878,9.998984276834584,1226,242.1851851851852,480.2875
pos21,Middle,10.583333333333332,239.97215966261294,10.532294314678403,1212,241.8571428571429,480.1219512195122
pos21,Middle,10.666666666666666,239.17711758294962,9.995639491975162,1265,241.64705882352945,480.1095890410959
pos21,Middle,10.75,238.0132450159117,9.998451163968166,1283,241.62626262626264,479.97727272727275
pos21,Middle,10.833333333333332,235.92373763128268,9.729412086959377,1281,241.69230769230768,479.75384615384615
pos21,Middle,10.916666666666666,236.59560446948473,9.901768246309288,1291,241.73170731707316,480.1851851851851
pos21,Middle,11.0,236.0250154368382,9.848020386251383,1299,241.63636363636363,480.027397260274
pos21,Middle,11.083333333333332,235.907367685959,9.839948985522767,1291,241.71153846153845,480.2112676056338
pos21,Middle,11.166666666666666,235.33166851460186,9.678418599084763,1287,242.19298245614036,480.0
pos21,Middle,11.25,235.6059242210785,9.85743545097402,1284,241.7321428571429,480.2372881355933
pos21,Middle,11.333333333333332,235.30033446894262,9.72724988218315,1296,241.9318181818182,480.258064516129
pos21,Middle,11.416666666666666,235.2733537921067,9.549501186614709,1293,241.66666666666663,480.22857142857146
pos21,Middle,11.5,235.23514653474655,9.75101773304654,1281,242.35164835164835,480.1388888888889
pos21,Middle,11.583333333333332,234.52497495566556,9.35833671825574,1279,241.8,479.7866666666667
pos21,Middle,11.666666666666666,234.82883721468994,9.752270662403468,1274,241.96296296296296,480.2133333333333
pos21,Middle,11.75,234.85653848604824,9.554552386677848,1288,241.8510638297872,480.2238805970149
pos21,Middle,11.833333333333332,235.51248053295342,9.79196580880436,1303,241.62857142857143,480.0655737704918
pos21,Middle,11.916666666666666,235.96839463449552,9.815668124206818,1301,242.29166666666663,479.93617021276594
pos21,Middle,12.0,235.87509257004592,9.399962611396248,1310,241.82716049382717,480.1038961038961
pos21,Middle,12.083333333333332,235.24365896707175,9.771345299206175,1307,241.8815789473684,480.0816326530612
pos21,Middle,12.166666666666666,235.3219356047994,10.115258645168119,1307,242.0,480.0655737704918
pos21,Middle,12.25,234.7392806472229,9.422835181526853,1329,242.0754716981132,480.2173913043478
pos21,Middle,12.333333333333332,234.2464753679818,9.872046189681537,1318,241.6231884057971,480.2207792207792
pos21,Middle,12.416666666666666,233.90681564251847,9.947862021489716,1212,241.6931818181818,480.0754716981132
pos21,Middle,12.5,233.78425496414397,10.32864241708675,1203,241.65,480.1818181818182
pos21,Middle,12.583333333333332,233.4235916521337,9.839852746169623,1282,242.0,480.0576923076923
pos21,Middle,12.666666666666666,232.90257189674307,9.96496106869714,1309,241.6417910447761,480.0
pos21,Middle,12.75,233.556012856814,10.209818896205718,1273,242.0,479.7241379310345
pos21,Middle,12.833333333333332,233.71865360647783,9.917060869499194,1157,241.76315789473685,479.3965517241379
pos21,Middle,12.916666666666666,233.9790426701657,10.057942128908591,1217,241.85915492957747,480.15384615384613
pos21,Middle,13.0,233.23983735730667,9.428564699988804,1278,242.74418604651163,480.1851851851851
pos21,Middle,13.083333333333332,233.0299976109217,9.228321894995778,1284,241.6346153846154,480.0612244897959
pos21,Middle,13.166666666666666,233.04634268479484,9.23002978633295,1279,241.64556962025316,479.6984126984127
pos21,Middle,13.25,233.43011402190834,9.22290158997757,1281,241.625,479.7321428571428
pos21,Middle,13.333333333333332,233.06974291457354,9.49967786999816,1294,241.61363636363637,480.0952380952381
pos21,Middle,13.416666666666666,233.21643375989245,9.638491943888527,1288,241.7926829268293,480.2142857142857
pos21,Middle,13.5,232.77623193350544,9.346693322734843,1301,242.28571428571428,480.1764705882353
pos21,Middle,13.583333333333332,232.71223220908166,9.118667310516816,1298,241.78947368421052,480.14
pos21,Middle,13.666666666666666,232.70378212068712,8.972334751893808,1290,242.65263157894736,480.2926829268293
pos21,Middle,13.75,232.4380094087255,9.191287555974618,1297,242.0958904109589,480.14814814814815
pos21,Middle,13.833333333333332,232.47635032920678,9.16470337510231,1315,242.14583333333337,479.75384615384615
pos21,Middle,13.916666666666666,232.15653470140097,9.161670850192802,1316,241.7121212121212,480.0
pos21,Middle,14.0,232.1851154471435,9.304257854276921,1328,242.0,480.1666666666667
pos21,Middle,14.083333333333332,232.50906904399014,9.072827055328203,1274,241.84615384615384,480.0
pos21,Middle,14.166666666666666,231.84569435198463,9.40120564203684,1330,241.83333333333337,480.19767441860466
pos21,Middle,14.25,231.50164785505225,9.75663251952951,1311,241.93478260869568,480.0392156862746
pos21,Middle,14.333333333333332,230.93780891654217,9.431778097086143,1311,241.92,479.5681818181818
pos21,Middle,14.416666666666666,231.10120399452245,9.34856140627099,1311,241.91304347826087,480.25
pos21,Middle,14.5,231.44212550866516,9.749921546089,1303,241.79591836734693,480.0
pos21,Middle,14.583333333333332,231.09231300341827,9.137018571475965,1311,241.7,479.9066666666667
pos21,Middle,14.666666666666666,231.27595151924044,9.34951898249974,1311,241.8571428571429,480.1666666666667
pos21,Middle,14.75,231.24449451745116,8.92476166589922,1318,241.85185185185185,479.780487804878
pos21,Middle,14.833333333333332,231.19824803112783,9.150294536667888,1319,241.91666666666663,480.0481927710843
pos21,Middle,14.916666666666666,231.16666908816796,8.921396890712408,1327,241.65,480.0
pos21,Middle,15.0,230.5429026797997,8.847820976300603,1329,241.82142857142856,479.94444444444446
pos21,Middle,15.083333333333332,230.90017096377102,8.594022663686774,1333,241.6190476190476,480.0754716981132
pos21,Middle,15.166666666666666,231.1124759325214,9.347297646065853,1339,241.83823529411765,479.53333333333336
pos21,Middle,15.25,230.48279710245941,8.949046582116905,1348,241.64814814814815,480.27941176470586
pos21,Middle,15.333333333333332,230.13818195587996,9.15272664240311,1348,241.7678571428571,480.2586206896552
pos21,Middle,15.416666666666666,229.47188507883195,9.276320969527916,1357,241.82089552238807,479.97727272727275
pos21,Middle,15.5,229.1220096793117,9.060139007908298,1366,241.6428571428571,480.0
pos21,Middle,15.583333333333332,229.29227964439448,9.335781506258241,1378,242.08823529411765,480.1685393258427
pos21,Middle,15.666666666666666,229.06758818794583,9.355846846848284,1379,241.9803921568627,480.06451612903226
pos21,Middle,15.75,228.96925821153133,9.31330949196148,1375,242.14,480.1666666666667
pos21,Middle,15.833333333333332,228.73740628286254,9.388402888789878,1384,241.75714285714287,480.0
pos21,Middle,15.916666666666666,229.3501291509422,9.575195332034355,1379,241.71428571428572,479.88
pos21,Middle,16.0,229.0947235325516,9.505797948408667,1376,242.23684210526315,480.2022471910112
pos21,Middle,16.083333333333332,228.3909359706736,9.510979679271221,1388,241.625,480.1971830985915
pos21,Middle,16.166666666666664,228.9631448096832,9.6865361492076,1376,241.8688524590164,480.05263157894734
pos21,Middle,16.25,229.72959262675957,9.761882314464437,1383,241.83018867924528,480.0
pos21,Middle,16.333333333333332,229.97829796465516,9.608845169236965,1383,242.0,480.0
pos21,Middle,16.416666666666664,229.74301137895407,9.636935556254782,1394,241.7,480.0
pos21,Middle,16.5,229.9714999379165,9.454832658360056,1379,241.78947368421052,480.1864406779661
pos21,Middle,16.583333333333332,230.63660899902135,9.587209317948128,1403,241.64,480.0
pos21,Middle,16.666666666666664,230.83007242058176,9.716616914476374,1387,242.225,480.19736842105266
pos21,Middle,16.75,231.16128915728123,9.78703715014339,1378,241.98529411764707,480.28205128205127
pos21,Middle,16.833333333333332,231.09104596346407,9.774846709347333,1384,241.65625,480.25714285714287
pos21,Middle,16.916666666666664,231.28199913045782,9.534136841515139,1379,241.734375,480.0
pos21,Middle,17.0,231.9316900675945,9.978458081185932,1378,242.0,480.2352941176471
pos21,Middle,17.083333333333332,231.41106362219676,9.852695410330693,1383,242.0,480.2173913043478
pos21,Middle,17.166666666666664,231.31590927419455,10.184401775002533,1392,241.6590909090909,480.1940298507463
pos21,Middle,17.25,232.30771056073064,9.907038874380795,1391,241.6279069767442,480.18461538461537
pos21,Middle,17.333333333333332,231.81647252647656,10.409736155819669,1393,241.95238095238096,480.2888888888889
pos21,Middle,17.416666666666664,230.73629248657892,10.306531330581832,1385,241.65625,480.1126760563381
pos21,Opening,0.0,566.31541524283,61.880595163972735,1189,480.7826086956522,701.4516129032259
pos21,Opening,0.08333333333333333,542.9086690594452,56.802072742925304,1163,480.4782608695652,701.95
pos21,Opening,0.16666666666666666,533.3774255223717,59.2625256085261,1168,480.6292134831461,701.6785714285714
pos21,Opening,0.25,523.4570498744681,56.77348221999933,1157,480.6567164179105,700.9428571428572
pos21,Opening,0.3333333333333333,511.4352363929614,54.02731288780519,1154,480.3561643835616,700.5897435897435
pos21,Opening,0.41666666666666663,500.45583887596564,51.38982778828512,1153,480.31666666666666,701.5945945945946
pos21,Opening,0.5,488.3242793334901,49.455587152502154,1155,480.4901960784314,700.9318181818181
pos21,Opening,0.5833333333333333,471.979960657661,46.18270294499295,1160,480.3709677419355,701.7096774193549
pos21,Opening,0.6666666666666666,466.3766239796336,45.924683712928896,1162,480.359375,701.047619047619
pos21,Opening,0.75,460.51679305367213,46.36305454432803,1161,480.38709677419354,700.9333333333333
pos21,Opening,0.8333333333333333,453.5571133687992,44.93352645634872,1172,480.43589743589746,700.8627450980392
pos21,Opening,0.9166666666666666,448.767551537948,43.88941814493805,1177,480.375,701.1315789473684
pos21,Opening,1.0,448.7912691245576,44.50001610730429,1186,480.72222222222223,701.1470588235294
pos21,Opening,1.0833333333333333,448.9014915217716,44.76332330055378,1192,480.56962025316454,701.027027027027
pos21,Opening,1.1666666666666665,435.19371241174616,42.80834409930452,1195,480.46666666666664,701.0454545454545
pos21,Opening,1.25,429.5698239530079,42.33917908875406,1194,480.6190476190476,701.1666666666666
pos21,Opening,1.3333333333333333,426.03864491180656,42.37931600939506,1186,480.3333333333333,701.1666666666666
pos21,Opening,1.4166666666666665,421.533760134347,41.12107542631705,1138,480.3076923076923,701.4722222222222
pos21,Opening,1.5,409.5526806088892,41.21114581115361,1202,480.679012345679,700.8444444444444
pos21,Opening,1.5833333333333333,405.0829547957689,38.792258570707624,1155,480.7826086956522,700.9767441860465
pos21,Opening,1.6666666666666665,394.1571629880042,38.43598628313104,1173,481.0681818181818,700.9318181818181
pos21,Opening,1.75,388.7686715383551,37.34637325522973,1167,480.8125,701.5757575757576
pos21,Opening,1.8333333333333333,379.6539777775822,36.07715258419304,1141,480.3333333333333,700.9318181818181
pos21,Opening,1.9166666666666665,377.52271610709147,34.117091972392075,1129,480.3076923076923,701.0833333333334
pos21,Opening,2.0,368.7483886898402,32.58262661373032,1126,481.35227272727275,701.0526315789474
pos21,Opening,2.083333333333333,361.09868171632405,30.24478526145382,1119,480.37142857142857,701.0208333333334
pos21,Opening,2.1666666666666665,358.078819957724,28.33971783068949,1120,480.3833333333333,701.0454545454545
pos21,Opening,2.25,354.34294141876256,26.76659204659278,1135,480.390625,701.9090909090909
pos21,Opening,2.333333333333333,352.28355790804466,27.40256938859254,1134,480.40909090909093,700.3898305084746
pos21,Opening,2.4166666666666665,353.17510910801445,27.884994521260758,1134,480.39506172839504,701.5806451612904
pos21,Opening,2.5,349.37977906606926,27.366757048441848,1149,480.3469387755102,701.5862068965517
pos21,Opening,2.583333333333333,345.49492798035766,26.685974460842075,1165,480.3787878787879,700.7954545454545
pos21,Opening,2.6666666666666665,343.49035324893424,25.829058607094012,1180,480.51851851851853,701.25
pos21,Opening,2.75,343.43472172100843,26.635283953557717,1188,480.3529411764706,700.9032258064516
pos21,Opening,2.833333333333333,342.7297303986904,27.323343308018035,1188,480.43283582089555,701.5333333333333
pos21,Opening,2.9166666666666665,341.4697412043511,26.871962313854162,1190,480.3432835820895,701.3666666666667
pos21,Opening,3.0,335.9661412592576,25.74358463610141,1192,480.47435897435895,701.2647058823529
pos21,Opening,3.083333333333333,330.0964561453662,24.528786624919004,1190,480.6909090909091,701.6896551724138
pos21,Opening,3.1666666666666665,325.9670849056009,23.73372857863707,1179,480.5531914893617,701.516129032258
pos21,Opening,3.25,324.2479135942148,23.02633765221671,1182,480.65625,701.4571428571429
pos21,Opening,3.333333333333333,322.2984995147294,22.661258153117554,1181,480.3974358974359,701.2903225806451
pos21,Opening,3.4166666666666665,322.1620549640475,24.15246464422798,1165,480.51851851851853,700.8333333333334
pos21,Opening,3.5,318.4894179493087,23.620546598157805,1168,480.34375,700.8
pos21,Opening,3.583333333333333,316.16339912581554,23.87511560926266,1164,480.3243243243243,701.4285714285714
pos21,Opening,3.6666666666666665,314.57428063372066,23.63834867318251,1161,480.3414634146341,701.3666666666667
pos21,Opening,3.75,312.19445605572673,22.485188315374504,1157,480.3571428571428,701.0
pos21,Opening,3.833333333333333,310.8269994767832,21.933567244282273,1141,480.60869565217394,700.9565217391304
pos21,Opening,3.9166666666666665,308.70591384890275,22.048127606231276,1147,480.3333333333333,701.15
pos21,Opening,4.0,306.6340135854452,20.903868888379925,1141,480.75,700.9375
pos21,Opening,4.083333333333333,304.83123921568284,20.965601095901985,1140,480.3962264150944,701.5
pos21,Opening,4.166666666666666,301.8248112976805,20.326354452217025,1141,480.4130434782609,701.3333333333334
pos21,Opening,4.25,300.9476197220186,21.232698451680765,1132,480.35483870967744,701.04
pos21,Opening,4.333333333333333,299.7747847285822,20.863536915334937,1138,480.33009708737865,701.1142857142858
pos21,Opening,4.416666666666666,298.56190412712056,20.622752322680057,1158,480.3965517241379,701.4242424242424
pos21,Opening,4.5,297.9444880938016,20.10576451135557,1154,480.5,701.1666666666666
pos21,Opening,4.583333333333333,297.4208293172595,19.740564533173412,1149,480.5,700.9183673469388
pos21,Opening,4.666666666666666,297.3589558143702,20.94849392674263,1145,480.79245283018867,700.8837209302326
pos21,Opening,4.75,296.85884220563986,20.891950131422814,1140,480.59615384615387,701.2
pos21,Opening,4.833333333333333,296.2194189187314,21.262534395983156,1158,480.69565217391306,700.7692307692307
pos21,Opening,4.916666666666666,296.10365899639237,21.56836445568459,1167,480.4634146341463,701.4594594594595
pos21,Opening,5.0,291.87537180891377,21.06474960281892,1174,480.37142857142857,701.0
pos21,Opening,5.083333333333333,288.8032090564314,20.442809963095396,1161,480.3333333333333,701.1304347826087
pos21,Opening,5.166666666666666,287.6460476045896,19.620341151110384,1144,480.3225806451613,700.925
pos21,Opening,5.25,285.4557869312049,18.46836419950063,1135,480.32307692307694,701.0
pos21,Opening,5.333333333333333,284.8769239121631,18.734048670951566,1160,480.3333333333333,701.5
pos21,Opening,5.416666666666666,283.29194155843317,18.514034207446556,1148,480.7916666666667,701.4722222222222
pos21,Opening,5.5,282.2562867465424,18.856452288713886,1118,480.3376623376623,700.8958333333334
pos21,Opening,5.583333333333333,282.50652844160794,18.82867233452188,1134,480.3421052631579,700.3492063492064
pos21,Opening,5.666666666666666,281.2796543970619,19.114095958130235,1131,480.34375,701.4722222222222
pos21,Opening,5.75,280.970018325051,18.62323396445803,1129,480.64814814814815,701.3428571428572
pos21,Opening,5.833333333333333,279.7544238950461,17.77214008511479,1118,480.5,700.8867924528302
pos21,Opening,5.916666666666666,279.7049865902741,18.2321452750762,1137,480.44827586206895,700.9318181818181
pos21,Opening,6.0,280.5271869065668,18.185467121152268,1133,480.46666666666664,701.1470588235294
pos21,Opening,6.083333333333333,281.3368936080036,17.956696799253553,1129,480.34375,701.4722222222222
pos21,Opening,6.166666666666666,282.14753248933766,18.81159150923813,1149,480.4255319148936,701.0714285714286
pos21,Opening,6.25,282.52104137786404,19.36778713958868,1168,480.3529411764706,700.9318181818181
pos21,Opening,6.333333333333333,282.52700264315524,19.22169884576753,1160,480.6463414634146,701.6333333333333
pos21,Opening,6.416666666666666,282.11961949709683,19.58665019015563,1161,480.45,700.56
pos21,Opening,6.5,277.5379126434554,17.974961252665295,1173,480.3684210526315,701.4193548387096
pos21,Opening,6.583333333333333,274.49049257748857,16.846526056308694,1162,480.5769230769231,701.4074074074074
pos21,Opening,6.666666666666666,274.86182343039826,16.950752117598835,1047,480.79661016949154,700.9473684210526
pos21,Opening,6.75,273.2810272351056,17.10792634012437,1108,480.609756097561,701.2571428571429
pos21,Opening,6.833333333333333,273.52539708539996,17.1984557451078,1047,480.375,700.7826086956521
pos21,Opening,6.916666666666666,272.15410683180176,16.913511124076525,1142,480.73333333333335,701.1395348837209
pos21,Opening,7.0,271.8461451248143,16.99567499566594,1141,480.7692307692308,700.8
pos21,Opening,7.083333333333333,272.66868504788636,16.74004309368162,1107,480.3783783783784,700.5882352941177
pos21,Opening,7.166666666666666,271.61145277510957,16.245735143358562,1077,480.506329113924,701.5
pos21,Opening,7.25,271.6315349653206,16.577313172438743,1112,480.3709677419355,701.0
pos21,Opening,7.333333333333333,271.19658108633723,16.857060645911936,1121,480.38271604938274,701.0
pos21,Opening,7.416666666666666,270.50272083092915,16.793896870363596,1105,480.46666666666664,701.4193548387096
pos21,Opening,7.5,270.865713275552,17.194962197067298,1044,480.3965517241379,701.1481481481482
pos21,Opening,7.583333333333333,271.23365375973464,17.18134326019284,1003,480.36764705882354,700.516129032258
pos21,Opening,7.666666666666666,269.8551685083862,16.789263277818048,985,480.5,700.5172413793103
pos21,Opening,7.75,269.8229928642913,16.16744646039102,1062,480.65384615384613,700.8703703703703
pos21,Opening,7.833333333333333,270.4403600119713,17.100243424734355,1088,480.55384615384617,701.0909090909091
pos21,Opening,7.916666666666666,270.8013784892051,17.018868519036058,1096,480.5,701.3
pos21,Opening,8.0,270.6752856696637,16.876278409091903,1082,480.3272727272727,701.0333333333333
pos21,Opening,8.083333333333332,271.19503835998955,17.08632915353087,1107,480.47058823529414,700.7169811320755
pos21,Opening,8.166666666666666,270.6630837582721,17.347244244373677,1077,480.625,701.2
pos21,Opening,8.25,270.02906873459943,16.58316506258264,1096,480.40816326530614,701.1515151515151
pos21,Opening,8.333333333333332,269.39978446630545,16.60102144443137,1106,480.525,701.1714285714286
pos21,Opening,8.416666666666666,268.5596541619464,16.57406409621509,1113,480.3333333333333,701.2903225806451
pos21,Opening,8.5,267.26110824740056,16.04706447176056,1129,480.57142857142856,701.0769230769231
pos21,Opening,8.583333333333332,265.4893806569091,15.617814753333908,1136,480.4318181818182,701.7083333333334
pos21,Opening,8.666666666666666,265.042853893634,15.773740597170297,1122,480.359375,700.6551724137931
pos21,Opening,8.75,263.7483831584888,16.121598751948543,1111,480.70093457943926,700.2727272727273
pos21,Opening,8.833333333333332,263.16174138990937,15.543569522644418,1117,480.3118279569893,701.5555555555555
pos21,Opening,8.916666666666666,262.69809329217,15.696546994546626,1120,480.327868852459,701.2432432432432
pos21,Opening,9.0,262.3845291276223,15.641356300896078,1113,480.8695652173913,701.15625
pos21,Opening,9.083333333333332,262.2667186597096,15.522963659953113,1106,480.4166666666667,701.4193548387096
pos21,Opening,9.166666666666666,262.25960405587904,15.985218204710806,1092,480.5438596491228,701.4516129032259
pos21,Opening,9.25,261.7766044231666,15.337640535469484,1084,480.5777777777778,701.1463414634146
pos21,Opening,9.333333333333332,260.9682387458109,15.412918822469505,1078,480.3924050632912,701.4333333333333
pos21,Opening,9.416666666666666,261.21589187980584,15.735633298766732,1037,480.3953488372093,702.0
pos21,Opening,9.5,261.00216053616265,15.27279830783785,1084,480.5633802816901,700.6190476190476
pos21,Opening,9.583333333333332,261.31011042128074,15.527630093121383,1051,480.3421052631579,700.7826086956521
pos21,Opening,9.666666666666666,260.81795079835916,15.17486995581035,1065,480.4117647058824,701.0
pos21,Opening,9.75,260.3824251730298,15.241540103139627,1079,480.63235294117646,701.2432432432432
pos21,Opening,9.833333333333332,260.15385710769243,15.471902217399728,1074,480.3142857142857,700.972972972973
pos21,Opening,9.916666666666666,259.8735038934316,15.551778596667669,1063,480.438202247191,701.0
pos21,Opening,10.0,260.3195506597021,15.228283253582717,977,480.5740740740741,700.5531914893617
pos21,Opening,10.083333333333332,261.7347522857477,16.12040877385941,1053,480.42528735632186,701.225
pos21,Opening,10.166666666666666,262.76356617738867,15.829620716596287,1043,480.7590361445783,700.92
pos21,Opening,10.25,263.00290347279355,16.358634644712758,1014,480.55172413793105,701.5806451612904
pos21,Opening,10.333333333333332,263.40986830403443,16.753192520815382,1021,480.3207547169811,701.2926829268292
pos21,Opening,10.416666666666666,262.9977586243925,16.2595653741235,994,480.4235294117647,700.875
pos21,Opening,10.5,262.2541482620939,16.369803194818154,912,480.3469387755102,699.8269230769231
pos21,Opening,10.583333333333332,260.17468222168185,15.18610026836565,736,480.390243902439,698.8333333333334
pos21,Opening,10.666666666666666,261.663301385705,16.501240351973237,1045,480.5172413793103,701.448275862069
pos21,Opening,10.75,260.27389526959206,16.060989066168172,1101,480.36764705882354,701.4242424242424
pos21,Opening,10.833333333333332,256.89504433943495,15.113923201730355,1118,480.44262295081967,700.92
pos21,Opening,10.916666666666666,257.0980356830986,15.562143763951362,1108,480.5,701.96
pos21,Opening,11.0,256.51423206204515,14.91909202287047,1118,480.6034482758621,701.0681818181819
pos21,Opening,11.083333333333332,255.78731318404516,14.770292463058617,1119,480.6567164179105,700.4901960784314
pos21,Opening,11.166666666666666,255.35590901609555,14.87469113173453,1122,480.72222222222223,701.0
pos21,Opening,11.25,255.50360225514942,14.838178042379582,1110,480.5217391304348,701.1714285714286
pos21,Opening,11.333333333333332,256.0676999454321,14.858554260839998,1094,480.51428571428573,701.7272727272727
pos21,Opening,11.416666666666666,255.51924538387033,15.144861096223432,1103,480.64150943396226,701.4193548387096
pos21,Opening,11.5,254.71755759212763,14.508268380613272,1099,480.3953488372093,701.175
pos21,Opening,11.583333333333332,255.01790639996767,14.98646483899072,1086,480.8514851485148,701.0
pos21,Opening,11.666666666666666,255.32328067900494,14.792521214061521,1084,480.4918032786885,701.375
pos21,Opening,11.75,256.236898031323,15.045030157472436,1084,480.375,701.0857142857143
pos21,Opening,11.833333333333332,257.79254948686287,15.838458921697592,1079,480.39473684210526,700.5714285714286
pos21,Opening,11.916666666666666,259.2811660740676,16.12891417351359,1093,480.72222222222223,700.7234042553191
pos21,Opening,12.0,260.4622450780186,16.8105829474269,1088,480.3333333333333,701.2820512820513
pos21,Opening,12.083333333333332,260.0155659490924,17.267476573204927,1110,480.3492063492063,700.6944444444445
pos21,Opening,12.166666666666666,260.24419565299877,17.22464347033175,1109,480.32307692307694,700.7209302325581
pos21,Opening,12.25,256.0903292332629,15.73841997961089,1128,480.3636363636364,701.3666666666667
pos21,Opening,12.333333333333332,254.9306051447026,14.926475072693856,1105,480.59375,701.0
pos21,Opening,12.416666666666666,250.32502297551008,14.195675801729326,616,480.6290322580645,700.516129032258
pos21,Opening,12.5,250.35157719695,13.897316114319432,600,480.51851851851853,700.92
pos21,Opening,12.583333333333332,251.59939535988698,14.192483421625981,901,480.6351351351352,700.6296296296297
pos21,Opening,12.666666666666666,252.5906635263295,14.186013715796149,1031,480.3150684931507,701.3
pos21,Opening,12.75,251.70884473528903,14.756648530981977,950,480.4864864864865,700.6333333333333
pos21,Opening,12.833333333333332,249.3475354495951,13.677026505648472,501,480.4126984126984,698.5977011494252
pos21,Opening,12.916666666666666,249.83497416383165,14.65328012702056,668,480.3888888888889,700.8536585365854
pos21,Opening,13.0,253.47386328298728,14.900162624379059,1042,480.8169014084507,701.5263157894736
pos21,Opening,13.083333333333332,253.5485743753903,14.608198716054716,1047,480.6842105263158,700.7692307692307
pos21,Opening,13.166666666666666,253.79358667173372,15.22765763291755,1076,480.5,700.8913043478261
pos21,Opening,13.25,254.2014292696019,14.88257144503331,1049,480.5192307692308,701.2820512820513
pos21,Opening,13.333333333333332,253.46509929126594,14.684686001895443,1081,480.8412698412698,701.4074074074074
pos21,Opening,13.416666666666666,253.98232815848954,15.29342830626309,1059,480.4745762711864,701.074074074074
pos21,Opening,13.5,254.4212450540103,15.464747517370643,1104,480.6923076923077,701.2142857142857
pos21,Opening,13.583333333333332,254.31411760487526,15.433207469216175,1117,480.57142857142856,700.9090909090909
pos21,Opening,13.666666666666666,254.0977024281201,14.996731121745901,1120,480.56140350877195,701.21875
pos21,Opening,13.75,253.91725010749064,15.442000956374848,1130,480.55696202531647,701.1666666666666
pos21,Opening,13.833333333333332,254.33003242444303,15.522122635346443,1137,480.3953488372093,701.0
pos21,Opening,13.916666666666666,253.79954784249625,15.431735275190256,1140,481.1489361702128,701.0833333333334
pos21,Opening,14.0,253.23260974333436,15.40801323535661,1114,480.3272727272727,701.4242424242424
pos21,Opening,14.083333333333332,249.79467946000585,13.480182848546402,762,480.58181818181816,700.0
pos21,Opening,14.166666666666666,251.5491992477128,14.561614410944697,1097,480.57142857142856,700.9545454545455
pos21,Opening,14.25,249.72894946303762,13.845410648350958,975,480.5,700.6923076923077
pos21,Opening,14.333333333333332,250.35380051515472,14.2458946571801,1040,480.42857142857144,700.7826086956521
pos21,Opening,14.416666666666666,250.78254641972475,14.533494369816149,1065,480.50943396226415,701.1428571428571
pos21,Opening,14.5,251.09458327808605,14.550783433138728,998,480.7096774193548,701.2682926829268
pos21,Opening,14.583333333333332,251.81087673970984,14.769360055134722,1109,480.44444444444446,701.0666666666667
pos21,Opening,14.666666666666666,252.30139175950757,15.12526215643688,1106,480.3424657534247,701.0
pos21,Opening,14.75,251.70180792570872,15.119555552693248,1112,480.35483870967744,701.0
pos21,Opening,14.833333333333332,251.9347896551341,14.596639482573558,1127,480.5853658536585,701.9090909090909
pos21,Opening,14.916666666666666,252.18717681791364,14.807426265403302,1131,480.7866666666667,700.5818181818182
pos21,Opening,15.0,252.27589510627897,15.02255938596992,1141,480.5,701.15625
pos21,Opening,15.083333333333332,252.44573395501715,15.195635165014576,1139,480.51851851851853,700.8076923076923
pos21,Opening,15.166666666666666,252.15367488133157,15.159242694089885,1120,480.7,700.9318181818181
pos21,Opening,15.25,250.06210334620786,14.206562076069002,1142,480.5,702.0
pos21,Opening,15.333333333333332,249.66349849441985,14.053531390503055,1161,480.4603174603174,700.9375
pos21,Opening,15.416666666666666,248.69902308373403,14.144777823562908,1151,480.3376623376623,701.875
pos21,Opening,15.5,249.00242304907525,14.501642439780404,1157,480.7121212121212,701.375
pos21,Opening,15.583333333333332,248.75833617890336,14.663834305619616,1161,480.4918032786885,701.4666666666667
pos21,Opening,15.666666666666666,248.7965487421878,15.146521466852699,1171,480.921568627451,701.4736842105264
pos21,Opening,15.75,248.27933455827565,14.77570050940841,1162,480.3188405797101,700.9782608695652
pos21,Opening,15.833333333333332,248.2161618938035,14.959128204739965,1167,480.38271604938274,700.9411764705883
pos21,Opening,15.916666666666666,248.58201972674695,14.606729562137275,1161,480.44642857142856,701.4242424242424
pos21,Opening,16.0,247.7549341804632,14.32784813342672,1162,480.75757575757575,701.4242424242424
pos21,Opening,16.083333333333332,247.69176082194312,14.96907855016794,1170,480.5762711864407,701.448275862069
pos21,Opening,16.166666666666664,247.84063110321677,14.590507354515866,1189,480.5161290322581,701.2903225806451
pos21,Opening,16.25,247.9228781303845,14.405044471282393,1182,480.3478260869565,701.5142857142857
pos21,Opening,16.333333333333332,247.97467762057042,13.985910754557345,1193,480.3965517241379,701.5
pos21,Opening,16.416666666666664,248.2303907378708,14.250848924904824,1181,480.375,701.0454545454545
pos21,Opening,16.5,248.92677531362642,14.313397034194416,1164,480.6315789473685,701.475
pos21,Opening,16.583333333333332,249.01326368431828,14.357762153754537,1186,480.5,701.2962962962963
pos21,Opening,16.666666666666664,248.95165660624104,14.294811999239238,1178,480.4418604651163,700.92
pos21,Opening,16.75,249.87217842520693,14.540511756847412,1198,480.6326530612245,701.5
pos21,Opening,16.833333333333332,248.43820898860423,14.402087643356657,1210,480.5777777777778,701.4242424242424
pos21,Opening,16.916666666666664,249.00073753958253,14.260568130544648,1198,480.3333333333333,701.3529411764706
pos21,Opening,17.0,249.082873717661,14.542130954174086,1204,480.3207547169811,701.5833333333334
pos21,Opening,17.083333333333332,249.1979408398206,14.21675529416607,1217,480.3207547169811,700.8958333333334
pos21,Opening,17.166666666666664,249.74893778015388,14.445025877455917,1199,480.5,701.0
pos21,Opening,17.25,250.39512480677053,14.43459538855575,1197,480.7826086956522,700.8888888888889
pos21,Opening,17.333333333333332,249.85020982407266,14.48412625302642,1202,480.5849056603774,701.6538461538462
pos21,Opening,17.416666666666664,248.81586571963817,14.173804199642285,1207,480.34375,701.5483870967741
pos23,Back,0.0,630.314885099939,86.3892835930925,1325,4.428571428571429,241.5142857142857
pos23,Back,0.08333333333333333,615.6607579482534,79.89809419807015,1430,4.653846153846154,241.16071428571428
pos23,Back,0.16666666666666666,602.1107551877496,79.76398663475864,1345,3.375,241.36065573770492
pos23,Back,0.25,593.3677727358934,76.59521070968532,1419,3.5,241.2826086956522
pos23,Back,0.3333333333333333,585.0043787567478,79.57380990369677,1365,3.959183673469388,241.57142857142856
pos23,Back,0.41666666666666663,576.5409856833743,78.86114785032467,1333,4.396551724137931,241.42857142857144
pos23,Back,0.5,569.7642482605729,76.14290524566191,1358,3.5142857142857142,241.53571428571428
pos23,Back,0.5833333333333333,562.7418015258448,74.62080996268129,1411,3.975609756097561,241.5
pos23,Back,0.6666666666666666,553.8706795327663,78.76279541975813,1319,4.188679245283019,241.56716417910448
pos23,Back,0.75,548.168849793964,70.4584932842309,1415,4.116279069767442,241.5909090909091
pos23,Back,0.8333333333333333,540.410458387801,73.44281779530425,1340,4.046511627906977,241.4262295081967
pos23,Back,0.9166666666666666,532.5671884806646,71.9882134236308,1334,4.148936170212766,241.6086956521739
pos23,Back,1.0,526.4727851091728,68.50853337796357,1330,4.086956521739131,241.53191489361703
pos23,Back,1.0833333333333333,523.5276227107001,68.29878555487936,1407,4.63265306122449,241.42307692307693
pos23,Back,1.1666666666666665,520.8365263420949,68.36397908015795,1433,4.145833333333333,241.5
pos23,Back,1.25,510.88461339798135,66.7198775878486,1419,4.716981132075472,241.25757575757575
pos23,Back,1.3333333333333333,504.36881406594387,66.69371231479032,1420,3.717948717948718,241.5806451612903
pos23,Back,1.4166666666666665,496.3247625667861,66.50570834712124,1407,4.341463414634147,241.1489361702128
pos23,Back,1.5,488.83722192184496,67.94224992002286,1360,4.454545454545454,241.40579710144928
pos23,Back,1.5833333333333333,480.8931203938348,65.2611145292732,1377,4.148936170212766,241.57894736842104
pos23,Back,1.6666666666666665,474.9709051092345,70.70062356087323,1378,4.206896551724138,241.45054945054943
pos23,Back,1.75,470.0866171155514,63.92772052264656,1420,3.3666666666666667,241.5
pos23,Back,1.8333333333333333,462.54811599642136,67.92291366588505,1324,4.366666666666666,241.5675675675676
pos23,Back,1.9166666666666665,456.0559055691732,62.81247032654487,1353,4.0754716981132075,241.5185185185185
pos23,Back,2.0,448.5408886713209,61.057135305613265,1355,3.692307692307693,241.27777777777777
pos23,Back,2.083333333333333,443.01578421191346,60.569428787052345,1364,3.9130434782608696,241.35555555555555
pos23,Back,2.1666666666666665,437.33303479846325,65.33749946604979,1371,3.977272727272727,241.57575757575756
pos23,Back,2.25,435.1637018604979,58.29361913908626,1423,3.928571428571429,241.5737704918033
pos23,Back,2.333333333333333,428.1347891926109,56.7206712511852,1408,4.0,241.3095238095238
pos23,Back,2.4166666666666665,422.2859918799685,58.133713747852404,1333,3.7804878048780486,241.04651162790697
pos23,Back,2.5,417.84767282874435,57.825280809457084,1366,3.86046511627907,241.43103448275863
pos23,Back,2.583333333333333,413.2110489136395,55.17230548578601,1353,4.0,241.58823529411765
pos23,Back,2.6666666666666665,411.20850066344644,54.373112572568495,1412,3.65625,241.5857142857143
pos23,Back,2.75,409.2693150082221,55.20742775780289,1416,4.12,241.58620689655172
pos23,Back,2.833333333333333,402.51215534806187,54.695652363675215,1344,4.5,241.34782608695653
pos23,Back,2.9166666666666665,398.7786441165184,54.88234646891506,1339,4.196078431372549,241.54237288135593
pos23,Back,3.0,396.557324948374,53.07089440203351,1332,3.934782608695652,241.5
pos23,Back,3.083333333333333,391.25508195918314,53.332935569868766,1333,4.214285714285714,241.55172413793105
pos23,Back,3.1666666666666665,387.59450890699037,57.22099028133973,1322,4.872340425531915,241.53846153846155
pos23,Back,3.25,379.6778145414172,52.263338280014594,1335,4.894736842105263,241.4883720930233
pos23,Back,3.333333333333333,375.9403125491514,55.45904109445033,1333,4.5,241.5
pos23,Back,3.4166666666666665,371.1598681160982,54.313065430384846,1327,4.633333333333334,241.54761904761904
pos23,Back,3.5,365.61800791629884,54.002836202606076,1336,4.368421052631579,241.58823529411765
pos23,Back,3.583333333333333,361.01210918834215,54.71988536284521,1345,4.186046511627907,241.53125
pos23,Back,3.6666666666666665,356.92421200835804,52.171541972480725,1305,3.9166666666666665,241.6034482758621
pos23,Back,3.75,352.38888672301005,47.833160296031636,1344,4.350877192982456,241.59322033898303
pos23,Back,3.833333333333333,348.2406043103987,47.76666800167569,1280,3.86046511627907,241.3375
pos23,Back,3.9166666666666665,342.75569539991346,46.28976633046489,1281,4.081081081081081,241.15
pos23,Back,4.0,340.46931819153275,44.91283406029658,1312,3.631578947368421,241.54237288135593
pos23,Back,4.083333333333333,335.8312097512852,43.45917418215576,1290,4.0,241.5
pos23,Back,4.166666666666666,332.8979593763598,43.47560470740249,1323,3.4545454545454546,241.56363636363636
pos23,Back,4.25,331.31467421499633,48.39690055490643,1344,4.081632653061225,241.6034482758621
pos23,Back,4.333333333333333,327.0156685991393,41.6050956552391,1301,4.148148148148148,241.52631578947367
pos23,Back,4.416666666666666,324.38521260609343,44.25651949738933,1291,4.0,241.02325581395348
pos23,Back,4.5,321.93302822409186,44.29932069058693,1301,4.267857142857143,241.50819672131144
pos23,Back,4.583333333333333,319.4460246410315,42.78328314504319,1358,4.423076923076923,241.44444444444449
pos23,Back,4.666666666666666,317.16185142561153,39.81209104380747,1328,4.482758620689655,241.46610169491527
pos23,Back,4.75,313.7394719084824,39.770730741709656,1327,3.5277777777777777,241.52
pos23,Back,4.833333333333333,311.4545129722493,38.76602186661214,1338,3.6666666666666665,241.52941176470588
pos23,Back,4.916666666666666,309.5989108827531,46.882384197980116,1366,3.857142857142857,241.43589743589743
pos23,Back,5.0,306.3325991216882,36.65667724049792,1392,3.877551020408163,241.5185185185185
pos23,Back,5.083333333333333,302.78961833378696,35.52916104445247,1431,3.631578947368421,241.12
pos23,Back,5.166666666666666,299.53554982376977,35.25783019040189,1449,3.727272727272727,241.57575757575756
pos23,Back,5.25,296.19588449756105,35.2310612395921,1437,3.5806451612903225,241.58620689655172
pos23,Back,5.333333333333333,292.58145790514715,32.657842052104215,1420,4.211538461538462,241.54545454545453
pos23,Back,5.416666666666666,290.5222856829331,33.35294350665071,1408,3.3333333333333335,241.55555555555551
pos23,Back,5.5,288.1862001893397,31.840897651104246,1414,4.666666666666667,241.27777777777777
pos23,Back,5.583333333333333,286.3807533364806,31.7134691096556,1391,4.4576271186440675,241.5
pos23,Back,5.666666666666666,284.55535191646914,37.43712816395202,1397,4.442622950819672,241.53703703703704
pos23,Back,5.75,282.6238137480391,36.003599530167016,1360,4.0,241.02409638554215
pos23,Back,5.833333333333333,280.8627317302028,37.142391793844624,1362,4.526315789473684,241.42424242424244
pos23,Back,5.916666666666666,279.34240263713934,36.07747927110395,1371,4.326530612244898,241.61016949152545
pos23,Back,6.0,277.81268189537445,34.08295076246584,1425,4.355555555555555,241.47368421052633
pos23,Back,6.083333333333333,275.0937623957918,33.62638535560072,1356,4.5,241.4193548387097
pos23,Back,6.166666666666666,273.48035408850507,31.813982349113623,1351,4.153846153846154,241.53703703703704
pos23,Back,6.25,270.6513958898076,30.707454582489866,1352,4.629032258064516,241.51724137931035
pos23,Back,6.333333333333333,268.66486709611473,30.553880509890988,1389,4.0,241.4090909090909
pos23,Back,6.416666666666666,267.4225950824897,29.728800827438874,1370,4.2727272727272725,241.50819672131144
pos23,Back,6.5,266.41647941546995,29.53947105962967,1433,4.0588235294117645,241.3421052631579
pos23,Back,6.583333333333333,264.68538869035,27.93421257805201,1422,4.2,241.5
pos23,Back,6.666666666666666,262.35837563552406,28.53034389184687,1288,4.35,241.16666666666663
pos23,Back,6.75,260.3418209209675,27.08765429307992,1317,4.571428571428571,241.5806451612903
pos23,Back,6.833333333333333,259.06067138520865,25.03766305344035,1392,4.0,241.41176470588235
pos23,Back,6.916666666666666,258.4973331223781,26.061738069744028,1383,4.212765957446808,241.43529411764703
pos23,Back,7.0,255.88505771155874,23.903076133247467,1321,3.65625,241.57575757575756
pos23,Back,7.083333333333333,255.8532984882716,24.750629153940928,1406,3.933333333333333,241.6086956521739
pos23,Back,7.166666666666666,254.87457952719743,22.28947724948311,1357,4.0,241.3947368421053
pos23,Back,7.25,254.98417737699958,23.92804846309835,1394,4.0,241.5
pos23,Back,7.333333333333333,253.8031800628738,23.390125036243408,1368,4.132075471698113,241.57142857142856
pos23,Back,7.416666666666666,253.1901420106696,22.707480198661557,1307,4.2682926829268295,241.54545454545453
pos23,Back,7.5,252.76149961171734,22.47361954418105,1338,4.0,241.59420289855072
pos23,Back,7.583333333333333,254.03715945984163,21.617942385146666,1322,4.583333333333333,241.54117647058823
pos23,Back,7.666666666666666,252.24809026506435,32.432168553507395,1333,3.3793103448275863,241.3684210526316
pos23,Back,7.75,251.365479983988,22.6380097947185,1421,4.020833333333333,241.6052631578947
pos23,Back,7.833333333333333,249.6348974221475,31.488201846341966,1384,4.482758620689655,241.525
pos23,Back,7.916666666666666,248.6141736492442,22.599576020004722,1398,3.877551020408163,241.5
pos23,Back,8.0,247.771469553432,23.432504834808633,1382,4.081632653061225,241.11320754716985
pos23,Back,8.083333333333332,247.74489238305577,33.41880294417754,1389,3.85,241.48275862068965
pos23,Back,8.166666666666666,245.8762063763192,22.651273351341846,1363,3.8421052631578942,241.6071428571429
pos23,Back,8.25,245.06643386717113,32.41376400603897,1338,4.0476190476190474,241.40740740740745
pos23,Back,8.333333333333332,244.37500404699986,30.201057233613305,1353,3.7,241.5421686746988
pos23,Back,8.416666666666666,242.90705483394993,21.253468082905428,1182,4.411764705882353,241.44444444444449
pos23,Back,8.5,242.13207112382807,20.38720029790441,1160,3.763157894736842,241.50943396226415
pos23,Back,8.583333333333332,242.27224475606482,21.620144854384087,1199,4.239130434782608,241.27272727272728
pos23,Back,8.666666666666666,241.76584142529043,22.224123795480807,1180,3.4285714285714284,241.55172413793105
pos23,Back,8.75,242.7435798615428,25.01728275608621,1320,4.6461538461538465,241.25
pos23,Back,8.833333333333332,242.78151075248317,24.803741136566252,1326,3.793103448275862,241.5897435897436
pos23,Back,8.916666666666666,241.99548516110383,24.910484284348783,1337,4.16,241.28301886792457
pos23,Back,9.0,241.83108620619095,21.508443726104666,1340,3.5,241.33333333333337
pos23,Back,9.083333333333332,241.5751843590128,20.484331044623996,1329,4.333333333333333,241.44444444444449
pos23,Back,9.166666666666666,240.93613496031114,20.891622861434925,1337,4.074074074074074,241.6078431372549
pos23,Back,9.25,240.42548246983137,18.665354439658266,1331,4.0,241.5
pos23,Back,9.333333333333332,240.27882311456295,19.04565145237593,1334,3.4242424242424243,241.5
pos23,Back,9.416666666666666,240.45682286721055,21.29692055647318,1345,4.05,241.39506172839504
pos23,Back,9.5,240.59295829654664,21.19184788937528,1352,4.5,241.4909090909091
pos23,Back,9.583333333333332,240.50091844158078,22.28076567955973,1364,4.190476190476191,241.438202247191
pos23,Back,9.666666666666666,239.72777264727787,21.04524154215687,1360,3.92,241.1846153846154
pos23,Back,9.75,238.85154080699056,19.371559101918198,1369,3.6944444444444446,241.53571428571428
pos23,Back,9.833333333333332,238.02013472812445,19.15705610665559,1357,3.9361702127659575,241.44117647058823
pos23,Back,9.916666666666666,237.3972668040187,20.83023928063548,1364,3.95,241.5
pos23,Back,10.0,237.35060745010537,19.688071537806024,1350,3.7,241.5
pos23,Back,10.083333333333332,237.9462037043926,19.923752427785097,1362,4.121951219512195,241.3793103448276
pos23,Back,10.166666666666666,237.66462228942788,20.035229534579955,1351,4.612903225806452,241.42105263157896
pos23,Back,10.25,236.76987694874524,19.920824686030294,1345,4.0,241.3695652173913
pos23,Back,10.333333333333332,236.80996307155007,18.408503339822918,1343,3.7804878048780486,241.6
pos23,Back,10.416666666666666,236.96562875000484,24.06124360982944,1334,4.086956521739131,241.32432432432432
pos23,Back,10.5,236.17029595523172,17.43106160833658,1343,3.871794871794872,241.55102040816325
pos23,Back,10.583333333333332,236.72101755055382,25.881866028928666,1355,4.065217391304348,241.46268656716416
pos23,Back,10.666666666666666,238.0395058162947,20.829980734840472,1346,4.464285714285714,241.55555555555551
pos23,Back,10.75,236.0548479010292,20.58700214299364,1345,3.934782608695652,241.61194029850745
pos23,Back,10.833333333333332,235.56307967862259,16.97602110768005,1282,3.8292682926829262,241.20833333333337
pos23,Back,10.916666666666666,235.1902142341841,15.943218061985416,1268,4.942028985507246,241.54545454545453
pos23,Back,11.0,234.7422796498952,15.917103320037645,1291,4.2,241.6071428571429
pos23,Back,11.083333333333332,235.39198970398238,23.86835026676316,1327,4.0,241.5
pos23,Back,11.166666666666666,234.24248975793643,17.876488854364666,1352,4.291666666666667,241.4814814814815
pos23,Back,11.25,234.34429489700517,17.37416560251865,1333,4.15,241.29166666666663
pos23,Back,11.333333333333332,233.95988704001576,17.571763534178054,1361,4.0,241.48275862068965
pos23,Back,11.416666666666666,233.34173628637345,16.468956866456463,1343,3.702702702702702,241.47619047619048
pos23,Back,11.5,233.47146319827576,23.341875115908376,1340,4.35,241.48333333333332
pos23,Back,11.583333333333332,233.24270656091477,23.682658061939474,1327,4.354166666666667,241.50877192982455
pos23,Back,11.666666666666666,232.57196649513577,20.37287405558565,1323,4.333333333333333,241.54545454545453
pos23,Back,11.75,232.7655439808704,21.033618534536178,1375,4.517241379310345,241.57894736842104
pos23,Back,11.833333333333332,232.34188265431882,18.662736575175785,1347,4.131578947368421,241.48387096774192
pos23,Back,11.916666666666666,232.59595230438651,19.447928168196626,1372,4.0,241.57142857142856
pos23,Back,12.0,232.56830183070207,19.23413332350546,1376,4.45945945945946,241.5
pos23,Back,12.083333333333332,232.08311278877935,18.04230786053653,1361,4.267857142857143,240.95454545454547
pos23,Back,12.166666666666666,231.70624263088249,18.530883657626763,1378,4.145833333333333,241.57142857142856
pos23,Back,12.25,231.9609407447132,19.61984365861814,1368,4.821428571428571,241.0
pos23,Back,12.333333333333332,231.57082999159852,18.152386983330747,1365,3.86046511627907,241.5
pos23,Back,12.416666666666666,232.12861983177018,25.85593443849667,1365,3.8,241.34328358208955
pos23,Back,12.5,231.4738657856186,25.264513415723364,1362,4.0,241.60377358490567
pos23,Back,12.583333333333332,231.53490033434983,19.90758425469845,1354,4.818181818181818,241.6031746031746
pos23,Back,12.666666666666666,231.14212971065564,24.62979506609379,1377,4.147058823529412,241.48648648648648
pos23,Back,12.75,231.3858763688482,25.3737720252407,1388,4.518518518518518,241.4
pos23,Back,12.833333333333332,230.8367642159842,24.268471272014146,1364,3.5,241.6034482758621
pos23,Back,12.916666666666666,230.3639883489114,16.313935945311837,1376,4.518518518518518,241.5
pos23,Back,13.0,230.94550350211748,25.226315926600133,1369,4.890410958904109,241.59420289855072
pos23,Back,13.083333333333332,230.2773139430665,18.521443447860456,1383,3.5135135135135136,241.5
pos23,Back,13.166666666666666,229.71337737310913,17.03123761508956,1372,4.157894736842105,241.53703703703704
pos23,Back,13.25,229.58186162150966,16.82849200685025,1370,4.403846153846154,241.56521739130432
pos23,Back,13.333333333333332,229.955180595716,16.81023555665446,1365,4.424242424242424,241.5
pos23,Back,13.416666666666666,229.9774839745991,24.00318374525238,1377,4.148148148148148,241.32432432432432
pos23,Back,13.5,229.59770403483517,22.986483392250868,1349,3.4545454545454546,241.36666666666667
pos23,Back,13.583333333333332,230.2135703158784,24.117510836873635,1384,3.8333333333333335,241.6129032258065
pos23,Back,13.666666666666666,229.8707148212255,22.78477425450948,1383,4.571428571428571,241.2678571428571
pos23,Back,13.75,229.2522915641147,21.191822717010528,1369,4.696428571428571,241.6034482758621
pos23,Back,13.833333333333332,229.1104591371877,15.610159388122362,1392,4.6875,241.41379310344828
pos23,Back,13.916666666666666,229.16010848576252,20.449249714602054,1397,4.3,241.56410256410257
pos23,Back,14.0,228.67359202789766,18.294221409006298,1399,4.333333333333333,241.55263157894737
pos23,Back,14.083333333333332,228.3695402879325,17.10079121726926,1408,3.566666666666667,241.5
pos23,Back,14.166666666666666,228.33707939671106,14.330803010386205,1388,3.953488372093023,240.9782608695652
pos23,Back,14.25,228.73871019713715,16.30820869610267,1401,4.466666666666667,241.5
pos23,Back,14.333333333333332,228.93543157260626,17.424340926973564,1408,4.0,241.51136363636363
pos23,Back,14.416666666666666,228.81474699597078,15.284976630748634,1407,4.0,241.55
pos23,Back,14.5,229.0985256901383,16.12359516955735,1406,3.2758620689655173,241.5581395348837
pos23,Back,14.583333333333332,229.42233283120487,16.828997139156208,1409,3.4166666666666665,241.12
pos23,Back,14.666666666666666,228.84393290085652,15.719996633912949,1418,4.0,241.56338028169017
pos23,Back,14.75,228.9210977547367,15.119370506953175,1401,3.2758620689655173,241.5
pos23,Back,14.833333333333332,228.3878129028071,14.809642130142514,1381,3.4594594594594597,241.47727272727272
pos23,Back,14.916666666666666,228.25041070833112,15.178540999435567,1410,4.372549019607843,241.5
pos23,Back,15.0,228.04012801233537,15.000382444176966,1408,4.148936170212766,241.5
pos23,Back,15.083333333333332,228.04582915805824,14.796037984094372,1401,3.65625,241.55555555555551
pos23,Back,15.166666666666666,227.62380374293383,13.3705537670575,1388,4.0625,241.57142857142856
pos23,Back,15.25,227.62413127304288,14.353077367971961,1404,3.897435897435898,241.5806451612903
pos23,Back,15.333333333333332,227.97148161198746,14.050798610992537,1406,4.633333333333334,241.57142857142856
pos23,Back,15.416666666666666,227.7304913206253,13.219877389801939,1386,3.9361702127659575,241.6
pos23,Back,15.5,227.70542116071505,13.137543806895618,1399,4.217391304347826,241.46153846153845
pos23,Back,15.583333333333332,227.6959166804848,12.816989013254338,1404,4.3,241.4821428571429
pos23,Back,15.666666666666666,228.773065856569,21.157998826472078,1421,3.7804878048780486,241.58823529411765
pos23,Back,15.75,228.57758100740804,17.67038453257054,1429,4.0,241.3793103448276
pos23,Back,15.833333333333332,227.922660674629,18.361937704137812,1426,3.8,241.24074074074073
pos23,Back,15.916666666666666,228.1517457468575,18.331022833904886,1423,4.055555555555555,241.56363636363636
pos23,Back,16.0,228.73749344333163,17.70593366360183,1422,3.9166666666666665,241.58823529411765
pos23,Back,16.083333333333332,229.16116722165515,16.464562461568374,1424,4.0,241.47272727272727
pos23,Back,16.166666666666664,229.66552357845455,18.587000858523503,1420,4.148148148148148,241.61016949152545
pos23,Back,16.25,229.45296904501149,19.48683744804964,1403,4.933333333333334,241.42857142857144
pos23,Back,16.333333333333332,230.5580974980381,19.5693748115954,1421,4.148148148148148,241.01923076923077
pos23,Back,16.416666666666664,230.94777894040666,20.29047347074737,1425,4.134615384615385,241.47457627118644
pos23,Back,16.5,231.16242031263104,16.22078881759512,1421,4.454545454545454,241.55737704918033
pos23,Back,16.583333333333332,231.42850575381658,16.337660736429168,1422,4.6461538461538465,241.57575757575756
pos23,Back,16.666666666666664,231.59004894071836,15.929349887675295,1437,4.589285714285714,241.3947368421053
pos23,Back,16.75,231.83436031764126,16.21937107296727,1441,4.0638297872340425,241.44444444444449
pos23,Back,16.833333333333332,232.29217924847606,16.137390129228717,1444,3.923076923076923,241.55555555555551
pos23,Back,16.916666666666664,232.15880965607417,16.066751132046143,1431,4.218181818181818,241.44927536231884
pos23,Back,17.0,232.1812278146548,15.656913431796399,1437,4.473684210526316,241.29473684210527
pos23,Back,17.083333333333332,232.23549086588062,16.015645171607922,1443,3.65,241.5
pos23,Back,17.166666666666664,232.64823880227956,15.196839871931555,1436,4.454545454545454,241.4193548387097
pos23,Back,17.25,235.77466050049833,15.419909992777065,1438,3.863636363636364,241.5
pos23,Back,17.333333333333332,232.2745724398882,15.605209643310422,1428,3.5714285714285716,241.46808510638297
pos23,Back,17.416666666666664,232.18882856390084,15.243711860292954,1434,3.303030303030303,241.46511627906975
pos23,Middle,0.0,578.0755706333516,68.46601052979432,1394,241.9090909090909,480.1904761904762
pos23,Middle,0.08333333333333333,569.677309147372,67.97143060637703,1409,241.6451612903226,480.1219512195122
pos23,Middle,0.16666666666666666,549.3315788777744,65.54488100232555,1407,241.66071428571428,479.9344262295082
pos23,Middle,0.25,543.8048657092991,65.15201615369912,1408,241.9090909090909,480.30232558139534
pos23,Middle,0.3333333333333333,528.020439835755,63.887124912792025,1404,241.9047619047619,480.20454545454544
pos23,Middle,0.41666666666666663,519.9235188342884,62.16669602120269,1395,242.08163265306123,479.92727272727274
pos23,Middle,0.5,514.2830892205618,61.49503262892401,1396,241.7321428571429,480.1923076923077
pos23,Middle,0.5833333333333333,505.7545336547138,59.64245014123157,1396,241.7,480.1714285714286
pos23,Middle,0.6666666666666666,490.5964996375268,59.26933282310815,1369,242.33333333333337,479.3571428571428
pos23,Middle,0.75,492.86686375892236,59.94867022740513,1410,241.66666666666663,480.30555555555554
pos23,Middle,0.8333333333333333,478.7394216591416,57.84664944833445,1388,241.65671641791045,480.2972972972973
pos23,Middle,0.9166666666666666,473.2566205174347,58.528016248883645,1406,242.06382978723408,480.0
pos23,Middle,1.0,467.94376963725847,58.62841255975768,1409,241.625,480.19444444444446
pos23,Middle,1.0833333333333333,465.7667404631325,56.91633469805364,1413,241.61363636363637,480.0
pos23,Middle,1.1666666666666665,463.3710066464541,57.68721070067127,1437,241.7,480.15384615384613
pos23,Middle,1.25,451.84645509901804,56.550357279322704,1430,241.66666666666663,479.3529411764706
pos23,Middle,1.3333333333333333,444.71890711605306,56.75857093233374,1425,241.83333333333337,480.0
pos23,Middle,1.4166666666666665,438.01188824932626,56.23593349854049,1436,241.91666666666663,480.1095890410959
pos23,Middle,1.5,426.9364589019346,55.328630723698645,1425,241.9811320754717,480.225
pos23,Middle,1.5833333333333333,422.5458236320046,54.733640926561755,1427,241.8510638297872,479.9508196721312
pos23,Middle,1.6666666666666665,412.540445694069,53.2463494400149,1406,241.9090909090909,480.0
pos23,Middle,1.75,410.5923465800369,52.39613143141704,1416,241.80232558139537,480.07894736842104
pos23,Middle,1.8333333333333333,397.79909878734975,50.273338419068324,1376,242.0,479.6458333333333
pos23,Middle,1.9166666666666665,396.0739568236421,49.126314788060654,1409,242.33333333333337,480.28205128205127
pos23,Middle,2.0,390.4514356898761,48.75240377176735,1393,242.0,480.2083333333333
pos23,Middle,2.083333333333333,384.89579942164914,47.46956813488068,1375,241.76190476190476,480.2
pos23,Middle,2.1666666666666665,379.76127774249323,46.4559469104034,1372,241.64705882352945,480.22727272727275
pos23,Middle,2.25,377.0734279719669,46.34074085443486,1358,241.72549019607845,480.2083333333333
pos23,Middle,2.333333333333333,372.0089334729227,46.52620338656556,1370,241.89583333333337,480.27710843373495
pos23,Middle,2.4166666666666665,367.2643282328882,45.98698544818038,1369,241.703125,480.1617647058824
pos23,Middle,2.5,364.772338604274,46.2940113925673,1353,241.8080808080808,479.8307692307693
pos23,Middle,2.583333333333333,360.6987312947925,46.194148820070275,1363,241.6341463414634,480.0970873786408
pos23,Middle,2.6666666666666665,359.9820995332566,47.15590517628084,1381,241.7719298245614,479.9032258064516
pos23,Middle,2.75,359.2596899917498,47.235169060372414,1378,241.69230769230768,479.65384615384613
pos23,Middle,2.833333333333333,352.7886626071105,46.12672488585473,1371,241.69014084507043,480.22727272727275
pos23,Middle,2.9166666666666665,350.277133560269,46.175701879899655,1384,241.66,480.2916666666667
pos23,Middle,3.0,348.2748698454176,46.338565936859034,1382,241.65625,480.2068965517241
pos23,Middle,3.083333333333333,344.96634880953496,45.80795027345796,1393,241.67857142857144,480.1818181818182
pos23,Middle,3.1666666666666665,340.87464587542456,45.30603204787751,1371,241.8421052631579,480.234375
pos23,Middle,3.25,338.1684596977446,45.2883459444068,1381,241.7826086956522,480.26
pos23,Middle,3.333333333333333,335.487725960549,43.57189775908204,1375,241.65384615384616,480.05263157894734
pos23,Middle,3.4166666666666665,331.67473223551383,42.84366317898196,1328,241.66666666666663,479.5
pos23,Middle,3.5,330.00465365187193,43.00294360235468,1363,242.14814814814815,480.25
pos23,Middle,3.583333333333333,326.7930724391248,41.571026377176004,1368,241.79591836734693,479.8958333333333
pos23,Middle,3.6666666666666665,323.59087550769823,40.767146731190024,1371,241.9322033898305,480.2857142857143
pos23,Middle,3.75,320.2957260471922,38.8896257315515,1347,241.66666666666663,480.1746031746032
pos23,Middle,3.833333333333333,316.0957654248119,37.30818149811987,1340,241.925,480.0
pos23,Middle,3.9166666666666665,313.7302566752781,36.669928919591456,1356,241.62857142857143,480.24615384615385
pos23,Middle,4.0,310.89376282715926,34.650296813440576,1345,241.75925925925927,480.1904761904762
pos23,Middle,4.083333333333333,307.2719084913726,33.26141909595783,1339,241.70491803278688,480.296875
pos23,Middle,4.166666666666666,305.2669103983822,32.27463055659602,1337,242.25806451612905,480.1692307692307
pos23,Middle,4.25,303.3700347629036,32.047578931121244,1338,241.62222222222223,480.1979166666667
pos23,Middle,4.333333333333333,301.2121840962,31.1854975888903,1316,241.8360655737705,480.2765957446808
pos23,Middle,4.416666666666666,298.30685869040923,30.265619514287724,1294,241.7058823529412,480.0392156862746
pos23,Middle,4.5,297.71512993532946,28.968271322150276,1339,241.69230769230768,479.94444444444446
pos23,Middle,4.583333333333333,296.8454084101652,29.38279361823296,1341,241.7111111111111,480.1212121212121
pos23,Middle,4.666666666666666,295.6330012588535,29.21643293574448,1342,242.0,480.2142857142857
pos23,Middle,4.75,292.9704189508932,30.58409970457116,1350,242.21818181818185,480.14814814814815
pos23,Middle,4.833333333333333,291.1946052388462,29.91397702277854,1362,241.66666666666663,479.5806451612903
pos23,Middle,4.916666666666666,288.87858527955893,28.562139322034053,1358,241.9047619047619,480.2625
pos23,Middle,5.0,286.7264072918909,28.59778421671628,1372,241.63333333333333,480.25
pos23,Middle,5.083333333333333,286.2643013748234,27.570649783654012,1372,241.7,480.0
pos23,Middle,5.166666666666666,284.38908552477847,27.281994894414176,1370,241.625,480.0519480519481
pos23,Middle,5.25,282.75670590421737,26.18901033118663,1376,241.69354838709677,479.2903225806452
pos23,Middle,5.333333333333333,279.8920799036067,24.571975845353165,1370,241.69230769230768,480.2
pos23,Middle,5.416666666666666,277.6123670814932,24.174164973781174,1364,241.71641791044777,479.40425531914894
pos23,Middle,5.5,276.12463972126716,23.518115169629095,1359,241.72,480.0769230769231
pos23,Middle,5.583333333333333,273.9488583708395,22.541247604475206,1353,241.73170731707316,480.1458333333333
pos23,Middle,5.666666666666666,272.709146906511,22.114999817527035,1350,241.65625,480.1764705882353
pos23,Middle,5.75,271.219995867868,21.828752893345957,1355,241.6315789473684,480.0864197530864
pos23,Middle,5.833333333333333,269.85701887145075,21.25953521969001,1346,241.6315789473684,479.75384615384615
pos23,Middle,5.916666666666666,268.4587544333892,21.40910025052091,1347,241.90140845070425,479.9895833333333
pos23,Middle,6.0,267.871920649281,21.13191998352021,1349,241.8048780487805,480.280487804878
pos23,Middle,6.083333333333333,264.7878196578888,20.64628434916261,1339,241.91463414634143,480.22
pos23,Middle,6.166666666666666,263.78540593634483,19.815815075123147,1356,241.76315789473685,480.2903225806452
pos23,Middle,6.25,262.05359635682976,19.000245363030963,1358,241.68965517241375,480.1470588235294
pos23,Middle,6.333333333333333,260.31086083913607,18.155223125498832,1357,242.0,480.0
pos23,Middle,6.416666666666666,259.2814142471496,17.42639420885591,1356,242.0,480.2040816326531
pos23,Middle,6.5,258.47760725536614,17.90912201874174,1348,241.6984126984127,480.2926829268293
pos23,Middle,6.583333333333333,257.73458652392964,16.999707350490574,1349,241.9056603773585,480.15277777777777
pos23,Middle,6.666666666666666,255.68973500540065,16.435170284866285,1344,241.76315789473685,479.6627906976744
pos23,Middle,6.75,255.04417340813407,16.575688090072994,1331,241.8196721311475,480.1162790697674
pos23,Middle,6.833333333333333,254.99068451377008,17.341330648768732,1343,241.76470588235293,480.2891566265061
pos23,Middle,6.916666666666666,254.928469695034,17.056776568570726,1328,241.9090909090909,480.25
pos23,Middle,7.0,252.9078704024946,16.396214609334088,1332,241.65384615384616,479.87301587301585
pos23,Middle,7.083333333333333,253.56315598030076,16.55993779863563,1324,241.78048780487805,480.0
pos23,Middle,7.166666666666666,252.132604602692,15.519183942082924,1322,241.93617021276592,480.0408163265306
pos23,Middle,7.25,252.29962398585846,15.861134850375846,1323,241.7111111111111,480.234375
pos23,Middle,7.333333333333333,251.71831237893443,15.532715860981742,1328,242.0,480.1333333333333
pos23,Middle,7.416666666666666,251.0470416797963,15.171191060370747,1329,241.65714285714284,480.2530120481928
pos23,Middle,7.5,251.31610945224853,15.371591597223105,1333,242.0,480.05882352941177
pos23,Middle,7.583333333333333,252.12512070983968,14.484870611747038,1321,241.7530864197531,480.27142857142854
pos23,Middle,7.666666666666666,249.6291177714174,14.614538945607398,1336,241.72413793103448,480.0
pos23,Middle,7.75,248.85777799261865,14.528826730321999,1337,241.8,480.28125
pos23,Middle,7.833333333333333,247.12896882477494,13.68772806482158,1333,241.62121212121212,480.15584415584414
pos23,Middle,7.916666666666666,246.94969330616226,13.435478255027773,1321,242.0,480.2112676056338
pos23,Middle,8.0,245.91970087492643,13.04900597345921,1304,241.8510638297872,480.3015873015873
pos23,Middle,8.083333333333332,246.01297961265794,13.585773743798292,1304,241.8510638297872,480.0
pos23,Middle,8.166666666666666,244.57801231208842,13.556973903753025,1303,242.20408163265307,480.2352941176471
pos23,Middle,8.25,243.53516946769648,12.575065431351614,1295,241.72727272727272,480.27941176470586
pos23,Middle,8.333333333333332,242.74912184783585,11.798873777962667,1285,241.92307692307693,480.0754716981132
pos23,Middle,8.416666666666666,242.41892809920859,11.5186906760294,1289,241.64102564102564,480.0178571428572
pos23,Middle,8.5,241.36754126923628,11.226067742429226,1267,241.8695652173913,480.2558139534884
pos23,Middle,8.583333333333332,240.8764480993127,10.537689078124798,1260,241.93478260869568,480.27272727272725
pos23,Middle,8.666666666666666,240.60926507048057,10.921689412703023,1263,241.8082191780822,480.27777777777777
pos23,Middle,8.75,240.84399274107423,11.225874429737576,1250,241.75806451612905,479.77884615384613
pos23,Middle,8.833333333333332,241.7912190839677,11.425164626203667,1111,242.49019607843135,480.25
pos23,Middle,8.916666666666666,240.98627797701744,11.407567794773838,1221,241.68493150684932,480.14814814814815
pos23,Middle,9.0,240.9234679466577,11.384332099603029,1290,241.80769230769232,479.94117647058823
pos23,Middle,9.083333333333332,240.61935878630646,11.014762863835687,1286,241.86,480.1851851851851
pos23,Middle,9.166666666666666,240.5578185299313,11.038591305311357,1301,241.9090909090909,480.28205128205127
pos23,Middle,9.25,240.554457706083,10.851704118280322,1311,241.63492063492063,480.078431372549
pos23,Middle,9.333333333333332,240.66628122527547,11.342421655553958,1303,241.66666666666663,480.25
pos23,Middle,9.416666666666666,240.5541324269583,11.304780325254349,1319,241.82608695652175,480.14814814814815
pos23,Middle,9.5,240.8777000582095,11.105013861100002,1314,241.9803921568627,480.24615384615385
pos23,Middle,9.583333333333332,240.8076212517305,11.32786833342624,1292,241.92,480.25
pos23,Middle,9.666666666666666,239.26204626511208,11.12826725483645,1313,241.70967741935485,479.6166666666667
pos23,Middle,9.75,238.5052017387702,11.542565121901488,1315,241.84,479.9591836734694
pos23,Middle,9.833333333333332,238.02464093535528,10.700165221007735,1321,241.87,480.258064516129
pos23,Middle,9.916666666666666,237.38559938735943,10.812202169584541,1317,241.67857142857144,480.2758620689655
pos23,Middle,10.0,237.43308593758485,10.749828441917638,1330,241.72727272727272,480.1458333333333
pos23,Middle,10.083333333333332,237.32519471856503,10.745045672691653,1317,241.66666666666663,480.06382978723406
pos23,Middle,10.166666666666666,236.64092456437618,10.288108071357607,1311,241.7605633802817,480.15
pos23,Middle,10.25,236.5402907692506,10.421236131687376,1295,241.6716417910448,479.910447761194
pos23,Middle,10.333333333333332,236.84783094875272,10.457579082253213,1284,241.7391304347826,480.02666666666664
pos23,Middle,10.416666666666666,236.54527170267488,10.324498651478306,1293,241.9803921568627,480.2826086956522
pos23,Middle,10.5,236.40375338906688,10.658907881418498,1288,241.86363636363637,480.27272727272725
pos23,Middle,10.583333333333332,236.0847977832145,10.729117480553223,1270,241.8571428571429,480.258064516129
pos23,Middle,10.666666666666666,237.3979800570922,10.880796838705248,1292,241.98666666666668,480.241935483871
pos23,Middle,10.75,235.68811811890149,10.600197384233468,1285,241.67796610169492,480.0
pos23,Middle,10.833333333333332,234.74964738879927,10.030996807128105,1271,242.0506329113924,480.0
pos23,Middle,10.916666666666666,234.8943858824194,9.931987279251231,1282,241.68421052631575,480.0810810810811
pos23,Middle,11.0,234.59260719209027,10.11909229709123,1292,241.93478260869568,480.1168831168831
pos23,Middle,11.083333333333332,234.82179635086962,9.906540288368431,1290,241.65625,479.75949367088606
pos23,Middle,11.166666666666666,233.9610865382423,9.96354770694391,1296,241.8,479.9102564102564
pos23,Middle,11.25,234.10505295823012,10.388867763693906,1301,241.765625,480.2826086956522
pos23,Middle,11.333333333333332,234.46938070712383,10.429146190683038,1292,241.7058823529412,480.0
pos23,Middle,11.416666666666666,233.86225956058664,10.600045319795024,1284,241.65853658536585,479.9078947368421
pos23,Middle,11.5,233.4040951482008,10.03916934421389,1287,241.6633663366337,480.0921052631579
pos23,Middle,11.583333333333332,233.20156004678216,9.696388912604847,1288,241.9506172839506,480.28125
pos23,Middle,11.666666666666666,232.8901923169061,9.77947014719502,1289,242.23529411764707,480.25
pos23,Middle,11.75,232.83351668328103,9.825295468501842,1288,241.83823529411765,480.2266666666667
pos23,Middle,11.833333333333332,232.1140414431954,9.828252084009211,1311,242.0754716981132,480.2
pos23,Middle,11.916666666666666,232.22539480150945,9.764512616691933,1316,241.74242424242425,480.2
pos23,Middle,12.0,232.27226560894377,9.881110107089066,1315,241.6315789473684,480.0571428571429
pos23,Middle,12.083333333333332,232.38927235332744,9.717116737993164,1322,242.0,480.24691358024694
pos23,Middle,12.166666666666666,232.2851920099767,9.913897560967742,1319,241.65625,480.2823529411765
pos23,Middle,12.25,231.61331694453537,9.688360806145845,1292,241.77272727272728,480.2
pos23,Middle,12.333333333333332,231.60318831830227,10.110315252587567,1312,241.69354838709677,480.06410256410254
pos23,Middle,12.416666666666666,231.56132932939255,9.879258516869141,1316,241.7530864197531,480.2923076923077
pos23,Middle,12.5,231.3629283426318,10.137110409002444,1305,241.8,480.1489361702128
pos23,Middle,12.583333333333332,231.3448626459145,9.188102606683874,1314,241.6428571428571,480.1904761904762
pos23,Middle,12.666666666666666,230.76976140930702,9.69059919899105,1304,241.6727272727273,480.271186440678
pos23,Middle,12.75,231.21209888713304,9.955288557290402,1309,242.4782608695652,480.2153846153846
pos23,Middle,12.833333333333332,230.66190466242594,9.160996850759558,1289,241.75,480.13953488372096
pos23,Middle,12.916666666666666,230.4257543217512,9.40111877666495,1285,241.67605633802816,480.0
pos23,Middle,13.0,230.97755228128023,9.87614564954793,1270,242.08333333333337,480.0681818181818
pos23,Middle,13.083333333333332,230.36546359168696,9.60917133561304,1297,241.6888888888889,480.0
pos23,Middle,13.166666666666666,229.77623602383488,9.49752294473175,1307,241.6341463414634,480.2957746478873
pos23,Middle,13.25,230.34761976292384,9.519111488600212,1310,241.7121212121212,480.2127659574468
pos23,Middle,13.333333333333332,229.73069975504532,9.186795207063511,1304,241.65625,479.6923076923077
pos23,Middle,13.416666666666666,229.35900694624385,9.323369760684901,1307,242.23076923076923,480.24590163934425
pos23,Middle,13.5,229.23861692153758,9.121500387191547,1310,241.93023255813952,480.2258064516129
pos23,Middle,13.583333333333332,230.2834373764674,9.44882779399962,1278,241.73611111111111,479.6923076923077
pos23,Middle,13.666666666666666,229.87393444504008,9.144080048410782,1315,241.91304347826087,480.1929824561403
pos23,Middle,13.75,229.50195746417674,9.100035673154295,1318,241.70967741935485,479.93939393939394
pos23,Middle,13.833333333333332,229.46304405661428,8.818047012125415,1318,241.65625,480.2112676056338
pos23,Middle,13.916666666666666,229.33033024073174,9.001059651626067,1322,242.27906976744185,480.0
pos23,Middle,14.0,228.55792031347684,8.923322014914843,1330,242.0,480.1764705882353
pos23,Middle,14.083333333333332,228.15177690743494,9.12317628552899,1331,241.9322033898305,479.71830985915494
pos23,Middle,14.166666666666666,228.5663064860867,8.93160089298981,1333,241.65625,480.169014084507
pos23,Middle,14.25,228.17066272319892,8.749167385911905,1332,241.63333333333333,480.2903225806452
pos23,Middle,14.333333333333332,228.6692648083503,9.17386001100553,1336,241.85185185185185,480.1159420289855
pos23,Middle,14.416666666666666,228.09536585135794,9.184149132984823,1328,241.7471264367816,479.8636363636364
pos23,Middle,14.5,228.8758017179922,9.26419249416565,1339,241.64,480.015625
pos23,Middle,14.583333333333332,230.05737141358708,9.125887836647127,1315,241.74193548387095,480.07142857142856
pos23,Middle,14.666666666666666,229.71402170147815,9.520144596290763,1304,241.6769230769231,480.03846153846155
pos23,Middle,14.75,229.39329972996657,9.519588764698236,1335,241.83333333333337,479.908256880734
pos23,Middle,14.833333333333332,228.78049697966986,9.540599910559704,1325,241.65882352941176,480.027397260274
pos23,Middle,14.916666666666666,228.19651208818715,9.455021295790766,1330,241.78571428571428,480.0833333333333
pos23,Middle,15.0,227.91234491900127,9.008462362375212,1342,241.69014084507043,480.09090909090907
pos23,Middle,15.083333333333332,227.28495636297535,9.36538485063567,1339,242.51923076923077,480.0
pos23,Middle,15.166666666666666,227.39009337458808,9.359144038460862,1351,241.63636363636363,480.1714285714286
pos23,Middle,15.25,227.0028410277676,9.050953519553742,1352,241.64044943820224,480.2307692307692
pos23,Middle,15.333333333333332,227.43298030696374,9.211323932388835,1349,241.6981132075472,480.0
pos23,Middle,15.416666666666666,226.97084361056602,9.204641732397418,1350,242.0,480.07272727272726
pos23,Middle,15.5,226.89200130467623,9.828554636646315,1363,241.71794871794873,480.1470588235294
pos23,Middle,15.583333333333332,227.21559176528535,10.279558596663726,1363,241.9154929577465,479.65625
pos23,Middle,15.666666666666666,227.16356445307073,10.00292010075106,1375,241.73076923076923,480.1904761904762
pos23,Middle,15.75,227.4634704993628,9.844407830230587,1367,241.6764705882353,480.06410256410254
pos23,Middle,15.833333333333332,227.718441255787,9.891377824846366,1369,241.6290322580645,480.2826086956522
pos23,Middle,15.916666666666666,227.43679021694996,9.903388750951754,1368,241.65,480.1617647058824
pos23,Middle,16.0,227.52433455490186,9.859398661271419,1369,241.77777777777777,480.2857142857143
pos23,Middle,16.083333333333332,228.03518420954217,9.819504278926413,1370,241.68421052631575,479.92
pos23,Middle,16.166666666666664,228.2164996258172,10.085874718888691,1376,241.72972972972977,480.1917808219178
pos23,Middle,16.25,228.15063578499382,10.252541044102696,1367,241.6190476190476,480.0
pos23,Middle,16.333333333333332,228.82095352596215,10.41986590957667,1378,242.0,479.45
pos23,Middle,16.416666666666664,229.20015489681242,10.102585956282157,1392,242.0,480.22222222222223
pos23,Middle,16.5,229.02144700084784,10.097549421951957,1381,241.6769230769231,479.7303370786517
pos23,Middle,16.583333333333332,229.30337089815282,9.991166912777,1382,241.74,480.3015873015873
pos23,Middle,16.666666666666664,229.63435380265165,9.985806622188608,1393,242.2037037037037,480.0
pos23,Middle,16.75,229.76506208636076,9.93962686411176,1390,242.6206896551724,480.06666666666666
pos23,Middle,16.833333333333332,229.78050249656582,9.61211804531549,1380,241.9047619047619,479.76666666666665
pos23,Middle,16.916666666666664,230.36203286157556,9.638087073982605,1394,242.0,480.0
pos23,Middle,17.0,230.09083537702284,9.69999565118241,1396,242.5,479.87142857142857
pos23,Middle,17.083333333333332,230.39908366106195,9.636206143396523,1405,241.9318181818182,480.1428571428572
pos23,Middle,17.166666666666664,230.5665765136378,9.403296435406782,1393,241.71794871794873,480.2112676056338
pos23,Middle,17.25,232.84764452215654,9.291714494853256,1399,241.8510638297872,480.2916666666667
pos23,Middle,17.333333333333332,229.59637769075493,9.250109214954662,1405,242.0,479.8783783783784
pos23,Middle,17.416666666666664,229.79597471317373,9.51796154277548,1397,242.0,480.05882352941177
pos23,Opening,0.0,561.1883677896567,52.37452437795258,1204,480.4032258064516,702.8095238095239
pos23,Opening,0.08333333333333333,549.98514041098,51.15992286180527,1191,480.5161290322581,701.3617021276596
pos23,Opening,0.16666666666666666,537.042595741171,52.20377884587902,1189,480.4166666666667,701.9302325581396
pos23,Opening,0.25,526.734295578522,51.26635669982805,1170,480.6619718309859,702.6
pos23,Opening,0.3333333333333333,512.5412385626802,50.210624685635786,1183,480.3225806451613,703.0
pos23,Opening,0.41666666666666663,501.7346959798716,48.1276424904995,1182,480.3469387755102,702.0
pos23,Opening,0.5,495.2525142578975,48.28648353626469,1185,480.6666666666667,701.5
pos23,Opening,0.5833333333333333,486.4864171838314,48.413311778863914,1180,480.75,702.5757575757576
pos23,Opening,0.6666666666666666,471.41968586712653,46.4612391665385,1193,480.5434782608696,701.5277777777778
pos23,Opening,0.75,469.9363672993782,46.618163508580565,1175,480.3478260869565,701.6034482758621
pos23,Opening,0.8333333333333333,459.1289729282812,46.367548832389744,1185,480.5287356321839,701.5531914893617
pos23,Opening,0.9166666666666666,454.008045546991,44.560998791803975,1196,480.375,701.4722222222222
pos23,Opening,1.0,448.88690617765974,44.748484330689685,1198,480.35483870967744,701.3428571428572
pos23,Opening,1.0833333333333333,445.75834251511975,45.03982554160589,1196,480.57377049180326,702.5
pos23,Opening,1.1666666666666665,442.9600692603894,45.49361409811257,1175,480.9318181818182,702.4705882352941
pos23,Opening,1.25,432.4818244127414,43.18918527700313,1203,480.4363636363637,701.8571428571429
pos23,Opening,1.3333333333333333,426.51036399668357,44.93048302306512,1209,480.45,701.7446808510638
pos23,Opening,1.4166666666666665,423.2094208298461,45.499197144729884,1210,480.4390243902439,702.7096774193549
pos23,Opening,1.5,416.6669098399832,46.852209376596825,1198,480.375,701.6052631578947
pos23,Opening,1.5833333333333333,410.9987625852193,45.45970132944732,1192,480.36507936507934,701.5757575757576
pos23,Opening,1.6666666666666665,404.17328569416827,44.43274383112997,1176,480.4406779661017,702.4827586206897
pos23,Opening,1.75,400.79635067885476,43.62367078031833,1172,480.375,702.4193548387096
pos23,Opening,1.8333333333333333,392.422358099977,41.82462146957863,1169,480.3333333333333,701.5333333333333
pos23,Opening,1.9166666666666665,388.35071174892954,41.930590008009005,1163,480.5686274509804,701.5806451612904
pos23,Opening,2.0,383.9968541539831,41.33909076825478,1168,480.6909090909091,702.9615384615385
pos23,Opening,2.083333333333333,380.40748550823344,40.51165496515347,1172,481.0,702.0
pos23,Opening,2.1666666666666665,376.03085729032813,39.34399668390873,1155,480.51666666666665,701.6666666666666
pos23,Opening,2.25,374.56877421922775,39.17254518701239,1151,480.57142857142856,702.219512195122
pos23,Opening,2.333333333333333,370.12295525313385,37.919369999078256,1144,480.3258426966292,701.125
pos23,Opening,2.4166666666666665,364.93416952321076,37.16891802348077,1151,480.42857142857144,701.3243243243244
pos23,Opening,2.5,362.38029161994456,35.67210007520301,1155,480.3376623376623,702.5945945945946
pos23,Opening,2.583333333333333,358.70303686810877,35.50091026748221,1163,480.327868852459,701.4722222222222
pos23,Opening,2.6666666666666665,357.1664198749244,35.62478819277013,1155,480.3380281690141,702.3414634146342
pos23,Opening,2.75,354.4081166717181,35.486260594980166,1154,480.34375,701.8
pos23,Opening,2.833333333333333,351.1212162147341,35.256830388717276,1167,480.85,701.2903225806451
pos23,Opening,2.9166666666666665,347.71706110274573,33.59579995662124,1168,480.5,701.6538461538462
pos23,Opening,3.0,345.2034383106633,31.95644735408321,1179,480.457627118644,701.6388888888889
pos23,Opening,3.083333333333333,340.7905087791581,31.722212554084734,1187,480.8875,702.421052631579
pos23,Opening,3.1666666666666665,334.62256248234445,29.804239541028938,1181,480.3095238095238,701.6
pos23,Opening,3.25,332.2655617884414,29.86964897087248,1184,480.3888888888889,702.3333333333334
pos23,Opening,3.333333333333333,329.282686855039,29.093363816931525,1187,480.42,701.9
pos23,Opening,3.4166666666666665,325.7281528967764,27.973555637275382,1193,480.3333333333333,702.3235294117648
pos23,Opening,3.5,324.53913544612584,27.242534932266196,1188,480.5903614457831,701.9
pos23,Opening,3.583333333333333,324.38415208387454,28.027231266117784,1159,480.6428571428572,702.0
pos23,Opening,3.6666666666666665,322.79452809533956,27.53784216344,1162,480.48571428571427,701.65625
pos23,Opening,3.75,320.55857753300324,27.298191183749715,1156,480.4117647058824,702.0
pos23,Opening,3.833333333333333,317.6700057968684,25.480555723717114,1150,480.4130434782609,702.5405405405405
pos23,Opening,3.9166666666666665,316.8667773280118,26.044747250742876,1137,480.3220338983051,701.6071428571429
pos23,Opening,4.0,315.4759017308749,26.359153149902838,1126,480.8904109589041,702.5277777777778
pos23,Opening,4.083333333333333,314.46285537872274,26.609791208254144,1116,480.8510638297872,701.5882352941177
pos23,Opening,4.166666666666666,313.5297573402163,26.84317618810867,1140,480.43859649122805,701.6590909090909
pos23,Opening,4.25,311.8735309167822,26.915674819527844,1126,480.45454545454544,702.2413793103449
pos23,Opening,4.333333333333333,310.3712414734272,26.27939977169957,1148,480.5507246376812,702.0
pos23,Opening,4.416666666666666,307.68595800428085,25.06168802345423,1151,480.56451612903226,701.9318181818181
pos23,Opening,4.5,307.86997712719767,26.642079550736337,1158,480.3888888888889,701.4038461538462
pos23,Opening,4.583333333333333,307.8115195028345,26.43223776555046,1155,480.3454545454546,702.0909090909091
pos23,Opening,4.666666666666666,306.51001353988704,26.645875118635974,1168,480.66037735849056,702.6923076923077
pos23,Opening,4.75,300.22059850464996,25.497118348688755,1172,480.4864864864865,701.3243243243244
pos23,Opening,4.833333333333333,297.6006633260266,22.422393463960308,1176,480.3103448275862,702.5862068965517
pos23,Opening,4.916666666666666,296.7124222353794,21.957935299722887,1175,480.3333333333333,701.3076923076923
pos23,Opening,5.0,295.80405530428476,21.546973462838356,1145,480.4235294117647,701.4406779661017
pos23,Opening,5.083333333333333,295.32300253397165,20.972253256434858,1116,480.5254237288136,701.5526315789474
pos23,Opening,5.166666666666666,293.393621141691,20.9138077334286,1084,480.64864864864865,701.1944444444445
pos23,Opening,5.25,292.8802173036536,20.78069676188204,1112,480.3207547169811,701.3396226415094
pos23,Opening,5.333333333333333,291.71678319111334,21.052579823528,1130,480.3958333333333,702.0
pos23,Opening,5.416666666666666,290.4498932116535,21.090168941514783,1126,480.5172413793103,701.3617021276596
pos23,Opening,5.5,289.02195083411823,21.317875702541965,1118,480.3818181818182,702.2
pos23,Opening,5.583333333333333,287.5290921922039,20.011008320764635,1122,480.6865671641791,702.0681818181819
pos23,Opening,5.666666666666666,286.74645198682396,19.483882745818185,1113,480.8,702.6129032258065
pos23,Opening,5.75,285.6559112393044,18.752178329432283,1113,480.3544303797468,701.9333333333333
pos23,Opening,5.833333333333333,285.5338548697712,19.783681213245256,1111,480.3225806451613,701.2542372881356
pos23,Opening,5.916666666666666,284.77754029484356,20.0595722998081,1122,480.4366197183099,701.5853658536586
pos23,Opening,6.0,284.431865445344,19.58061788163834,1111,480.5,702.8214285714286
pos23,Opening,6.083333333333333,281.582159115015,18.338291634253647,1119,480.42622950819674,702.0
pos23,Opening,6.166666666666666,281.3644282443119,19.39981462768988,1109,480.493670886076,701.5
pos23,Opening,6.25,280.54195701418894,19.909096436851605,1115,480.3614457831325,701.7837837837837
pos23,Opening,6.333333333333333,280.15345945211976,19.846438831095895,1122,481.1095890410959,701.5
pos23,Opening,6.416666666666666,279.79863122294717,20.880081289943305,1124,480.390625,701.4516129032259
pos23,Opening,6.5,278.0680529456646,20.770926353079794,1093,480.6774193548387,701.741935483871
pos23,Opening,6.583333333333333,277.11710702140005,21.087505747829972,1093,480.67857142857144,701.5
pos23,Opening,6.666666666666666,274.7955869105674,19.069186087679377,1111,480.31111111111113,701.0923076923077
pos23,Opening,6.75,273.94601560699243,19.092600907474623,1109,480.3965517241379,701.5
pos23,Opening,6.833333333333333,273.33006504881513,18.94124442248234,1080,480.7014925373134,702.0869565217391
pos23,Opening,6.916666666666666,273.5249998625795,18.206394530106373,1095,480.5280898876405,701.9565217391304
pos23,Opening,7.0,272.23189388107346,18.29732462406752,1086,480.75,701.1304347826087
pos23,Opening,7.083333333333333,274.512803191534,19.731878378644986,1111,480.4166666666667,701.8846153846154
pos23,Opening,7.166666666666666,275.0555620571314,19.89505549943833,1110,480.56,702.9615384615385
pos23,Opening,7.25,275.83583508570047,19.84541109525699,1110,480.515625,701.5806451612904
pos23,Opening,7.333333333333333,276.07536539977104,20.204019939090397,1122,480.56451612903226,702.1860465116279
pos23,Opening,7.416666666666666,275.87935206532126,19.752033311518648,1118,480.6588235294118,702.1304347826087
pos23,Opening,7.5,276.44191151303306,20.182398891763764,1115,480.625,702.1923076923077
pos23,Opening,7.583333333333333,277.2420568466976,19.897002927768057,1124,480.44444444444446,701.936170212766
pos23,Opening,7.666666666666666,273.2839122387785,19.479247382908284,1138,480.3492063492063,701.86
pos23,Opening,7.75,269.61247714708287,18.706519821778333,1070,480.42857142857144,701.6666666666666
pos23,Opening,7.833333333333333,269.26343782934515,18.680495093927984,1113,480.4024390243902,702.25
pos23,Opening,7.916666666666666,268.40063929738994,18.794160894936635,1094,480.37142857142857,702.047619047619
pos23,Opening,8.0,266.78630946981485,17.978592456595493,978,480.3614457831325,701.2777777777778
pos23,Opening,8.083333333333332,266.5260965100973,18.86172927893897,1034,480.4242424242424,702.08
pos23,Opening,8.166666666666666,265.8768252781282,17.757844800668668,1043,480.37142857142857,702.0
pos23,Opening,8.25,265.60550409482147,18.069973134217523,1081,480.3448275862069,702.3333333333334
pos23,Opening,8.333333333333332,265.58967288871116,18.064895771172885,1079,480.4745762711864,702.2790697674419
pos23,Opening,8.416666666666666,264.7554812365381,17.77781743305183,1087,480.3809523809524,702.1842105263158
pos23,Opening,8.5,265.1603469585194,18.150557691586442,1082,480.5,701.4406779661017
pos23,Opening,8.583333333333332,264.96185528069185,17.696111273668127,1076,480.3068181818182,701.8695652173913
pos23,Opening,8.666666666666666,265.5063465871342,18.258345773102143,1078,480.3478260869565,701.5227272727273
pos23,Opening,8.75,265.23497613892147,18.30120812800996,1009,480.4918032786885,701.3965517241379
pos23,Opening,8.833333333333332,261.0303508269348,18.174034343003903,503,480.36507936507934,699.9852941176471
pos23,Opening,8.916666666666666,262.87757267848286,17.480081820813407,792,480.37142857142857,700.5272727272727
pos23,Opening,9.0,265.66855716490244,18.96225911538595,1053,480.3766233766234,702.9166666666666
pos23,Opening,9.083333333333332,265.71849898286797,18.85039658588031,1057,480.6206896551725,701.4285714285714
pos23,Opening,9.166666666666666,265.7683196009686,18.907560127375856,1066,480.32307692307694,700.94
pos23,Opening,9.25,265.8275033434499,18.69381166502919,1079,481.10526315789474,702.1395348837209
pos23,Opening,9.333333333333332,266.89930832287206,19.260128078405867,1083,480.8032786885246,702.1923076923077
pos23,Opening,9.416666666666666,266.61021444897716,19.35706178459377,1062,480.6666666666667,701.8
pos23,Opening,9.5,267.09175118460143,18.877588672422007,1069,480.42622950819674,702.0
pos23,Opening,9.583333333333332,263.49430500073964,18.045676931574004,838,480.58181818181816,701.0434782608696
pos23,Opening,9.666666666666666,262.6567842879341,18.4187936350779,1037,480.3921568627451,702.0
pos23,Opening,9.75,262.22808442148215,18.124896725047723,1088,480.457627118644,702.5454545454545
pos23,Opening,9.833333333333332,261.5118933480717,18.249437413472915,1117,480.921568627451,702.5
pos23,Opening,9.916666666666666,259.58740449642085,17.535361384988423,1115,480.3888888888889,702.5
pos23,Opening,10.0,260.6376742277672,18.094957285617568,1102,480.5,702.6470588235294
pos23,Opening,10.083333333333332,259.2312160075578,17.960825472576566,1070,480.910447761194,701.0967741935484
pos23,Opening,10.166666666666666,259.54252751588473,17.445207337291006,1038,480.5172413793103,701.9756097560976
pos23,Opening,10.25,258.84637066099,17.671544331234898,1061,480.6206896551725,701.5438596491229
pos23,Opening,10.333333333333332,259.33644139658344,17.330728301961848,1037,480.6949152542373,702.3846153846154
pos23,Opening,10.416666666666666,259.02483135436336,17.45196740461512,1042,480.35,701.5
pos23,Opening,10.5,258.6987264645638,17.325254892702418,1068,480.36764705882354,701.1917808219179
pos23,Opening,10.583333333333332,257.6381078618847,17.217010121739158,1013,480.3090909090909,702.4285714285714
pos23,Opening,10.666666666666666,260.4496852242347,17.47628195117451,1027,480.3859649122807,701.9166666666666
pos23,Opening,10.75,258.2297112775999,16.89338711555899,1043,480.57142857142856,701.375
pos23,Opening,10.833333333333332,257.685193227045,17.493172099160713,1089,480.4492753623188,701.953488372093
pos23,Opening,10.916666666666666,257.94468588248685,17.723623505577727,1088,480.8181818181818,701.811320754717
pos23,Opening,11.0,257.850748115829,17.666687865195772,1078,480.53684210526313,702.1666666666666
pos23,Opening,11.083333333333332,258.48410805066055,17.76000651411777,1090,480.5762711864407,701.5
pos23,Opening,11.166666666666666,257.6291307207813,18.2287077918666,1057,480.3888888888889,702.6315789473684
pos23,Opening,11.25,257.62779292610844,17.79598237825581,1073,480.625,701.8039215686274
pos23,Opening,11.333333333333332,257.225842059356,17.541498429445717,1065,480.5,701.3666666666667
pos23,Opening,11.416666666666666,257.1673689530275,17.18245509648033,1079,480.3857142857143,701.5
pos23,Opening,11.5,256.27492960879096,17.297758983858476,1081,480.3614457831325,701.8541666666666
pos23,Opening,11.583333333333332,256.57477927246043,17.632132604524724,1087,480.3965517241379,701.2682926829268
pos23,Opening,11.666666666666666,256.2547775516392,17.92637176367353,1079,480.6373626373626,701.9024390243902
pos23,Opening,11.75,255.83007307937842,17.24466885990151,1054,480.457627118644,701.6
pos23,Opening,11.833333333333332,255.30499080748052,16.928849051506415,1062,480.5692307692308,701.0384615384615
pos23,Opening,11.916666666666666,255.21523061188557,17.465035052981957,1076,480.4827586206897,701.2173913043479
pos23,Opening,12.0,255.48182610146637,17.608306965628376,1048,480.64,702.0
pos23,Opening,12.083333333333332,255.42597457460903,17.367921131471277,1079,480.9347826086956,701.8846153846154
pos23,Opening,12.166666666666666,254.073179292628,16.698893563878972,1050,480.5,701.6363636363636
pos23,Opening,12.25,253.36942760494088,16.933502016191092,1050,480.51666666666665,701.1666666666666
pos23,Opening,12.333333333333332,253.30654843304674,16.917191203858298,1066,480.6373626373626,702.2352941176471
pos23,Opening,12.416666666666666,252.4036108900416,17.390469548992726,998,480.57142857142856,701.5833333333334
pos23,Opening,12.5,251.92315678482825,16.898183582897005,1005,480.52830188679246,701.6666666666666
pos23,Opening,12.583333333333332,253.2788739585937,17.17080733622316,1089,480.3928571428572,701.3965517241379
pos23,Opening,12.666666666666666,251.20216278556288,16.508259828527198,934,480.53333333333336,701.8775510204082
pos23,Opening,12.75,251.31125273512114,16.187594167564622,950,480.9855072463768,700.8333333333334
pos23,Opening,12.833333333333332,251.80782902485936,16.408717031801586,954,480.46666666666664,701.9791666666666
pos23,Opening,12.916666666666666,253.1637734678776,17.009104147352804,955,480.359375,701.2
pos23,Opening,13.0,251.63202298813445,16.90838322897897,831,480.42857142857144,700.8928571428571
pos23,Opening,13.083333333333332,252.18359565970232,16.892650915230632,971,480.3134328358209,701.6034482758621
pos23,Opening,13.166666666666666,251.3984834885328,16.6160703956191,1016,480.8780487804878,700.9344262295082
pos23,Opening,13.25,252.46452173700195,17.30620643788176,1061,480.7887323943662,701.8846153846154
pos23,Opening,13.333333333333332,251.92162895100344,17.145127983206,1065,480.55,701.9347826086956
pos23,Opening,13.416666666666666,251.34875055282288,17.306125428718747,1068,480.7317073170732,701.4705882352941
pos23,Opening,13.5,252.530609996673,17.48202965200539,1087,480.4166666666667,701.9166666666666
pos23,Opening,13.583333333333332,250.4767299981854,16.734193310774177,918,480.36206896551727,701.2181818181818
pos23,Opening,13.666666666666666,251.90762596134695,17.996959997075646,1013,480.4074074074074,700.9344262295082
pos23,Opening,13.75,252.06990775684997,17.965103991531254,1104,480.8181818181818,702.0
pos23,Opening,13.833333333333332,251.62796908755584,17.847217088725866,1072,480.5,702.0
pos23,Opening,13.916666666666666,251.2792076094579,17.906399134536564,1095,480.5949367088608,701.7272727272727
pos23,Opening,14.0,251.02167635832524,17.968379536778976,1082,480.3529411764706,701.34375
pos23,Opening,14.083333333333332,250.50525617521194,17.363733138712707,1101,480.78409090909093,702.0
pos23,Opening,14.166666666666666,250.78119627265906,17.55969744427998,1080,480.4901960784314,702.063829787234
pos23,Opening,14.25,249.62207967538197,16.220989596541603,1062,480.43283582089555,701.566037735849
pos23,Opening,14.333333333333332,250.1216800088108,17.05717964456279,1046,480.34375,701.8666666666667
pos23,Opening,14.416666666666666,250.13828749506527,17.584504648795434,1037,480.578125,701.6129032258065
pos23,Opening,14.5,251.00548048395612,17.617679150653913,992,480.6344086021506,701.2448979591836
pos23,Opening,14.583333333333332,251.15117612442444,16.741974314882853,961,480.4193548387097,700.8666666666667
pos23,Opening,14.666666666666666,251.64981204779065,17.7495204142539,880,480.7096774193548,701.4516129032259
pos23,Opening,14.75,253.18503265008033,17.37960248281905,1100,480.5,702.2962962962963
pos23,Opening,14.833333333333332,252.83393620720906,18.501977786459978,1121,480.7321428571428,701.65625
pos23,Opening,14.916666666666666,250.23920347093744,16.716459179155162,1079,480.7169811320755,701.3666666666667
pos23,Opening,15.0,249.65003836289776,17.201052847267082,1114,480.6140350877193,702.5277777777778
pos23,Opening,15.083333333333332,248.86344179240797,16.716299054373547,1124,480.48,702.4193548387096
pos23,Opening,15.166666666666666,248.9108267345398,17.023713570286926,1116,480.5576923076923,701.8541666666666
pos23,Opening,15.25,248.6357265701294,16.99259884711199,1089,480.9402985074626,702.34375
pos23,Opening,15.333333333333332,248.63661905653947,17.062394371362597,1127,480.3690476190476,701.936170212766
pos23,Opening,15.416666666666666,248.44366956552773,17.560782328496195,1117,480.7111111111111,701.0
pos23,Opening,15.5,247.61974599938787,17.276234522900197,1121,480.37142857142857,702.2857142857143
pos23,Opening,15.583333333333332,247.95571766990824,17.60654418638483,1122,480.57142857142856,702.0
pos23,Opening,15.666666666666666,247.66338299608464,17.442203976677725,1091,480.43548387096774,701.525
pos23,Opening,15.75,249.37223170208628,18.240922294853824,1104,480.42105263157896,702.0
pos23,Opening,15.833333333333332,248.3023645808168,16.83210999133186,1098,480.5,701.92
pos23,Opening,15.916666666666666,247.47774682571327,16.7907562107829,1092,480.45882352941175,701.8333333333334
pos23,Opening,16.0,247.24791145540271,16.76378791291761,1105,480.3888888888889,702.1395348837209
pos23,Opening,16.083333333333332,246.57715593682175,16.955486859646932,1134,480.6071428571428,702.2558139534884
pos23,Opening,16.166666666666664,247.04287483786368,16.938164426992916,1112,480.64,702.34375
pos23,Opening,16.25,247.4270616443942,16.833474102555154,1122,480.37735849056605,701.6666666666666
pos23,Opening,16.333333333333332,247.52796881369684,16.62069813835116,1122,480.4130434782609,702.375
pos23,Opening,16.416666666666664,247.17376037728044,16.681047984047865,1117,480.3333333333333,702.375
pos23,Opening,16.5,248.08242606094862,17.03265959469735,1118,480.7,702.1071428571429
pos23,Opening,16.583333333333332,248.16698332187457,17.052720585502627,1125,480.43548387096774,702.2972972972973
pos23,Opening,16.666666666666664,248.03769567251075,16.97516330810848,1107,480.38461538461536,702.0
pos23,Opening,16.75,247.83108002669616,16.789986064820734,1092,480.5490196078431,702.1538461538462
pos23,Opening,16.833333333333332,247.91618028911986,16.657809092994498,1092,480.34177215189874,702.6470588235294
pos23,Opening,16.916666666666664,247.5395961027013,15.527263471162284,1080,480.4193548387097,701.2083333333334
pos23,Opening,17.0,248.30175235080046,16.381003237219506,1111,480.3469387755102,701.4791666666666
pos23,Opening,17.083333333333332,248.1914171708556,16.525144337723642,1080,480.54761904761904,701.1041666666666
pos23,Opening,17.166666666666664,248.11565023275915,16.289863763433843,1065,480.3888888888889,701.7254901960785
pos23,Opening,17.25,250.70091245144593,16.795343396675413,1090,480.43589743589746,701.2857142857143
pos23,Opening,17.333333333333332,247.22432223787084,15.53109766302556,1105,480.36507936507934,702.2916666666666
pos23,Opening,17.416666666666664,247.44788846768756,16.2450551706346,1071,480.4242424242424,701.421052631579
pos24,Back,0.0,567.7008350177575,67.62840600075089,1326,4.518518518518518,241.56521739130432
pos24,Back,0.08333333333333333,558.2014487387369,63.75688354486253,1393,4.333333333333333,241.3695652173913
pos24,Back,0.16666666666666666,549.1731054620742,61.99830627478232,1381,4.133333333333334,241.56666666666663
pos24,Back,0.25,544.1928178528253,62.296117082550964,1399,3.0833333333333335,241.23076923076923
pos24,Back,0.3333333333333333,532.6835608922346,60.760657638752626,1357,3.9318181818181817,241.51724137931035
pos24,Back,0.41666666666666663,521.9215462365265,62.86335832895848,1285,3.8,241.38333333333333
pos24,Back,0.5,516.8743888058208,59.292352091769935,1366,4.04,241.33962264150944
pos24,Back,0.5833333333333333,509.0735978704849,60.239107740404,1305,3.5675675675675675,241.05882352941177
pos24,Back,0.6666666666666666,503.86717265176156,58.83597653968615,1385,4.073170731707317,241.38181818181815
pos24,Back,0.75,493.36179707432314,57.91629482699783,1340,4.5,241.51612903225808
pos24,Back,0.8333333333333333,494.3473459488136,59.07050645014862,1429,4.0,241.54545454545453
pos24,Back,0.9166666666666666,480.1471454510448,56.552335013226966,1377,4.519230769230769,241.5
pos24,Back,1.0,474.38089466282236,55.233654024136754,1350,4.2592592592592595,241.5813953488372
pos24,Back,1.0833333333333333,470.5899833180457,55.65159538832186,1389,4.3023255813953485,241.4
pos24,Back,1.1666666666666665,461.86839699911974,55.23420188720919,1352,3.4390243902439024,241.47727272727272
pos24,Back,1.25,454.6320522077818,55.3115063455667,1342,4.620689655172414,241.6052631578947
pos24,Back,1.3333333333333333,448.99246729973424,53.93622423310557,1346,4.372549019607843,241.4406779661017
pos24,Back,1.4166666666666665,442.72180731405723,52.07402030724488,1352,3.978723404255319,241.375
pos24,Back,1.5,436.13999875951544,52.45890862294795,1333,4.14,241.23636363636365
pos24,Back,1.5833333333333333,426.88479162742084,51.17119742352073,1350,3.793103448275862,241.59302325581396
pos24,Back,1.6666666666666665,419.41818385929116,49.55518896247176,1352,4.490566037735849,241.421875
pos24,Back,1.75,413.99986360878944,48.75073953763434,1336,2.925925925925926,241.52325581395348
pos24,Back,1.8333333333333333,409.3288298628625,48.622468970989594,1358,4.214285714285714,241.5686274509804
pos24,Back,1.9166666666666665,403.6415616893255,47.35873507063486,1313,5.054054054054054,241.54651162790697
pos24,Back,2.0,400.2907742497538,46.37767563255574,1332,4.466666666666667,241.42424242424244
pos24,Back,2.083333333333333,396.54012679718653,46.585769367390675,1340,4.442622950819672,241.58461538461535
pos24,Back,2.1666666666666665,391.6824770753123,45.29859045506574,1330,5.025974025974026,241.3823529411765
pos24,Back,2.25,385.98003365806926,44.369046275591394,1338,4.892307692307693,241.5806451612903
pos24,Back,2.333333333333333,381.0671179743046,43.92438195308093,1319,4.230769230769231,241.52631578947367
pos24,Back,2.4166666666666665,381.5515613699584,43.549209882451194,1421,4.75,241.34615384615384
pos24,Back,2.5,376.054353715343,41.898316121107584,1407,4.915492957746479,241.54545454545453
pos24,Back,2.583333333333333,372.4778447014993,41.28795755690155,1415,4.8307692307692305,241.5744680851064
pos24,Back,2.6666666666666665,367.6408467201272,40.37913862292176,1400,3.717948717948718,241.54117647058823
pos24,Back,2.75,366.82244861721085,40.32358976952109,1439,4.656716417910448,241.5
pos24,Back,2.833333333333333,360.9079598215416,38.65423512835954,1417,5.013333333333334,241.40425531914897
pos24,Back,2.9166666666666665,356.03447064301116,38.0512047873575,1369,3.7,241.52631578947367
pos24,Back,3.0,353.95864385807823,37.32753996782042,1433,5.046875,241.5
pos24,Back,3.083333333333333,349.23813478317965,37.21696997026466,1404,3.9166666666666665,241.47058823529412
pos24,Back,3.1666666666666665,346.44430413486185,36.56563320516048,1376,4.666666666666667,241.3235294117647
pos24,Back,3.25,345.87822280177323,36.94259700885577,1450,4.923076923076923,241.37254901960785
pos24,Back,3.333333333333333,340.05704566929535,35.79573291919745,1423,4.4576271186440675,241.47619047619048
pos24,Back,3.4166666666666665,338.34994610657924,35.495705170893245,1439,3.710526315789474,241.6071428571429
pos24,Back,3.5,334.1389508062912,35.01378461940587,1441,3.731707317073171,241.5438596491228
pos24,Back,3.583333333333333,330.0702630050968,34.03054774580223,1436,4.666666666666667,241.58695652173913
pos24,Back,3.6666666666666665,323.6042584803145,32.82453682724273,1367,4.086956521739131,241.17857142857144
pos24,Back,3.75,322.9449233005056,32.579081018301075,1436,3.9361702127659575,241.47058823529412
pos24,Back,3.833333333333333,316.0216878721094,31.150643333063577,1363,3.8260869565217392,241.41379310344828
pos24,Back,3.9166666666666665,315.5335785467409,31.025807892880472,1420,4.5,241.5
pos24,Back,4.0,310.79581742032155,29.494978785465214,1347,4.230769230769231,241.5593220338983
pos24,Back,4.083333333333333,309.747839319899,29.087181934298002,1405,4.0476190476190474,241.53846153846155
pos24,Back,4.166666666666666,305.6816544537119,28.959513619754933,1401,3.4242424242424243,241.5
pos24,Back,4.25,302.36287680150804,28.55909331991051,1402,3.8461538461538463,241.375
pos24,Back,4.333333333333333,299.9885568462772,28.050681348883366,1399,4.419354838709677,241.5967741935484
pos24,Back,4.416666666666666,295.7728009172737,27.023768056158207,1384,4.7,241.53125
pos24,Back,4.5,293.39106959605016,26.697314620519236,1371,4.0,241.5142857142857
pos24,Back,4.583333333333333,290.4816825821271,26.216133523695817,1302,4.7384615384615385,241.6129032258065
pos24,Back,4.666666666666666,288.8518410167781,25.657316667835595,1289,4.968253968253968,241.47619047619048
pos24,Back,4.75,285.8400052117227,25.693445366036027,1303,4.454545454545454,241.09574468085103
pos24,Back,4.833333333333333,283.2585804749125,25.46402503121795,1308,4.5396825396825395,241.55963302752295
pos24,Back,4.916666666666666,281.3463932624873,24.7641212650199,1327,4.25,241.4406779661017
pos24,Back,5.0,278.84821731990195,24.48365006811198,1330,3.857142857142857,241.4375
pos24,Back,5.083333333333333,277.1904936691667,23.831651984122164,1300,4.0,241.52777777777777
pos24,Back,5.166666666666666,275.5170648054355,24.07885281968424,1399,4.1875,241.2058823529412
pos24,Back,5.25,271.559874568874,23.65645820287124,1384,4.133333333333334,241.0
pos24,Back,5.333333333333333,269.5570792149011,22.735460932964337,1340,4.559322033898305,241.0
pos24,Back,5.416666666666666,267.7638500934521,22.54902622781018,1358,4.9523809523809526,241.5
pos24,Back,5.5,265.7847562961515,22.031809555874677,1356,4.219512195121951,241.5531914893617
pos24,Back,5.583333333333333,264.4247230693902,22.400287066875887,1321,4.523809523809524,241.46376811594203
pos24,Back,5.666666666666666,263.61806582066043,21.51559146434085,1441,3.4242424242424243,241.50632911392404
pos24,Back,5.75,264.08790847669763,21.37400312598955,1432,3.4166666666666665,241.42857142857144
pos24,Back,5.833333333333333,260.8165812372172,21.080508895239543,1423,4.064516129032258,241.48387096774192
pos24,Back,5.916666666666666,260.3276927502298,20.43378936778067,1427,4.261904761904762,241.52941176470588
pos24,Back,6.0,259.85539876146646,19.530261481557773,1422,3.6666666666666665,241.5
pos24,Back,6.083333333333333,257.29155512785724,19.06844834544521,1416,3.8846153846153846,241.53846153846155
pos24,Back,6.166666666666666,255.3111120915283,18.032602577979777,1377,4.0,241.5
pos24,Back,6.25,253.86890880889177,17.826715000160977,1386,3.4411764705882355,241.27272727272728
pos24,Back,6.333333333333333,253.13052933558868,17.287610660987248,1398,4.0,241.5
pos24,Back,6.416666666666666,252.31352399793914,17.525147373698253,1414,4.153846153846154,241.5909090909091
pos24,Back,6.5,250.54244914373987,17.04117689492243,1408,4.4576271186440675,241.4193548387097
pos24,Back,6.583333333333333,248.47006363779647,16.277682563857685,1350,4.5,241.4883720930233
pos24,Back,6.666666666666666,247.90666410637866,15.927422701602984,1400,4.083333333333333,241.60416666666663
pos24,Back,6.75,248.18382775526044,16.083032640756628,1420,4.0,241.41509433962264
pos24,Back,6.833333333333333,247.39134488817024,15.707116059834567,1404,4.137931034482759,241.40740740740745
pos24,Back,6.916666666666666,246.75893274012964,15.601652451747196,1406,4.148148148148148,241.29166666666663
pos24,Back,7.0,246.20176081924464,16.24145010598011,1403,3.7,241.44827586206895
pos24,Back,7.083333333333333,245.63094742478583,16.17734118844943,1384,3.4,241.17857142857144
pos24,Back,7.166666666666666,245.2664210539195,16.185854144271506,1397,4.403846153846154,241.1090909090909
pos24,Back,7.25,244.18753674311705,16.663244928212787,1399,3.3,241.58620689655172
pos24,Back,7.333333333333333,243.25828273803657,15.818338139126219,1400,4.243243243243243,241.5967741935484
pos24,Back,7.416666666666666,242.51456212887018,15.423542038458212,1414,3.9565217391304346,241.33333333333337
pos24,Back,7.5,241.31584616477596,15.420704287426345,1377,4.4576271186440675,241.5185185185185
pos24,Back,7.583333333333333,240.59838917920578,14.957828097432563,1369,3.9210526315789473,241.59183673469389
pos24,Back,7.666666666666666,239.4569788023508,14.386561253894799,1386,3.7,241.4782608695652
pos24,Back,7.75,238.225275397201,13.787604127448505,1325,4.229166666666667,241.28378378378375
pos24,Back,7.833333333333333,238.4338794591395,13.772386728056828,1320,3.86046511627907,241.58620689655172
pos24,Back,7.916666666666666,237.8131887021249,13.25946919137747,1277,4.0,241.5686274509804
pos24,Back,8.0,237.77760954786893,13.078107545476383,1290,3.4705882352941178,241.61111111111111
pos24,Back,8.083333333333332,236.98747507445535,12.838325424131668,1259,4.698412698412699,241.5
pos24,Back,8.166666666666666,236.62582020238506,12.437784007522453,1277,4.627450980392157,241.50819672131144
pos24,Back,8.25,236.87590477316292,12.680281305785847,1341,3.4285714285714284,241.46153846153845
pos24,Back,8.333333333333332,237.4093950993305,12.874510256153599,1354,4.065217391304348,241.55555555555551
pos24,Back,8.416666666666666,238.07420037602108,12.872597431165442,1341,4.660714285714286,241.6
pos24,Back,8.5,237.40163954861617,13.356689024208839,1361,4.0,241.54117647058823
pos24,Back,8.583333333333332,238.26264921510045,13.426619360025247,1368,3.4594594594594597,241.21153846153845
pos24,Back,8.666666666666666,237.69381184085134,13.001227384931697,1351,4.4186046511627906,241.5185185185185
pos24,Back,8.75,237.43653105714597,12.758639106122237,1326,3.977272727272727,241.6086956521739
pos24,Back,8.833333333333332,237.328275450648,12.945826190367123,1361,4.176470588235294,241.27586206896552
pos24,Back,8.916666666666666,235.91033252662467,12.82502037633883,1367,3.4285714285714284,241.57831325301208
pos24,Back,9.0,235.85103362666663,12.796361225011198,1369,4.0,241.5
pos24,Back,9.083333333333332,234.41126189967736,12.317816025902125,1376,3.763157894736842,241.5
pos24,Back,9.166666666666666,234.28992265337038,12.115696001017383,1309,4.0,241.4909090909091
pos24,Back,9.25,233.36293607784972,11.857968378187703,1338,4.589285714285714,241.4406779661017
pos24,Back,9.333333333333332,233.38881726169777,11.957062207372394,1391,4.559322033898305,241.51612903225808
pos24,Back,9.416666666666666,232.3423941055838,10.967741213884372,1334,4.333333333333333,241.5
pos24,Back,9.5,232.9812906408202,11.01493075399069,1389,3.65625,241.4406779661017
pos24,Back,9.583333333333332,232.6364265265745,10.755316721946333,1344,3.4285714285714284,241.4909090909091
pos24,Back,9.666666666666666,232.92349657049647,11.031565454558145,1375,4.020833333333333,241.2941176470588
pos24,Back,9.75,231.69581062499793,10.992273066456343,1328,3.95,241.5
pos24,Back,9.833333333333332,232.10331620633318,10.763582191704838,1311,4.0,241.42857142857144
pos24,Back,9.916666666666666,231.80214743958527,10.906938020098968,1306,3.5833333333333335,241.5
pos24,Back,10.0,232.08859704350428,11.17003581943493,1264,4.111111111111111,241.60377358490567
pos24,Back,10.083333333333332,231.34275006050544,10.979769032747589,1284,4.083333333333333,241.45945945945945
pos24,Back,10.166666666666666,231.56965172913655,10.595229330625173,1265,3.739130434782609,241.5
pos24,Back,10.25,230.9859033249621,10.696614652645934,1288,4.3584905660377355,241.25862068965515
pos24,Back,10.333333333333332,230.87705679177674,10.581833436667845,1330,4.350877192982456,241.6034482758621
pos24,Back,10.416666666666666,230.637529089909,10.43845264120898,1308,3.763157894736842,240.7826086956522
pos24,Back,10.5,230.0284797788068,10.309279293618458,1321,3.757575757575758,241.54545454545453
pos24,Back,10.583333333333332,230.17985300258226,10.37094523102541,1293,3.4722222222222223,241.44117647058823
pos24,Back,10.666666666666666,230.37367040381125,10.05044885627905,1323,4.589285714285714,241.5
pos24,Back,10.75,229.37871084065324,9.821387144166156,1299,4.457142857142857,241.4245283018868
pos24,Back,10.833333333333332,229.6256933945201,9.865697227883764,1286,3.4705882352941178,241.50819672131144
pos24,Back,10.916666666666666,229.78439595517122,9.77101606457795,1293,4.0,241.5
pos24,Back,11.0,229.9657242027748,9.244792937116518,1297,4.0,241.5
pos24,Back,11.083333333333332,231.13323366892283,9.586985717602598,1319,4.148148148148148,241.34615384615384
pos24,Back,11.166666666666666,229.52264023077703,9.395623584758795,1341,4.142857142857143,241.42045454545453
pos24,Back,11.25,230.08674614075034,10.2539643737566,1352,4.230769230769231,241.4406779661017
pos24,Back,11.333333333333332,230.24246481358222,9.950447328741436,1344,3.869565217391304,241.57777777777775
pos24,Back,11.416666666666666,229.8192856029425,10.625623404039798,1366,3.272727272727273,241.57575757575756
pos24,Back,11.5,229.60818704373978,10.712297125157935,1374,3.4516129032258065,241.0
pos24,Back,11.583333333333332,229.19146782300433,11.003584854666702,1371,4.5,241.61111111111111
pos24,Back,11.666666666666666,228.9412569877768,10.66417170991609,1384,4.0,241.55555555555551
pos24,Back,11.75,229.30227596061428,10.74036220255944,1375,3.743589743589744,241.55737704918033
pos24,Back,11.833333333333332,228.88616865246775,10.776937716524298,1368,3.5526315789473686,241.5890410958904
pos24,Back,11.916666666666666,228.86809835228664,10.720744132371754,1375,4.39344262295082,241.22916666666663
pos24,Back,12.0,229.1495502855064,11.123065055731445,1368,3.952380952380953,241.2765957446809
pos24,Back,12.083333333333332,229.21436630007642,11.201401228524787,1370,3.4285714285714284,241.55263157894737
pos24,Back,12.166666666666666,229.10730808906527,10.91321751202843,1354,4.148148148148148,241.56521739130432
pos24,Back,12.25,228.96881842206403,10.883369536152216,1363,4.217391304347826,241.1071428571429
pos24,Back,12.333333333333332,229.04681913483597,11.014742777378116,1385,3.823529411764706,241.58490566037736
pos24,Back,12.416666666666666,228.0353233261924,10.983502926884603,1390,4.518518518518518,241.5593220338983
pos24,Back,12.5,227.8482193503652,10.644207163275377,1380,3.647058823529412,241.02325581395348
pos24,Back,12.583333333333332,227.7474520184835,10.865302305556979,1404,3.631578947368421,241.53846153846155
pos24,Back,12.666666666666666,227.6706702637311,10.167851968449398,1405,4.584905660377358,241.53968253968253
pos24,Back,12.75,227.0236811641851,10.389081786155758,1402,3.4516129032258065,241.34615384615384
pos24,Back,12.833333333333332,227.66129142638374,10.440745417464331,1394,3.75,241.2234042553191
pos24,Back,12.916666666666666,226.8437272975525,10.477338245764885,1404,3.303030303030303,241.5806451612903
pos24,Back,13.0,227.35640533622174,10.733602033719958,1395,4.2,241.5909090909091
pos24,Back,13.083333333333332,227.4641546189534,10.370475003818536,1399,3.863636363636364,241.5569620253165
pos24,Back,13.166666666666666,226.76501287803853,10.423257312683168,1371,3.8,241.5
pos24,Back,13.25,227.07705811155344,10.746106119638931,1386,3.5,241.0
pos24,Back,13.333333333333332,227.0437975021847,10.235204732057587,1367,4.533333333333333,241.5
pos24,Back,13.416666666666666,227.27685906882883,10.562692150910856,1390,3.5806451612903225,241.5686274509804
pos24,Back,13.5,227.08747713424444,10.159902121002412,1373,3.65625,241.3709677419355
pos24,Back,13.583333333333332,226.45682972396853,10.237847981378,1380,3.375,241.40740740740745
pos24,Back,13.666666666666666,225.9550265291815,10.085120084935166,1363,4.0,241.4
pos24,Back,13.75,225.86286176454817,9.941660069611764,1390,3.6153846153846154,241.5
pos24,Back,13.833333333333332,225.78661412885643,10.454044807906941,1390,4.3076923076923075,241.375
pos24,Back,13.916666666666666,225.67216236858914,9.954477159025627,1391,3.4242424242424243,241.40740740740745
pos24,Back,14.0,225.45617386641496,10.367019632515282,1373,4.044444444444444,241.33962264150944
pos24,Back,14.083333333333332,225.574992605997,10.281393567227523,1381,4.862068965517241,241.33962264150944
pos24,Back,14.166666666666666,226.00600280780145,10.105670500677851,1407,4.0,241.32432432432432
pos24,Back,14.25,225.88339762794251,10.14736839626544,1383,4.578947368421052,241.21153846153845
pos24,Back,14.333333333333332,225.77820764121245,10.138322495169414,1403,3.675675675675676,241.6071428571429
pos24,Back,14.416666666666666,225.43031525121432,10.279893164405452,1396,3.5135135135135136,241.5142857142857
pos24,Back,14.5,225.07308448650915,9.88336021987592,1412,3.823529411764706,241.50943396226415
pos24,Back,14.583333333333332,224.87855125338737,9.731958954762185,1417,4.0,241.32558139534885
pos24,Back,14.666666666666666,225.38644838475562,9.889161337957795,1410,4.258064516129032,241.5
pos24,Back,14.75,225.15535187390898,9.559110416865446,1414,4.130434782608695,241.27906976744185
pos24,Back,14.833333333333332,225.29326219154015,9.65447819603975,1392,4.175,241.2926829268293
pos24,Back,14.916666666666666,225.02272932084924,9.85490454860832,1396,3.8666666666666663,241.609375
pos24,Back,15.0,224.69711733157004,9.700427399014753,1401,3.7,241.36
pos24,Back,15.083333333333332,225.12209965326574,9.530961709463568,1400,4.490196078431373,241.5
pos24,Back,15.166666666666666,225.4511028409489,10.07337056450129,1412,4.104166666666667,241.4561403508772
pos24,Back,15.25,225.44349495050062,10.599365281237839,1415,3.4722222222222223,241.50819672131144
pos24,Back,15.333333333333332,224.9252986701587,10.62465623019273,1407,3.727272727272727,241.27184466019415
pos24,Back,15.416666666666666,225.11485952841696,10.821676719184135,1408,3.7142857142857144,241.4193548387097
pos24,Back,15.5,223.83250552401213,10.899289000632118,1414,3.4285714285714284,241.50588235294117
pos24,Back,15.583333333333332,224.01669539556588,10.668619664898502,1397,3.4516129032258065,241.296875
pos24,Back,15.666666666666666,224.70173253344026,10.726985705662027,1427,3.863636363636364,241.47368421052633
pos24,Back,15.75,224.41113221525853,10.926952074819354,1424,3.586206896551724,241.4406779661017
pos24,Back,15.833333333333332,224.57121152501648,10.775388791030476,1419,4.3,241.52
pos24,Back,15.916666666666666,224.72450307090037,10.783603642121273,1418,4.0,241.36
pos24,Back,16.0,224.6829150413867,10.643015920863172,1409,4.086956521739131,241.56666666666663
pos24,Back,16.083333333333332,224.58626249845702,10.15193730236852,1406,4.447368421052632,241.55263157894737
pos24,Back,16.166666666666664,225.04363615429304,9.740100809900445,1407,3.675675675675676,241.48275862068965
pos24,Back,16.25,225.09608610393315,9.810424788077778,1423,3.5,241.47252747252747
pos24,Back,16.333333333333332,225.6908601930753,9.473643607459609,1425,4.64,241.24137931034485
pos24,Back,16.416666666666664,226.5104116164566,9.651373853743696,1426,4.716981132075472,241.57575757575756
pos24,Back,16.5,226.86229461506107,9.873675268992868,1397,4.573770491803279,241.53333333333333
pos24,Back,16.583333333333332,227.2304967577222,10.144815547365525,1421,4.636363636363637,241.59420289855072
pos24,Back,16.666666666666664,227.50130936535493,10.325937042504476,1425,3.9361702127659575,241.52941176470588
pos24,Back,16.75,227.27439541060443,10.283950753053938,1419,3.4242424242424243,241.5
pos24,Back,16.833333333333332,227.9724321760342,10.880788823841181,1433,3.72,241.23636363636365
pos24,Back,16.916666666666664,228.22935377154892,10.702309221482452,1421,4.0,241.60294117647055
pos24,Back,17.0,228.05785320861293,10.862517246736427,1416,4.835820895522388,241.561797752809
pos24,Back,17.083333333333332,228.49123890935516,10.854651928260456,1430,3.65625,241.58823529411765
pos24,Back,17.166666666666664,229.0898216684527,10.968432113327442,1410,3.8333333333333335,241.23333333333332
pos24,Back,17.25,231.7175128068252,11.271732886718144,1391,4.111111111111111,241.47222222222223
pos24,Back,17.333333333333332,229.15686375466558,10.851799898177923,1408,3.92,241.5531914893617
pos24,Back,17.416666666666664,229.15138240999832,11.759965328915227,1387,4.266666666666667,241.4814814814815
pos24,Middle,0.0,546.1525943870954,66.44779652346577,1362,241.84126984126985,479.77272727272725
pos24,Middle,0.08333333333333333,546.4456158758633,66.37872704506348,1376,241.8780487804878,480.2710280373832
pos24,Middle,0.16666666666666666,536.0470107948474,65.31546129334738,1368,241.6769230769231,480.1923076923077
pos24,Middle,0.25,530.6280266082895,64.49655920240221,1346,242.14,480.2307692307692
pos24,Middle,0.3333333333333333,519.3405655746474,62.387240753352444,1349,242.0606060606061,480.1206896551725
pos24,Middle,0.41666666666666663,501.7093085254784,59.96748319374996,1348,241.70491803278688,480.20338983050846
pos24,Middle,0.5,501.19022740539924,58.949562910746586,1356,242.3181818181818,480.04761904761904
pos24,Middle,0.5833333333333333,491.04185745517407,57.2214793822952,1357,241.70833333333337,480.1428571428572
pos24,Middle,0.6666666666666666,487.5754616486058,56.607917254820926,1386,242.0,480.0
pos24,Middle,0.75,478.0278509573674,54.8965851433299,1397,241.734375,480.18
pos24,Middle,0.8333333333333333,478.69488723206615,53.974167916740356,1377,242.6071428571429,480.3015873015873
pos24,Middle,0.9166666666666666,467.5369240661708,52.83187403467881,1392,241.85,479.63461538461536
pos24,Middle,1.0,461.0730850542031,52.414574718075,1388,241.73170731707316,480.27272727272725
pos24,Middle,1.0833333333333333,457.41562600413243,51.812007558919746,1393,241.78181818181815,480.26984126984127
pos24,Middle,1.1666666666666665,447.1582075784701,50.25474731050627,1393,241.9,480.15384615384613
pos24,Middle,1.25,438.3956388313751,48.841278116506295,1377,242.54545454545453,480.2142857142857
pos24,Middle,1.3333333333333333,433.17648796038094,49.55407145041166,1398,241.81159420289856,479.8833333333333
pos24,Middle,1.4166666666666665,427.2038167378228,47.69897334651367,1405,241.6428571428571,480.0
pos24,Middle,1.5,420.12659697882884,46.54789568361696,1396,241.63333333333333,479.75555555555553
pos24,Middle,1.5833333333333333,411.67652940327605,45.102880184486196,1392,241.84615384615384,480.09090909090907
pos24,Middle,1.6666666666666665,404.56922889135996,44.05900788227801,1409,241.6865671641791,480.0
pos24,Middle,1.75,399.42286066274,44.20950225121551,1402,241.6153846153846,480.2558139534884
pos24,Middle,1.8333333333333333,392.09112077057256,43.17547288960605,1315,241.85185185185185,480.0
pos24,Middle,1.9166666666666665,389.00419553227005,42.32692404242079,1394,241.83333333333337,480.0754716981132
pos24,Middle,2.0,384.8763738062012,41.90809179011145,1383,241.77777777777777,480.2678571428572
pos24,Middle,2.083333333333333,382.3838717589788,41.9946115314462,1384,241.6578947368421,480.2926829268293
pos24,Middle,2.1666666666666665,378.28092374946016,40.70065782102517,1383,241.72,480.27777777777777
pos24,Middle,2.25,373.9036569908127,39.63423003223497,1374,241.71186440677965,480.1951219512195
pos24,Middle,2.333333333333333,369.57230100608956,38.44829759884463,1363,242.0,479.258064516129
pos24,Middle,2.4166666666666665,372.07557581482916,38.89431691945414,1389,241.75,480.22727272727275
pos24,Middle,2.5,367.19181435008977,39.19563839183361,1399,241.8947368421053,479.47058823529414
pos24,Middle,2.583333333333333,364.3988785915236,39.088345251169216,1387,241.6727272727273,480.27450980392155
pos24,Middle,2.6666666666666665,359.23440951807635,38.45927762536867,1404,241.66666666666663,480.30232558139534
pos24,Middle,2.75,358.48378388865507,37.6968853450232,1395,241.6206896551724,480.0
pos24,Middle,2.833333333333333,353.5835762597711,37.19287775238722,1420,241.8082191780822,479.92
pos24,Middle,2.9166666666666665,348.7956785417441,36.12757623754951,1411,241.7,480.1458333333333
pos24,Middle,3.0,348.28723472646504,36.46935426431103,1429,241.80701754385964,480.109375
pos24,Middle,3.083333333333333,342.5878468076031,35.47209509902317,1438,242.25581395348837,479.89230769230767
pos24,Middle,3.1666666666666665,340.30630261822137,35.80724302747944,1426,241.72043010752688,480.1095890410959
pos24,Middle,3.25,339.86004665382603,35.26545351556355,1391,241.79661016949152,480.2765957446808
pos24,Middle,3.333333333333333,335.5362119832657,35.29704647354447,1398,241.93478260869568,479.741935483871
pos24,Middle,3.4166666666666665,333.0908835667859,33.58410666506392,1372,241.70909090909092,479.8082191780822
pos24,Middle,3.5,329.5423060761731,33.01095274316652,1356,242.5185185185185,480.1764705882353
pos24,Middle,3.583333333333333,325.03159715899255,31.514029696346576,1360,241.8860759493671,480.2352941176471
pos24,Middle,3.6666666666666665,318.3204446626783,31.010824482840636,1378,241.94505494505495,480.1774193548387
pos24,Middle,3.75,318.2159350402144,30.157178411476433,1332,241.625,480.1714285714286
pos24,Middle,3.833333333333333,311.98735391075826,29.289927622188106,1377,241.78571428571428,480.2181818181818
pos24,Middle,3.9166666666666665,310.87306187880523,28.75779488152873,1336,242.16,480.22727272727275
pos24,Middle,4.0,306.25030394748717,28.00889269363314,1354,241.93827160493828,480.1764705882353
pos24,Middle,4.083333333333333,306.3007955391196,26.988814091030033,1318,241.6428571428571,480.0
pos24,Middle,4.166666666666666,303.60641006091674,27.042131229539297,1363,242.0,480.0816326530612
pos24,Middle,4.25,301.61714066471876,26.505770239007635,1359,242.36144578313252,479.7321428571428
pos24,Middle,4.333333333333333,299.05432359819457,25.948023893936355,1354,241.71153846153845,480.22222222222223
pos24,Middle,4.416666666666666,294.5026810970075,26.044779718741676,1346,241.72093023255815,479.9
pos24,Middle,4.5,292.23155926290565,25.537255730673593,1361,241.71794871794873,480.140350877193
pos24,Middle,4.583333333333333,288.3321452719467,24.526117447804964,1355,241.67924528301887,480.1923076923077
pos24,Middle,4.666666666666666,285.72746664647497,24.2946246671829,1352,241.64406779661016,480.09859154929575
pos24,Middle,4.75,283.29496145981113,23.14027929017073,1360,241.79166666666663,480.2142857142857
pos24,Middle,4.833333333333333,279.4404120853127,22.731488696220893,1353,241.65625,479.5977011494253
pos24,Middle,4.916666666666666,276.8185101644751,21.564332800506723,1382,241.75384615384615,480.1458333333333
pos24,Middle,5.0,274.8214775161931,20.608379150500582,1373,241.92592592592592,480.0816326530612
pos24,Middle,5.083333333333333,272.631552858141,20.314045088463192,1362,241.8571428571429,480.2307692307692
pos24,Middle,5.166666666666666,272.3224594209889,19.64625702068357,1380,241.75,480.04
pos24,Middle,5.25,270.03345538141497,19.150680391205977,1372,242.0,480.2127659574468
pos24,Middle,5.333333333333333,267.9566372883237,18.69255577876786,1361,241.6428571428571,480.0
pos24,Middle,5.416666666666666,266.14704576663127,18.40216990305952,1358,242.125,480.22222222222223
pos24,Middle,5.5,264.2270841446654,17.820257670237673,1366,241.9,480.1
pos24,Middle,5.583333333333333,262.503104431108,17.111933406029177,1357,241.64835164835165,479.93939393939394
pos24,Middle,5.666666666666666,262.4468940204357,17.463592360156948,1366,242.0,480.0
pos24,Middle,5.75,263.4625545774342,16.557233936322593,1264,241.73809523809524,480.06
pos24,Middle,5.833333333333333,259.7573473517621,16.05724683513939,1367,241.83018867924528,480.0
pos24,Middle,5.916666666666666,259.51013676481847,15.415065388207655,1332,241.80769230769232,479.8387096774194
pos24,Middle,6.0,258.4247610524731,15.579010405883565,1305,241.6981132075472,480.0
pos24,Middle,6.083333333333333,256.23113413591005,15.825795541463025,1331,242.3578947368421,480.0
pos24,Middle,6.166666666666666,253.82529022711606,15.115395256719047,1348,241.675,480.2978723404256
pos24,Middle,6.25,252.22723245009865,14.847009029176142,1354,241.97727272727272,479.97222222222223
pos24,Middle,6.333333333333333,251.4093637201057,14.567264671637506,1360,241.9298245614035,479.9782608695652
pos24,Middle,6.416666666666666,250.43599553023554,14.721184643132284,1342,242.1818181818182,480.0
pos24,Middle,6.5,249.8613267539461,14.938565870784927,1359,241.92307692307693,479.7368421052632
pos24,Middle,6.583333333333333,248.28199509777482,14.402244074283798,1367,241.65060240963857,479.92727272727274
pos24,Middle,6.666666666666666,247.9792546363049,14.701590140318748,1360,242.23684210526315,480.2888888888889
pos24,Middle,6.75,247.14472535222677,14.395599771568051,1325,241.70833333333337,480.3015873015873
pos24,Middle,6.833333333333333,247.87945173015467,13.95763973034327,1138,241.65,479.85185185185185
pos24,Middle,6.916666666666666,247.57556828536312,14.039590619220432,1178,241.8125,480.0
pos24,Middle,7.0,245.60192181627278,13.634301444846898,1235,241.640625,480.0625
pos24,Middle,7.083333333333333,244.6790764416906,13.236555982862992,1218,241.6382978723404,480.29824561403507
pos24,Middle,7.166666666666666,244.601740625006,13.21736731597349,1259,241.95294117647057,479.93617021276594
pos24,Middle,7.25,243.72923381472452,12.676887207950298,1328,242.20454545454547,479.97058823529414
pos24,Middle,7.333333333333333,243.27326555889107,12.939815043905009,1340,242.271186440678,480.15277777777777
pos24,Middle,7.416666666666666,242.44890513735018,12.036980534245293,1330,241.95098039215685,479.93617021276594
pos24,Middle,7.5,241.06821431707212,11.649860473286466,1329,241.6296296296296,480.02777777777777
pos24,Middle,7.583333333333333,240.4971492092752,11.548508907944468,1310,242.1578947368421,479.3125
pos24,Middle,7.666666666666666,239.731797755175,11.982840321938177,1326,241.91836734693877,480.0921052631579
pos24,Middle,7.75,239.10174361229426,11.570630773660072,1319,241.6984126984127,480.0
pos24,Middle,7.833333333333333,238.6277172623073,11.731453740473013,1313,242.08333333333337,480.1311475409836
pos24,Middle,7.916666666666666,237.87561327364054,11.219273820667294,1303,241.9393939393939,479.9245283018868
pos24,Middle,8.0,237.05097388421004,10.843752011735964,1310,241.6428571428571,480.258064516129
pos24,Middle,8.083333333333332,236.56147972885614,10.796885522118671,1312,241.65,480.1621621621622
pos24,Middle,8.166666666666666,236.62138839987716,10.820108259503417,1297,241.84615384615384,479.9591836734694
pos24,Middle,8.25,237.16163498051333,11.06512500458671,1294,241.78666666666663,480.2352941176471
pos24,Middle,8.333333333333332,238.09268034184382,11.494235381034809,1279,241.6341463414634,479.9102564102564
pos24,Middle,8.416666666666666,238.46505259033316,11.076545580568606,1192,241.9367088607595,480.0
pos24,Middle,8.5,238.52359919207422,11.389485336735994,1187,241.92,480.2112676056338
pos24,Middle,8.583333333333332,239.54184465028132,11.587339630929595,1279,241.7887323943662,480.0882352941176
pos24,Middle,8.666666666666666,238.64217678205767,11.472901306792469,1320,241.71666666666667,479.82608695652175
pos24,Middle,8.75,238.2360055386318,11.848850099756138,1317,241.73972602739727,480.2586206896552
pos24,Middle,8.833333333333332,238.53102092317457,11.896563476327113,1208,241.6904761904762,479.2238805970149
pos24,Middle,8.916666666666666,237.05624580965448,11.854290832825248,1247,241.9803921568627,480.2
pos24,Middle,9.0,236.3507365511255,11.938391046809112,1287,242.1803278688525,479.9382716049383
pos24,Middle,9.083333333333332,235.71950986933385,11.673297677457391,1314,242.6129032258065,480.2878787878788
pos24,Middle,9.166666666666666,234.76986152264806,11.445257604996096,1322,241.8095238095238,480.0
pos24,Middle,9.25,234.1208941575242,11.28044174984771,1310,241.79591836734693,480.0
pos24,Middle,9.333333333333332,234.00344387894853,11.259818595681924,1311,242.1578947368421,480.0
pos24,Middle,9.416666666666666,233.04750476730263,10.68700325530173,1303,242.78,480.1666666666667
pos24,Middle,9.5,233.9958621146996,10.71297963405468,1301,241.74137931034485,480.0681818181818
pos24,Middle,9.583333333333332,232.53625170643713,10.14886894229668,1292,241.68965517241375,480.089552238806
pos24,Middle,9.666666666666666,233.16299661860833,11.068249779198494,1289,242.0,479.741935483871
pos24,Middle,9.75,232.65412589740657,10.159965801152584,1287,242.0,480.2380952380952
pos24,Middle,9.833333333333332,232.35567985390972,10.248895828699103,1289,241.8840579710145,480.3009708737864
pos24,Middle,9.916666666666666,232.724395120037,10.058977690857152,1279,241.75,480.1851851851851
pos24,Middle,10.0,231.9204079013274,9.629762832143408,1282,241.77142857142857,480.0357142857143
pos24,Middle,10.083333333333332,231.87751661255075,9.562228719747967,1285,241.72222222222223,480.26
pos24,Middle,10.166666666666666,232.03017778112,9.337665508537869,1284,241.64150943396223,479.8082191780822
pos24,Middle,10.25,231.05016488828707,9.403000100802352,1294,241.6981132075472,480.296875
pos24,Middle,10.333333333333332,231.48623014912758,9.845166448677785,1293,241.76315789473685,480.2916666666667
pos24,Middle,10.416666666666666,231.1046523496147,9.772909484569613,1286,241.6727272727273,480.2826086956522
pos24,Middle,10.5,231.33795867186117,9.910318961746103,1292,241.73170731707316,480.2678571428572
pos24,Middle,10.583333333333332,231.3360438519175,9.77519945068784,1297,241.66666666666663,479.9
pos24,Middle,10.666666666666666,231.13137620318307,9.743808890059343,1298,241.72549019607845,480.27941176470586
pos24,Middle,10.75,230.59981176907527,10.128162566373351,1296,241.85294117647055,480.089552238806
pos24,Middle,10.833333333333332,231.00476927261093,9.816084788354281,1293,242.0,480.2823529411765
pos24,Middle,10.916666666666666,231.92919371836547,9.976155788901313,1315,241.8,480.3015873015873
pos24,Middle,11.0,232.4621206359632,9.684591049723783,1314,241.9318181818182,480.1756756756757
pos24,Middle,11.083333333333332,233.5515258783993,9.755267344111763,1321,242.06666666666663,479.9375
pos24,Middle,11.166666666666666,232.70745944531225,10.081930371768253,1334,241.64705882352945,480.0
pos24,Middle,11.25,232.69201905062127,10.390131629385408,1328,242.0,480.0
pos24,Middle,11.333333333333332,232.54169061750096,10.390137992102163,1336,241.73626373626377,480.2647058823529
pos24,Middle,11.416666666666666,231.67918589994503,9.805551379574323,1336,241.66666666666663,479.8032786885246
pos24,Middle,11.5,231.9484171791748,10.29082949883697,1337,241.65625,480.2857142857143
pos24,Middle,11.583333333333332,230.4805620317949,9.690875184908732,1331,241.9047619047619,480.2040816326531
pos24,Middle,11.666666666666666,229.76339801664773,9.763014326051469,1355,241.72549019607845,480.0
pos24,Middle,11.75,230.10971269867977,9.739851128516245,1356,241.8,480.0
pos24,Middle,11.833333333333332,229.5312991839669,9.738863749912655,1365,241.9295774647887,479.8307692307693
pos24,Middle,11.916666666666666,229.53175832396852,9.862563203504248,1375,241.72093023255815,480.2903225806452
pos24,Middle,12.0,229.40943721490672,9.834971283245205,1380,241.65625,480.18367346938777
pos24,Middle,12.083333333333332,229.35224209544873,10.005232050793708,1382,241.66666666666663,480.25
pos24,Middle,12.166666666666666,229.3297075469817,9.835725689648443,1365,241.76923076923077,480.27906976744185
pos24,Middle,12.25,229.49175930090666,9.904508422574835,1380,241.66101694915255,480.0
pos24,Middle,12.333333333333332,229.25585594000347,9.729403325198861,1370,241.76315789473685,480.2181818181818
pos24,Middle,12.416666666666666,228.7820710491227,9.759677706035367,1361,241.82608695652175,480.27272727272725
pos24,Middle,12.5,228.01021490882215,9.792883862919707,1364,241.80882352941177,479.9
pos24,Middle,12.583333333333332,228.08882687822745,9.777163497918217,1364,241.6279069767442,480.2105263157895
pos24,Middle,12.666666666666666,227.601591933015,9.902682583805857,1359,241.84615384615384,479.56451612903226
pos24,Middle,12.75,228.07696878685172,9.549163424105796,1353,241.8048780487805,480.0
pos24,Middle,12.833333333333332,227.59231617146074,9.658153953975566,1344,241.83823529411765,480.27272727272725
pos24,Middle,12.916666666666666,227.8020148216163,9.55185324514207,1334,241.9318181818182,480.17021276595744
pos24,Middle,13.0,227.4357797549425,9.224436308290148,1338,241.65714285714284,480.0
pos24,Middle,13.083333333333332,227.75139745439884,9.594334051529742,1337,241.78181818181815,479.72093023255815
pos24,Middle,13.166666666666666,227.26516591477116,9.35971372927073,1344,242.07692307692307,480.0681818181818
pos24,Middle,13.25,227.25738864370476,9.503649586876202,1349,242.07142857142856,479.9423076923077
pos24,Middle,13.333333333333332,226.83745071379855,9.088977027874904,1341,241.8846153846154,480.2456140350877
pos24,Middle,13.416666666666666,227.11808122555556,9.82847924466415,1366,241.6216216216216,480.0
pos24,Middle,13.5,227.11941016703494,9.395334342889424,1372,241.85294117647055,480.0816326530612
pos24,Middle,13.583333333333332,226.82082890232869,9.453324903297887,1366,242.0,480.1428571428572
pos24,Middle,13.666666666666666,226.18271292150635,9.258998050984008,1375,241.67857142857144,479.7916666666667
pos24,Middle,13.75,226.3037933902316,8.840328417361563,1360,242.0,480.26666666666665
pos24,Middle,13.833333333333332,226.561995777777,9.026357359865747,1356,241.66666666666663,479.725
pos24,Middle,13.916666666666666,225.71815752993152,9.162440334025472,1363,241.7741935483871,480.1860465116279
pos24,Middle,14.0,225.83979445761364,9.12621857223672,1374,241.8421052631579,479.76666666666665
pos24,Middle,14.083333333333332,225.7743297280903,8.775228320634456,1369,241.66233766233765,479.7631578947368
pos24,Middle,14.166666666666666,225.9267754491823,8.752503559797585,1385,241.85185185185185,480.1411764705882
pos24,Middle,14.25,225.46646531434638,8.993520355228707,1372,241.7,480.2837837837838
pos24,Middle,14.333333333333332,225.59926425798778,9.139679613026864,1371,241.74418604651163,479.93617021276594
pos24,Middle,14.416666666666666,225.2916237082925,8.369204245343674,1373,241.71428571428572,480.11538461538464
pos24,Middle,14.5,225.45631689568114,8.620051743563023,1366,242.21818181818185,479.9166666666667
pos24,Middle,14.583333333333332,225.63921929611033,8.640073571685244,1374,242.0,480.2567567567568
pos24,Middle,14.666666666666666,225.4552207110993,8.73061654733621,1376,241.74242424242425,479.8666666666667
pos24,Middle,14.75,225.0162606250492,8.813578297164991,1377,241.66666666666663,480.26666666666665
pos24,Middle,14.833333333333332,225.51736625782613,8.679678075062226,1379,241.77777777777777,480.1041666666667
pos24,Middle,14.916666666666666,225.68366141485043,8.899543848657661,1384,241.72549019607845,480.258064516129
pos24,Middle,15.0,225.58899898443138,9.043139615317527,1377,242.06451612903223,480.1571428571429
pos24,Middle,15.083333333333332,226.09551329383666,9.665497009690434,1392,241.67307692307693,480.2765957446808
pos24,Middle,15.166666666666666,226.50806957997315,9.57468176072307,1381,241.93650793650792,479.7978723404256
pos24,Middle,15.25,226.8610263231483,9.507322906728508,1390,242.0,480.0
pos24,Middle,15.333333333333332,226.52617742916212,10.173181784894899,1410,241.6153846153846,480.1363636363636
pos24,Middle,15.416666666666666,226.7480718215676,9.789363418794442,1394,242.0,480.27777777777777
pos24,Middle,15.5,225.20582732655006,9.431956686409583,1393,242.0,480.25
pos24,Middle,15.583333333333332,225.13227715397693,9.385458028552952,1399,241.76315789473685,480.2307692307692
pos24,Middle,15.666666666666666,225.19778723575908,9.21450991672106,1395,241.65625,480.2368421052632
pos24,Middle,15.75,225.22388924835846,9.980328248489888,1405,241.816091954023,480.0754716981132
pos24,Middle,15.833333333333332,225.47235296872464,9.887009931206054,1388,241.6216216216216,480.2962962962963
pos24,Middle,15.916666666666666,225.40510450852165,9.907576727032689,1401,242.13333333333333,480.12307692307695
pos24,Middle,16.0,225.2787962150925,9.462578559694453,1400,241.9344262295082,480.2888888888889
pos24,Middle,16.083333333333332,225.36318646093844,9.59400615916116,1397,241.66666666666663,480.1666666666667
pos24,Middle,16.166666666666664,226.17572060296865,9.797334820476637,1406,241.79661016949152,480.17241379310343
pos24,Middle,16.25,226.38674288746486,9.999626728201415,1410,241.83783783783784,480.0
pos24,Middle,16.333333333333332,226.83716549030603,10.136401321921353,1402,241.96875,479.6666666666667
pos24,Middle,16.416666666666664,226.9070354129042,10.057173719982156,1394,241.7,480.2903225806452
pos24,Middle,16.5,227.0338718105611,9.928637605739883,1399,241.80645161290323,479.0
pos24,Middle,16.583333333333332,227.40078451442776,9.764602174908935,1417,241.71014492753625,480.2368421052632
pos24,Middle,16.666666666666664,227.72637671620257,10.219324126200044,1414,241.72058823529412,480.2916666666667
pos24,Middle,16.75,228.01060697263915,10.486464810525478,1414,241.974025974026,479.97872340425533
pos24,Middle,16.833333333333332,228.08861158978095,9.888540515409131,1417,241.8,480.25
pos24,Middle,16.916666666666664,228.4988680848704,10.05260751674825,1418,241.7321428571429,479.5357142857143
pos24,Middle,17.0,228.38838866988203,10.173060351940885,1426,242.1851851851852,480.2040816326531
pos24,Middle,17.083333333333332,228.3490641204829,9.991385921702879,1424,241.65384615384616,480.1707317073171
pos24,Middle,17.166666666666664,228.80885239863593,10.409016119135488,1412,241.83333333333337,480.0
pos24,Middle,17.25,231.53439371647713,10.615071999599609,1408,241.9275362318841,480.0952380952381
pos24,Middle,17.333333333333332,229.17362097272658,11.337306523079445,1423,241.7560975609756,480.258064516129
pos24,Middle,17.416666666666664,228.97940085070937,11.298012463815073,1420,241.72549019607845,480.25
pos24,Opening,0.0,545.4540654035909,63.92916640508609,1198,480.45,698.9318181818181
pos24,Opening,0.08333333333333333,537.9767080530581,60.55683556028491,1187,480.59302325581393,699.0416666666666
pos24,Opening,0.16666666666666666,526.3870832146123,59.150770449156326,1175,480.3191489361702,698.1818181818181
pos24,Opening,0.25,518.866938374926,56.95002361423814,1114,480.4096385542169,699.1162790697674
pos24,Opening,0.3333333333333333,507.4734261658171,57.28826628332097,1141,480.64044943820227,698.5762711864406
pos24,Opening,0.41666666666666663,492.48592375076237,56.20813652397942,1170,480.457627118644,698.4814814814815
pos24,Opening,0.5,487.72878794167474,54.50838014780745,1143,480.7037037037037,698.0526315789474
pos24,Opening,0.5833333333333333,477.3962351599726,53.27547413475997,1147,480.5652173913044,697.9545454545455
pos24,Opening,0.6666666666666666,474.0066604269721,52.44440187542159,1140,480.62626262626264,698.9705882352941
pos24,Opening,0.75,466.5550437592665,53.22592630057246,1142,480.3095238095238,698.5714285714286
pos24,Opening,0.8333333333333333,463.3654831154134,50.90031022380033,1081,480.40909090909093,698.578125
pos24,Opening,0.9166666666666666,454.27501440106437,50.91302253437237,1147,480.52777777777777,699.0681818181819
pos24,Opening,1.0,446.8765152820025,49.56084946998462,1147,480.3617021276595,698.9615384615385
pos24,Opening,1.0833333333333333,442.6378892977568,48.10755983153619,1141,480.6463414634146,698.952380952381
pos24,Opening,1.1666666666666665,434.7717361794895,49.044861433792505,1162,480.5925925925926,698.8723404255319
pos24,Opening,1.25,425.4585650858352,48.21498699893627,1168,480.59574468085106,698.7857142857143
pos24,Opening,1.3333333333333333,420.1948633235154,46.13186377565951,1168,480.3571428571428,699.1063829787234
pos24,Opening,1.4166666666666665,414.4244807941583,44.29257414532434,1159,480.44444444444446,698.9767441860465
pos24,Opening,1.5,410.0403990020156,43.01586056622358,1157,480.3684210526315,699.1304347826087
pos24,Opening,1.5833333333333333,404.1954107867307,42.356903164350506,1156,480.3333333333333,699.0
pos24,Opening,1.6666666666666665,397.0212100432556,38.799790772179755,1149,480.3157894736842,698.0540540540541
pos24,Opening,1.75,391.12088699689025,37.982716901629225,1139,480.3103448275862,698.5
pos24,Opening,1.8333333333333333,385.26022808335983,37.1612957422665,1132,480.6315789473685,698.3230769230769
pos24,Opening,1.9166666666666665,383.0463126238692,37.61927494492476,1137,480.5,698.8936170212766
pos24,Opening,2.0,378.90612880661854,35.887112131927175,1124,480.5263157894737,698.7735849056604
pos24,Opening,2.083333333333333,375.9004860520559,35.38299653861483,1133,480.3207547169811,698.578125
pos24,Opening,2.1666666666666665,372.69872757219457,36.03539118616766,1130,480.3207547169811,698.0140845070423
pos24,Opening,2.25,369.58913337715137,35.33669096704675,1140,480.3731343283582,698.7321428571429
pos24,Opening,2.333333333333333,367.2664366153086,35.612571761567914,1143,480.5625,698.8653846153846
pos24,Opening,2.4166666666666665,368.963398659216,35.79786441348907,1045,480.4745762711864,698.2112676056338
pos24,Opening,2.5,365.5271723213938,34.675875820225215,1126,480.3636363636364,698.4918032786885
pos24,Opening,2.583333333333333,363.95426385330984,34.214889149090574,1124,480.5178571428572,698.7169811320755
pos24,Opening,2.6666666666666665,362.69352018078206,34.48098371697836,1143,480.4390243902439,698.7894736842105
pos24,Opening,2.75,361.41389849590087,33.58401378691025,1060,480.34090909090907,698.7368421052631
pos24,Opening,2.833333333333333,357.79690500073207,33.61498719276369,1146,480.5,699.1458333333334
pos24,Opening,2.9166666666666665,355.0039471067342,34.069286627842224,1176,480.32142857142856,698.3230769230769
pos24,Opening,3.0,354.39764196233585,32.08852256734775,1171,480.4366197183099,698.88
pos24,Opening,3.083333333333333,348.5870567044066,30.980668229150577,1193,480.30864197530866,698.5714285714286
pos24,Opening,3.1666666666666665,347.6194937483753,30.84707525251073,1194,480.9423076923077,698.5573770491803
pos24,Opening,3.25,348.55643818429786,30.11897921015067,1136,480.4166666666667,698.2083333333334
pos24,Opening,3.333333333333333,343.4888120466879,30.356482644406263,1178,480.4561403508772,698.3015873015873
pos24,Opening,3.4166666666666665,341.0789442434017,30.06734633095386,992,480.55555555555554,697.8
pos24,Opening,3.5,339.3292153768292,30.467527420806025,1002,480.72222222222223,697.6451612903226
pos24,Opening,3.583333333333333,336.71499326854024,30.955679077269885,1013,480.57142857142856,698.1884057971015
pos24,Opening,3.6666666666666665,331.3025052655386,29.287395585643257,1174,480.3181818181818,699.225
pos24,Opening,3.75,332.7029358421116,29.480153346889626,951,480.42857142857144,699.5714285714286
pos24,Opening,3.833333333333333,328.0879643804212,29.379617083277402,1167,480.44444444444446,699.063829787234
pos24,Opening,3.9166666666666665,328.069018799299,29.613400695921165,1013,480.3958333333333,698.8666666666667
pos24,Opening,4.0,324.5540643879941,29.539867536695937,1157,480.5757575757576,698.2115384615385
pos24,Opening,4.083333333333333,324.5649688372691,30.924802823707363,1014,480.61764705882354,697.917808219178
pos24,Opening,4.166666666666666,322.4963362042237,30.327766710830133,1109,480.4864864864865,698.7222222222222
pos24,Opening,4.25,319.82569722945766,29.549620454682024,1093,480.4363636363637,698.9473684210526
pos24,Opening,4.333333333333333,317.51680835866995,30.305430814174034,1136,480.5238095238095,698.8085106382979
pos24,Opening,4.416666666666666,315.2247872278926,30.002338178465582,1158,480.3953488372093,699.1904761904761
pos24,Opening,4.5,314.52020307911346,30.95956602296249,1149,480.4651162790698,698.28
pos24,Opening,4.583333333333333,312.1330300798657,30.026854567742067,1182,480.525,698.3676470588235
pos24,Opening,4.666666666666666,310.77365533081274,28.53159695051071,1188,480.72222222222223,698.6666666666666
pos24,Opening,4.75,309.8535322556226,28.82053526767287,1175,480.4166666666667,699.1111111111111
pos24,Opening,4.833333333333333,307.07999425930547,28.605294731456365,1185,480.4,698.0
pos24,Opening,4.916666666666666,305.1761906268788,28.66081852458053,1185,480.42857142857144,699.025
pos24,Opening,5.0,303.6286069856083,27.713184073641077,1180,480.4468085106383,699.0
pos24,Opening,5.083333333333333,302.1885154118468,28.374853714503825,1196,480.5,698.64
pos24,Opening,5.166666666666666,302.05949075881625,28.76116256863045,1153,480.5,698.2714285714286
pos24,Opening,5.25,299.76049981130217,29.222008866970167,1166,480.55,698.3617021276596
pos24,Opening,5.333333333333333,296.72852469059995,28.46321423082434,1161,480.8536585365854,698.1571428571428
pos24,Opening,5.416666666666666,296.5094561357365,28.82140031266912,1158,480.3137254901961,699.3589743589744
pos24,Opening,5.5,295.3852827386624,29.450831850467026,1151,480.44897959183675,698.6666666666666
pos24,Opening,5.583333333333333,293.84473241562705,29.852047084853265,1141,480.3555555555555,698.7692307692307
pos24,Opening,5.666666666666666,293.1622824899056,29.524722196278756,1076,480.39,698.5882352941177
pos24,Opening,5.75,292.00199708587985,28.31397233991924,732,480.5,698.542372881356
pos24,Opening,5.833333333333333,289.7010145999978,29.953412767759833,1119,480.578125,698.625
pos24,Opening,5.916666666666666,289.9001794463959,29.75717415105666,984,480.3555555555555,698.2790697674419
pos24,Opening,6.0,288.651117152669,29.202207755223952,981,480.44262295081967,699.1388888888889
pos24,Opening,6.083333333333333,285.4800695050477,27.69913163690686,1099,480.3896103896104,699.5151515151515
pos24,Opening,6.166666666666666,283.481834965994,27.652293452220206,1126,480.45,698.28125
pos24,Opening,6.25,281.95050060631326,28.351314201605664,1128,480.4054054054054,698.2985074626865
pos24,Opening,6.333333333333333,281.4101204020696,28.951783910621103,1128,480.48936170212767,698.5762711864406
pos24,Opening,6.416666666666666,280.73307304589105,28.76369417685827,1005,480.76666666666665,699.1470588235294
pos24,Opening,6.5,279.4050290626955,28.37471421230066,1058,480.5172413793103,698.8666666666667
pos24,Opening,6.583333333333333,278.8431146955915,28.359585574728712,1137,480.4594594594595,698.9215686274509
pos24,Opening,6.666666666666666,278.6150413169841,28.55610496308221,1129,480.5,698.1481481481482
pos24,Opening,6.75,278.1825819724944,27.110784135632642,909,480.5,698.5208333333334
pos24,Opening,6.833333333333333,277.9327325804513,26.430596739098082,570,480.5757575757576,698.2272727272727
pos24,Opening,6.916666666666666,273.82099503276913,25.818217541536388,572,480.6117647058824,698.0
pos24,Opening,7.0,273.58565076469455,25.04538917181865,658,480.5520833333333,697.7818181818182
pos24,Opening,7.083333333333333,272.1757904982624,22.302354571848294,675,480.36764705882354,698.5
pos24,Opening,7.166666666666666,276.0914565125687,26.07215518277663,751,480.775,697.3090909090909
pos24,Opening,7.25,276.77316647984065,28.14925069106957,1031,480.4864864864865,698.7692307692307
pos24,Opening,7.333333333333333,275.59460255344584,27.350799225660925,1105,480.4918032786885,698.1698113207547
pos24,Opening,7.416666666666666,273.75909450905476,27.24865247249647,1096,480.5,699.2564102564103
pos24,Opening,7.5,272.16212413407203,26.351275818200726,1142,480.457627118644,698.7222222222222
pos24,Opening,7.583333333333333,270.7285892337451,26.08464225869539,1141,480.6179775280899,698.4444444444445
pos24,Opening,7.666666666666666,269.61453995978076,24.800193808833164,1121,480.542372881356,698.3283582089553
pos24,Opening,7.75,268.4445905493563,24.41181357739377,1141,480.39473684210526,699.2564102564103
pos24,Opening,7.833333333333333,268.75453435192844,24.6259062468663,1123,480.5593220338983,698.7321428571429
pos24,Opening,7.916666666666666,267.97799435397735,25.240984898300436,1114,480.3188405797101,698.3333333333334
pos24,Opening,8.0,268.01213174061894,24.57585884701318,1106,480.7169811320755,699.0731707317074
pos24,Opening,8.083333333333332,267.45683529321207,24.351797467723664,1113,480.4528301886792,698.8604651162791
pos24,Opening,8.166666666666666,267.875211609459,24.56084912757647,1118,480.42857142857144,699.5172413793103
pos24,Opening,8.25,268.39797006373414,24.90842000796685,1078,481.4242424242424,698.795918367347
pos24,Opening,8.333333333333332,269.2158416969173,25.353972243313468,1044,480.3478260869565,698.457627118644
pos24,Opening,8.416666666666666,268.3987152205798,24.725426411294688,636,480.4193548387097,698.2058823529412
pos24,Opening,8.5,268.6859466213587,25.147840994848796,641,480.4186046511628,697.0405405405405
pos24,Opening,8.583333333333332,273.12583330387514,27.415954437766764,921,480.9375,698.6610169491526
pos24,Opening,8.666666666666666,273.18544380436447,26.30116097645905,1106,480.34375,698.125
pos24,Opening,8.75,273.4438895664171,26.611908944327123,1136,480.3207547169811,698.9166666666666
pos24,Opening,8.833333333333332,270.4535823283696,26.485209165070216,683,480.3414634146341,699.1777777777778
pos24,Opening,8.916666666666666,264.2829727991151,23.666130349520234,725,480.67857142857144,698.6
pos24,Opening,9.0,266.1579429696331,24.48934584908916,876,480.3965517241379,698.375
pos24,Opening,9.083333333333332,265.5814709208516,24.85200404336951,1069,480.5263157894737,699.0408163265306
pos24,Opening,9.166666666666666,264.08962068240186,24.508001095035212,1136,480.3939393939394,699.5142857142857
pos24,Opening,9.25,263.34702092248637,23.735598531292972,1136,480.5,698.4705882352941
pos24,Opening,9.333333333333332,264.0065948911614,24.521341235933324,1120,480.79245283018867,699.175
pos24,Opening,9.416666666666666,263.4231500735997,24.868333187741058,1129,480.69767441860466,698.0576923076923
pos24,Opening,9.5,263.11278649812004,24.97471260617107,1109,480.4,699.0
pos24,Opening,9.583333333333332,263.62625263246554,25.180959553259147,1126,480.457627118644,699.06
pos24,Opening,9.666666666666666,262.3689554944173,25.139430967609933,1051,480.42391304347825,697.703125
pos24,Opening,9.75,262.40187028292706,24.936612178576187,1111,480.6545454545454,699.0
pos24,Opening,9.833333333333332,262.5953166516696,25.20594740950738,1102,480.625,698.9166666666666
pos24,Opening,9.916666666666666,262.01569422007435,24.664638741246275,1091,480.7111111111111,699.4193548387096
pos24,Opening,10.0,261.2660264061575,24.134693318836025,1080,480.36986301369865,698.9375
pos24,Opening,10.083333333333332,261.1635442975307,23.92579562367385,1079,480.5,698.5
pos24,Opening,10.166666666666666,260.65224612043573,23.70798001741417,1075,480.3333333333333,698.5416666666666
pos24,Opening,10.25,259.83520824167243,23.52804689561864,1079,480.55555555555554,698.9318181818181
pos24,Opening,10.333333333333332,260.95244203809824,24.22859158282418,1079,480.5223880597015,698.3863636363636
pos24,Opening,10.416666666666666,260.3079940927264,24.1970610754489,1069,480.3414634146341,698.2903225806451
pos24,Opening,10.5,259.37265663467355,24.063255851354644,1076,480.5810810810811,698.1917808219179
pos24,Opening,10.583333333333332,258.7206164316851,23.789707448976436,1089,480.3333333333333,698.1617647058823
pos24,Opening,10.666666666666666,259.23660554111785,23.469296929611716,1081,481.027397260274,698.0
pos24,Opening,10.75,258.3529864722274,23.495961321190297,1076,480.4390243902439,698.9318181818181
pos24,Opening,10.833333333333332,260.2134169144127,23.867256101381653,1067,480.35849056603774,698.0526315789474
pos24,Opening,10.916666666666666,261.8360425987928,24.008301780368182,1075,480.5757575757576,698.1486486486486
pos24,Opening,11.0,262.5636463532633,24.289822287531774,1076,480.3283582089553,697.7162162162163
pos24,Opening,11.083333333333332,264.90574941002245,25.54123791485789,1067,480.8723404255319,698.0
pos24,Opening,11.166666666666666,263.778716885016,24.969291010315843,1078,480.3478260869565,699.08
pos24,Opening,11.25,264.1524138489724,25.116707412075066,1088,480.63492063492066,698.0985915492957
pos24,Opening,11.333333333333332,263.1209230087292,24.915891696885225,1108,480.3793103448275,698.6451612903226
pos24,Opening,11.416666666666666,261.4926875906017,24.123156442050234,1108,480.6216216216216,699.0454545454545
pos24,Opening,11.5,260.6664457608254,25.006573501767058,1105,480.6206896551725,698.516129032258
pos24,Opening,11.583333333333332,256.988185794928,23.131333100576423,1138,480.4406779661017,699.1627906976744
pos24,Opening,11.666666666666666,256.87458793344007,23.583639503808964,1134,480.7142857142857,699.0625
pos24,Opening,11.75,257.00234288064263,23.662776203513992,1127,480.45,698.92
pos24,Opening,11.833333333333332,256.6379739487484,23.120554118709475,1147,480.4024390243902,699.2105263157895
pos24,Opening,11.916666666666666,257.4862529071172,24.2341535202502,1107,480.3421052631579,698.7222222222222
pos24,Opening,12.0,257.163702830711,24.154273080727158,1135,480.3207547169811,697.6984126984127
pos24,Opening,12.083333333333332,258.1814493511063,24.050642484114427,1121,480.5,699.0
pos24,Opening,12.166666666666666,258.0495377094014,24.138429621614733,1140,480.7910447761194,698.918918918919
pos24,Opening,12.25,257.2020962922898,23.77561867506437,1144,480.7027027027027,699.1304347826087
pos24,Opening,12.333333333333332,255.4482469766289,22.33749856381676,1097,480.6901408450704,698.3965517241379
pos24,Opening,12.416666666666666,254.53640359460562,22.542457111203337,1125,480.4255319148936,699.2564102564103
pos24,Opening,12.5,254.25411061513802,22.708745281774966,1148,480.33684210526314,699.0714285714286
pos24,Opening,12.583333333333332,253.1796603129925,22.429200353273156,1110,480.42857142857144,699.0681818181819
pos24,Opening,12.666666666666666,252.62144825359803,22.226556422139545,1094,480.34722222222223,699.4545454545455
pos24,Opening,12.75,253.18171446448852,22.31494671929075,1103,480.375,698.3333333333334
pos24,Opening,12.833333333333332,253.2107769865074,22.25236486032581,1110,480.3809523809524,698.3392857142857
pos24,Opening,12.916666666666666,254.07887265448682,22.60728722433086,1124,480.5217391304348,699.0333333333333
pos24,Opening,13.0,253.91875202368223,22.884790991365573,1098,480.3114754098361,698.3333333333334
pos24,Opening,13.083333333333332,254.40786056397744,22.54706415150287,1117,480.45205479452056,699.1794871794872
pos24,Opening,13.166666666666666,254.47784772183275,22.692229290001443,1116,480.6818181818182,698.6666666666666
pos24,Opening,13.25,254.2184879720364,22.29372838026118,1115,480.44776119402985,698.516129032258
pos24,Opening,13.333333333333332,254.2646186694615,22.10866292020858,1126,480.52777777777777,698.6792452830189
pos24,Opening,13.416666666666666,254.02464835672873,22.713822188969093,1104,480.34090909090907,699.0975609756098
pos24,Opening,13.5,253.28522167832293,21.926834142014545,1112,480.69565217391306,698.1935483870968
pos24,Opening,13.583333333333332,254.00842274391908,22.394048725733228,1110,480.71875,698.5172413793103
pos24,Opening,13.666666666666666,253.71806047438858,23.373909229757913,1137,480.4516129032258,698.3469387755102
pos24,Opening,13.75,253.21293068213495,22.89146343394304,1144,480.3376623376623,699.2894736842105
pos24,Opening,13.833333333333332,253.17977524170973,23.300943853690498,1122,480.87142857142857,698.9318181818181
pos24,Opening,13.916666666666666,252.57772206681662,22.98827407812368,1117,480.6029411764706,698.918918918919
pos24,Opening,14.0,252.7486797725418,23.2895045373404,1127,480.6774193548387,699.5294117647059
pos24,Opening,14.083333333333332,253.26734767174372,24.11040311888735,1126,480.5593220338983,698.5
pos24,Opening,14.166666666666666,253.0868223834879,23.85867845885391,1118,480.6666666666667,699.2424242424242
pos24,Opening,14.25,252.48814019523482,23.6778182115642,1139,480.56,699.0392156862745
pos24,Opening,14.333333333333332,252.20514043162805,22.86772336635422,1104,480.4901960784314,698.5454545454545
pos24,Opening,14.416666666666666,251.9068604701636,23.017067213241095,1112,480.3888888888889,698.5
pos24,Opening,14.5,251.57867592139885,23.41251597651818,1117,480.4528301886792,698.327868852459
pos24,Opening,14.583333333333332,250.86819232397818,22.837709674865085,1136,480.37142857142857,697.9245283018868
pos24,Opening,14.666666666666666,250.60272003078217,22.211486413428133,1126,480.33734939759034,699.125
pos24,Opening,14.75,250.86009967199286,22.910028028176253,1143,480.35849056603774,698.6545454545454
pos24,Opening,14.833333333333332,251.07844587291027,23.210012673560456,1125,480.6507936507937,698.7692307692307
pos24,Opening,14.916666666666666,251.86278051503226,23.167547736737856,1134,480.3372093023256,698.7916666666666
pos24,Opening,15.0,252.32406912780132,23.10083466767868,1132,480.3684210526315,698.2857142857143
pos24,Opening,15.083333333333332,252.1815778871911,23.242879973534105,1115,480.4918032786885,698.0
pos24,Opening,15.166666666666666,253.1934516337879,23.308008490239718,1109,480.7230769230769,698.9615384615385
pos24,Opening,15.25,253.33367168053334,23.047030295700456,1073,480.44,698.4821428571429
pos24,Opening,15.333333333333332,253.23479461636518,23.57709093234497,1095,480.457627118644,698.6842105263158
pos24,Opening,15.416666666666666,253.4905133017815,24.495608348429915,1082,480.39130434782606,698.9545454545455
pos24,Opening,15.5,249.01212483404998,23.25082050081532,1099,480.42622950819674,699.0888888888888
pos24,Opening,15.583333333333332,248.87805492118255,23.032813115904464,1131,480.7321428571428,699.0454545454545
pos24,Opening,15.666666666666666,249.37918305006048,23.544161820038436,1106,480.35,699.25
pos24,Opening,15.75,248.52041535537526,22.92938434177858,1155,480.3188405797101,698.25
pos24,Opening,15.833333333333332,249.25013275771045,23.337318559480284,1148,480.3965517241379,699.5526315789474
pos24,Opening,15.916666666666666,248.86978479840326,22.800682969625658,1153,480.42857142857144,698.9215686274509
pos24,Opening,16.0,248.1830757121881,22.551690930083833,1148,480.6923076923077,698.5
pos24,Opening,16.083333333333332,248.22853056493375,22.747922895486443,1155,480.5396825396826,698.5
pos24,Opening,16.166666666666664,248.5592756223362,22.989113038933045,1153,480.515625,698.6034482758621
pos24,Opening,16.25,248.94768506185628,23.308297124886156,1162,480.5,699.2558139534884
pos24,Opening,16.333333333333332,249.58772150833298,23.069683470022206,1157,480.6666666666667,698.8775510204082
pos24,Opening,16.416666666666664,249.9640091300261,23.18629475962988,1149,480.53333333333336,698.9375
pos24,Opening,16.5,249.9026242966551,22.960594952136056,1160,480.5178571428572,698.7169811320755
pos24,Opening,16.583333333333332,250.5100515863048,22.37557550532441,1135,480.3965517241379,698.2285714285714
pos24,Opening,16.666666666666664,250.894466758306,22.579947624926223,1137,480.47222222222223,698.2372881355932
pos24,Opening,16.75,251.0770080131482,22.198745045912837,1166,480.3414634146341,698.7818181818182
pos24,Opening,16.833333333333332,251.33987867117915,22.999894480431113,1132,480.35820895522386,698.92
pos24,Opening,16.916666666666664,251.97351162400776,23.537731308512424,1162,480.34375,698.5
pos24,Opening,17.0,251.83767190244285,23.572751502452792,1129,480.4782608695652,699.1304347826087
pos24,Opening,17.083333333333332,251.62007381452472,23.468783772115724,1156,480.3333333333333,698.8461538461538
pos24,Opening,17.166666666666664,252.36698208656384,23.458096349967857,1205,480.3809523809524,699.1276595744681
pos24,Opening,17.25,254.84450901387015,23.767734718828308,1158,480.3333333333333,698.5
pos24,Opening,17.333333333333332,251.83318491990295,23.497179020156686,1136,480.3880597014925,698.0
pos24,Opening,17.416666666666664,251.3600334875713,22.93140300905715,1186,480.9866666666667,698.3695652173913
pos25,Back,0.0,558.1413283541373,67.00932981197002,1328,4.5423728813559325,241.42424242424244
pos25,Back,0.08333333333333333,540.7303709652567,64.81773136812423,1344,4.45,241.45945945945945
pos25,Back,0.16666666666666666,532.2873585404456,65.13353891413739,1345,4.4576271186440675,241.59420289855072
pos25,Back,0.25,521.3491406183683,64.67497624739825,1387,4.454545454545454,241.6034482758621
pos25,Back,0.3333333333333333,513.1738482987425,64.98631649533775,1279,4.972222222222222,241.42105263157896
pos25,Back,0.41666666666666663,506.8150823391724,62.954190110114034,1418,4.833333333333333,241.3287671232877
pos25,Back,0.5,504.9591912324065,65.08187802333725,1428,4.4576271186440675,241.38636363636363
pos25,Back,0.5833333333333333,499.3554278346243,65.58071317605285,1434,3.9361702127659575,241.58024691358025
pos25,Back,0.6666666666666666,487.11584496576626,63.42661250626978,1390,4.22,241.11111111111111
pos25,Back,0.75,479.3941922433031,62.973251024292885,1283,3.925925925925926,241.56521739130432
pos25,Back,0.8333333333333333,473.64164895558713,61.128562994281864,1385,3.5526315789473686,241.5
pos25,Back,0.9166666666666666,471.0185450218419,61.04534866643773,1345,4.928571428571429,241.3235294117647
pos25,Back,1.0,463.546077222508,60.08480925371745,1357,3.914285714285714,241.5
pos25,Back,1.0833333333333333,458.5126460364611,59.422366213622794,1329,4.918918918918919,241.52941176470588
pos25,Back,1.1666666666666665,451.37287125544896,58.445267816327295,1329,4.372549019607843,241.609756097561
pos25,Back,1.25,447.83398745265384,58.71914726089518,1400,3.4545454545454546,241.5
pos25,Back,1.3333333333333333,443.43971811524716,58.89988619087648,1426,4.382978723404255,241.5806451612903
pos25,Back,1.4166666666666665,434.52670011255225,57.113923177127674,1371,4.6875,241.6
pos25,Back,1.5,428.72856686924547,56.28213692239625,1388,4.078947368421052,241.42424242424244
pos25,Back,1.5833333333333333,422.73744573726,55.920596279597476,1416,4.92,241.5142857142857
pos25,Back,1.6666666666666665,414.40515184015834,53.96804416964306,1427,3.473684210526316,241.15116279069767
pos25,Back,1.75,403.4688109216215,53.27781760687738,1312,3.5294117647058822,241.5
pos25,Back,1.8333333333333333,399.99808132938466,51.50331541616344,1331,4.148148148148148,241.6
pos25,Back,1.9166666666666665,393.2778220077203,50.281781675247935,1301,4.418181818181818,241.33962264150944
pos25,Back,2.0,389.8630157342231,48.440000684063854,1373,4.218181818181818,241.1176470588235
pos25,Back,2.083333333333333,384.29643099176064,48.847723517021215,1324,4.490566037735849,241.36666666666667
pos25,Back,2.1666666666666665,381.4466944779394,48.289326055423636,1414,4.695652173913044,241.54166666666663
pos25,Back,2.25,378.70895406661316,46.8782363327455,1391,5.028169014084507,241.5
pos25,Back,2.333333333333333,376.48585346935886,47.17264815834471,1437,5.130434782608695,241.42424242424244
pos25,Back,2.4166666666666665,372.4205148467658,47.26104033903537,1435,4.451612903225806,241.4430379746835
pos25,Back,2.5,367.1409571032037,45.99761153470532,1347,5.157894736842105,241.52941176470588
pos25,Back,2.583333333333333,371.8519859369865,47.083617054106625,1451,4.8933333333333335,241.61111111111111
pos25,Back,2.6666666666666665,361.1661952156587,45.166935436038,1398,5.083333333333333,241.35294117647055
pos25,Back,2.75,358.3427791984799,45.36599827983863,1413,5.027777777777778,241.24489795918367
pos25,Back,2.833333333333333,353.8435864584148,44.13293458359556,1383,4.650793650793651,241.41666666666663
pos25,Back,2.9166666666666665,352.2340071283066,44.089480833955754,1430,4.7846153846153845,241.18
pos25,Back,3.0,350.3407773109291,43.206002670902805,1435,4.660377358490566,241.50819672131144
pos25,Back,3.083333333333333,345.1256611349139,42.791709849729614,1432,3.5,241.3809523809524
pos25,Back,3.1666666666666665,340.6629733038988,41.77649044771278,1399,4.2075471698113205,241.55555555555551
pos25,Back,3.25,335.77432931069734,40.6056815093494,1406,3.4242424242424243,241.5
pos25,Back,3.333333333333333,330.52714610256805,39.13455851027552,1376,4.065217391304348,241.42592592592592
pos25,Back,3.4166666666666665,326.9441524529866,38.03800369399198,1384,4.5,241.57142857142856
pos25,Back,3.5,321.49082224965525,36.63710229465785,1300,4.507936507936508,241.5
pos25,Back,3.583333333333333,317.36745847427756,35.4727582755719,1418,4.627450980392157,241.54545454545453
pos25,Back,3.6666666666666665,312.31653608995293,33.54147828391318,1341,4.446153846153846,241.41666666666663
pos25,Back,3.75,310.80627258216896,33.87843142348906,1444,4.526315789473684,241.55737704918033
pos25,Back,3.833333333333333,307.9607330396178,32.81292075946759,1419,4.737704918032787,241.4821428571429
pos25,Back,3.9166666666666665,303.7372422914878,31.505960404577547,1412,4.518518518518518,241.5142857142857
pos25,Back,4.0,301.3704187281287,31.324282532324958,1400,4.065217391304348,241.4090909090909
pos25,Back,4.083333333333333,299.94912070960146,30.6745972049901,1430,4.148148148148148,241.54098360655735
pos25,Back,4.166666666666666,297.03602241525175,30.10438677120018,1404,4.517241379310345,241.13432835820896
pos25,Back,4.25,294.65813119286366,29.43107224706736,1423,4.032258064516129,241.22388059701493
pos25,Back,4.333333333333333,293.0754076281881,29.325468935910703,1427,3.823529411764706,241.375
pos25,Back,4.416666666666666,289.9103398827319,28.254685513152396,1385,4.297872340425532,241.40625
pos25,Back,4.5,288.1331736327195,27.333418789251308,1352,4.64,241.5
pos25,Back,4.583333333333333,286.0079768237531,27.119825770506946,1397,3.977272727272727,241.5977011494253
pos25,Back,4.666666666666666,283.5327600655483,26.817379123349507,1404,4.0,241.55172413793105
pos25,Back,4.75,282.8549766149108,26.392023285972467,1398,4.340909090909091,241.4848484848485
pos25,Back,4.833333333333333,280.26648040664196,26.58389716875401,1401,2.92,241.46153846153845
pos25,Back,4.916666666666666,278.4604049534654,26.710262330524394,1435,4.065217391304348,241.5
pos25,Back,5.0,276.1506539155584,25.55749029889239,1373,4.1395348837209305,241.5
pos25,Back,5.083333333333333,275.91322708324697,25.430361617077992,1462,3.9615384615384617,241.6034482758621
pos25,Back,5.166666666666666,274.3148538084767,25.328726628692856,1466,4.142857142857143,241.57142857142856
pos25,Back,5.25,271.7886778940475,24.244509302065293,1432,4.56140350877193,241.27272727272728
pos25,Back,5.333333333333333,269.6193364610243,23.500670329599508,1470,4.424242424242424,241.59259259259255
pos25,Back,5.416666666666666,266.188978253323,22.83162041080842,1425,4.0,241.47619047619048
pos25,Back,5.5,264.85242959935016,22.419720587612503,1458,4.568627450980392,241.52325581395348
pos25,Back,5.583333333333333,264.7812543253935,22.194627352823908,1456,4.88135593220339,241.45
pos25,Back,5.666666666666666,262.37037590424364,21.794913839036578,1429,4.1395348837209305,241.47457627118644
pos25,Back,5.75,261.14791869573224,21.15907247942946,1450,3.8958333333333335,241.58823529411765
pos25,Back,5.833333333333333,260.2767020338827,20.88674580813712,1402,4.942028985507246,241.55102040816325
pos25,Back,5.916666666666666,258.7166943398609,20.822700013997252,1371,4.2,241.5108695652174
pos25,Back,6.0,257.73318697623756,20.34264585593119,1432,3.9318181818181817,241.4318181818182
pos25,Back,6.083333333333333,256.2522070163224,20.004812813466295,1420,4.5625,241.34615384615384
pos25,Back,6.166666666666666,255.75488988473484,19.516389500456484,1366,4.048780487804878,241.48275862068965
pos25,Back,6.25,254.08425712467533,19.46932661647974,1408,4.518518518518518,241.3684210526316
pos25,Back,6.333333333333333,253.71305254527604,18.911188993564608,1442,4.32258064516129,241.16666666666663
pos25,Back,6.416666666666666,252.96803608120172,18.49061036009098,1456,4.0,241.5737704918033
pos25,Back,6.5,251.50739462769386,18.216536055231128,1435,3.789473684210526,241.6071428571429
pos25,Back,6.583333333333333,250.9163021368637,17.42311945060294,1438,4.0,241.30357142857144
pos25,Back,6.666666666666666,249.06199443681194,17.023649649533304,1428,4.12,241.5
pos25,Back,6.75,247.90665282463618,16.706562006244976,1400,4.638888888888889,241.4516129032258
pos25,Back,6.833333333333333,247.15337380318317,16.781130720791197,1403,4.2,241.35185185185185
pos25,Back,6.916666666666666,246.48269380731156,16.18227818932386,1423,3.8095238095238098,241.40740740740745
pos25,Back,7.0,244.93657086440973,16.476947100056815,1427,4.148148148148148,241.31578947368425
pos25,Back,7.083333333333333,244.10357195653353,16.316688628386487,1427,4.145833333333333,241.5076923076923
pos25,Back,7.166666666666666,242.77243273280905,15.951982197464517,1421,4.423076923076923,241.42424242424244
pos25,Back,7.25,242.1901853555616,15.802355606711876,1412,3.977272727272727,241.6103896103896
pos25,Back,7.333333333333333,241.36098239918232,15.955826978255285,1413,4.14,241.44230769230768
pos25,Back,7.416666666666666,240.34653193285723,15.191672961859192,1387,4.148148148148148,241.48275862068965
pos25,Back,7.5,240.25690237529577,14.854994392015971,1407,4.0,241.5593220338983
pos25,Back,7.583333333333333,239.38108011316368,14.786243797661738,1357,4.12,241.33333333333337
pos25,Back,7.666666666666666,238.1877753801656,14.274230195042488,1318,4.518518518518518,241.23809523809524
pos25,Back,7.75,237.97675477216947,14.018470178280399,1331,4.808219178082192,241.41176470588235
pos25,Back,7.833333333333333,238.27138576141493,13.413194811081636,1301,4.435483870967742,241.5
pos25,Back,7.916666666666666,237.310989512961,13.597111595730624,1374,3.4285714285714284,241.56923076923076
pos25,Back,8.0,236.6977626708217,13.427306005770532,1425,3.4571428571428573,241.4814814814815
pos25,Back,8.083333333333332,236.10884962211713,13.447988485259676,1432,3.4482758620689653,241.58333333333337
pos25,Back,8.166666666666666,235.05176326901906,12.613530212971831,1420,4.633333333333334,241.44736842105263
pos25,Back,8.25,235.66854754587223,12.66033848218347,1408,3.5294117647058822,241.42857142857144
pos25,Back,8.333333333333332,234.22510477396239,12.104918606188244,1406,4.319148936170213,241.5217391304348
pos25,Back,8.416666666666666,233.23717909706633,12.268546425831948,1414,4.229166666666667,241.58536585365857
pos25,Back,8.5,232.6339378960205,11.904757464537168,1408,3.9130434782608696,241.53846153846155
pos25,Back,8.583333333333332,232.57722985481493,12.067917773318923,1411,3.8260869565217392,241.54166666666663
pos25,Back,8.666666666666666,232.86582672735213,12.038773891497646,1411,3.3333333333333335,241.47727272727272
pos25,Back,8.75,232.1500432407231,11.963255474134748,1412,4.333333333333333,241.51724137931035
pos25,Back,8.833333333333332,231.4663651308397,11.741823799514192,1392,3.9318181818181817,241.4561403508772
pos25,Back,8.916666666666666,231.50862554070662,11.742563525493864,1403,4.0,241.5157894736842
pos25,Back,9.0,230.8580893867356,11.576159729498949,1393,4.0,241.5
pos25,Back,9.083333333333332,230.571973298237,11.584316548245416,1408,4.352941176470588,241.561797752809
pos25,Back,9.166666666666666,230.72465371368457,11.518381166802934,1395,4.25,241.609375
pos25,Back,9.25,230.50152778263507,11.14946554351504,1400,3.5135135135135136,241.1428571428571
pos25,Back,9.333333333333332,230.4172142330295,10.901887429871094,1399,3.5,241.4255319148936
pos25,Back,9.416666666666666,229.8649400947623,10.744179130713656,1401,3.4166666666666665,241.6071428571429
pos25,Back,9.5,229.41556072442899,10.689240685774068,1383,4.121951219512195,241.29310344827587
pos25,Back,9.583333333333332,229.6616945872811,10.944512986476195,1380,4.5,241.4393939393939
pos25,Back,9.666666666666666,229.49229571967848,10.670258003256006,1389,4.5,241.3870967741935
pos25,Back,9.75,229.57551805233797,10.545248539089872,1392,4.354166666666667,241.04166666666663
pos25,Back,9.833333333333332,228.5371140222425,10.19963524934709,1394,4.0,241.56716417910448
pos25,Back,9.916666666666666,229.4236448410469,10.409711679679608,1356,3.9210526315789473,241.3448275862069
pos25,Back,10.0,229.60335973626923,10.685413944405159,1377,4.553191489361702,241.5
pos25,Back,10.083333333333332,229.4119314944241,10.52590187313062,1387,4.571428571428571,241.6
pos25,Back,10.166666666666666,228.54598659073216,10.082842608763938,1384,4.396551724137931,241.47272727272727
pos25,Back,10.25,228.46312962313448,10.039961362638605,1396,4.811320754716981,241.53932584269663
pos25,Back,10.333333333333332,229.10061881273077,10.20323773022029,1410,4.148148148148148,241.5
pos25,Back,10.416666666666666,229.01548307278713,9.84899241468616,1383,4.354166666666667,241.34615384615384
pos25,Back,10.5,228.4261105364211,9.741885403152159,1408,3.5135135135135136,241.56603773584905
pos25,Back,10.583333333333332,228.1138951594285,10.336838334385027,1405,3.2,241.6
pos25,Back,10.666666666666666,227.3852314380593,10.46857030384556,1419,4.324324324324325,241.61176470588236
pos25,Back,10.75,227.8650402518952,10.386513541142179,1425,4.0,241.59756097560975
pos25,Back,10.833333333333332,227.90825919677053,10.369337926745095,1415,4.435483870967742,241.4
pos25,Back,10.916666666666666,227.54053034885018,10.153086110103743,1431,4.086956521739131,241.5
pos25,Back,11.0,227.4211221672088,10.030813565699688,1431,4.564516129032258,241.5185185185185
pos25,Back,11.083333333333332,227.07475856677223,9.899568425833214,1429,3.4,241.14117647058825
pos25,Back,11.166666666666666,227.34626448229412,10.127156698334009,1440,4.3061224489795915,241.25714285714287
pos25,Back,11.25,227.36586314998098,10.073903073062745,1429,3.9166666666666665,241.59259259259255
pos25,Back,11.333333333333332,227.2383890398229,10.14218514989416,1436,4.333333333333333,241.33783783783784
pos25,Back,11.416666666666666,226.74991937446126,9.91568247538872,1440,4.5,241.3684210526316
pos25,Back,11.5,226.7154575058193,9.832993726340124,1427,4.2407407407407405,241.34545454545457
pos25,Back,11.583333333333332,226.71564441379573,9.62213004890652,1399,4.698412698412699,241.51666666666668
pos25,Back,11.666666666666666,226.6936999041251,9.282765102254976,1406,4.796296296296297,241.32258064516128
pos25,Back,11.75,226.46229017573776,9.592975074177982,1399,4.6,241.08333333333337
pos25,Back,11.833333333333332,226.8009508021075,9.624897343969115,1416,4.640625,240.72222222222223
pos25,Back,11.916666666666666,227.04675242088754,9.769090836324184,1416,4.4576271186440675,241.4821428571429
pos25,Back,12.0,227.04124406993213,9.82340317871355,1426,4.348837209302325,241.5
pos25,Back,12.083333333333332,226.7427747036425,9.866493481879306,1425,4.629032258064516,241.57142857142856
pos25,Back,12.166666666666666,226.8647969320822,10.158601082743118,1425,4.580645161290323,241.3452380952381
pos25,Back,12.25,228.2239831579573,10.081533912149649,1444,4.0754716981132075,241.34782608695653
pos25,Back,12.333333333333332,226.4130188440507,10.152730990155371,1440,4.148148148148148,241.5
pos25,Back,12.416666666666666,226.30589401856045,10.829585609371668,1444,3.925,241.5
pos25,Back,12.5,226.03610643536933,10.62055704183831,1440,4.0,241.6
pos25,Back,12.583333333333332,226.22832464080034,11.033580884277448,1434,3.92,241.48275862068965
pos25,Back,12.666666666666666,226.04833403632662,10.698394706921622,1439,3.977777777777778,241.5
pos25,Back,12.75,225.9864290134646,10.68656638264561,1423,4.0638297872340425,241.34615384615384
pos25,Back,12.833333333333332,226.01330018493383,10.388211933214137,1433,4.483870967741935,241.5921052631579
pos25,Back,12.916666666666666,225.4906129162073,10.903079315141083,1447,4.0,241.5806451612903
pos25,Back,13.0,226.10179474671963,10.92143809604737,1432,4.395348837209302,241.2156862745098
pos25,Back,13.083333333333332,225.8576404850826,10.583273905633606,1433,4.142857142857143,241.47272727272727
pos25,Back,13.166666666666666,225.60812459398946,11.045070918127395,1445,3.6341463414634143,241.48275862068965
pos25,Back,13.25,225.8631932506144,11.014006506956262,1438,3.4516129032258065,241.52941176470588
pos25,Back,13.333333333333332,225.84007923991228,10.223937761487706,1436,3.392857142857143,241.17857142857144
pos25,Back,13.416666666666666,225.62215913055113,10.32493167781334,1438,3.6341463414634143,241.52941176470588
pos25,Back,13.5,225.71056412400083,9.823523038200733,1430,4.086956521739131,241.6
pos25,Back,13.583333333333332,225.74567982480957,9.899671279455209,1434,4.0,241.0754716981132
pos25,Back,13.666666666666666,225.1648891658615,9.697182038275097,1445,4.53125,241.6034482758621
pos25,Back,13.75,225.40755890444882,9.658341622656042,1440,3.9361702127659575,241.5
pos25,Back,13.833333333333332,225.19855821237238,9.203815645883907,1434,4.0754716981132075,241.33962264150944
pos25,Back,13.916666666666666,224.8952710118053,9.478981381174325,1428,4.590909090909091,241.44827586206895
pos25,Back,14.0,224.82225272830593,8.925266708179079,1424,3.7777777777777777,241.5
pos25,Back,14.083333333333332,224.06390925479383,8.689365556187656,1434,4.0754716981132075,241.53571428571428
pos25,Back,14.166666666666666,223.77381491939525,8.89621225786947,1431,4.442622950819672,241.5593220338983
pos25,Back,14.25,223.9909912203788,8.90244636520984,1432,4.3061224489795915,241.53846153846155
pos25,Back,14.333333333333332,224.00218137338294,8.869535868350248,1435,3.888888888888889,241.58620689655172
pos25,Back,14.416666666666666,224.37721094876724,8.86928386189104,1445,4.5,241.6125
pos25,Back,14.5,224.500262267624,8.796007260864922,1453,3.764705882352941,241.4561403508772
pos25,Back,14.583333333333332,223.99390416905067,8.839684287257333,1443,4.571428571428571,241.51612903225808
pos25,Back,14.666666666666666,223.58961487086384,8.851484985655432,1448,3.5,241.61111111111111
pos25,Back,14.75,223.8904941926079,8.608469568839803,1442,4.065217391304348,241.5
pos25,Back,14.833333333333332,223.64618328293437,8.399108053284351,1451,4.357142857142857,241.42857142857144
pos25,Back,14.916666666666666,223.24425072915747,8.793507723429814,1441,3.980392156862745,241.59420289855072
pos25,Back,15.0,224.34009037042904,8.687211318222456,1449,3.4545454545454546,241.4262295081967
pos25,Back,15.083333333333332,223.64791141742313,8.426669916649146,1439,3.4722222222222223,241.52631578947367
pos25,Back,15.166666666666666,223.80069569436316,8.764466104340597,1422,3.2142857142857144,241.57575757575756
pos25,Back,15.25,223.55955567408958,8.580298611240517,1426,4.0,241.58620689655172
pos25,Back,15.333333333333332,223.44572392655212,8.41091258090345,1418,3.303030303030303,241.14634146341464
pos25,Back,15.416666666666666,223.81057921803813,8.540542320615678,1420,3.793103448275862,241.57142857142856
pos25,Back,15.5,224.0527163950016,8.770898915753454,1428,4.859649122807017,241.33823529411765
pos25,Back,15.583333333333332,223.52471216896507,9.07169287674736,1427,3.8958333333333335,241.52272727272728
pos25,Back,15.666666666666666,223.56503255644483,8.793157258013867,1431,3.5714285714285716,241.51724137931035
pos25,Back,15.75,223.04216939955668,8.89272654341145,1430,4.0,241.6
pos25,Back,15.833333333333332,223.41194077988425,9.260411746268717,1435,4.0,241.25757575757575
pos25,Back,15.916666666666666,223.8306579785207,9.34449719404134,1426,4.471698113207547,241.36666666666667
pos25,Back,16.0,223.88591351896034,9.684630905873059,1429,4.042553191489362,241.26470588235293
pos25,Back,16.083333333333332,224.2548083639983,10.44391274919827,1436,4.4576271186440675,241.5222222222222
pos25,Back,16.166666666666664,224.2411129897615,10.098291427768633,1435,4.081632653061225,241.5977011494253
pos25,Back,16.25,224.3566135827577,10.201571968163506,1444,4.0,241.0655737704918
pos25,Back,16.333333333333332,225.05559653114148,10.374821735248748,1447,3.9210526315789473,241.23636363636365
pos25,Back,16.416666666666664,226.02428485352576,10.239461509356747,1443,4.576923076923077,241.3170731707317
pos25,Back,16.5,226.2542377892123,9.866814371539235,1435,4.5,241.42857142857144
pos25,Back,16.583333333333332,227.05570871122754,9.610243457943781,1438,3.65625,241.6052631578947
pos25,Back,16.666666666666664,226.81401305436054,9.986208252562678,1434,4.571428571428571,241.56521739130432
pos25,Back,16.75,226.95778322039104,10.022930535199428,1431,3.4722222222222223,241.3947368421053
pos25,Back,16.833333333333332,227.35175735953086,10.469076897529556,1434,3.4482758620689653,241.37704918032787
pos25,Back,16.916666666666664,227.60877571598905,10.262051207015798,1421,3.4285714285714284,241.59183673469389
pos25,Back,17.0,227.8281297635367,10.26468807080134,1427,3.5806451612903225,241.47252747252747
pos25,Back,17.083333333333332,228.17511684810682,10.428956764076212,1419,3.4594594594594597,241.4516129032258
pos25,Back,17.166666666666664,228.5450480841035,10.431139499590698,1433,4.0,241.04615384615383
pos25,Back,17.25,229.29729367006496,10.438917420176923,1435,3.473684210526316,241.52941176470588
pos25,Back,17.333333333333332,227.88148602280774,10.222223241524127,1433,3.4594594594594597,241.5
pos25,Back,17.416666666666664,228.43729185755916,10.600499489072565,1437,4.491525423728813,241.5
pos25,Middle,0.0,557.8558870969122,60.64700142443844,1459,241.66,480.27777777777777
pos25,Middle,0.08333333333333333,543.1094549339368,58.857583755129546,1453,242.0,480.1428571428572
pos25,Middle,0.16666666666666666,534.4004195789474,57.194945593648434,1456,241.95,479.7096774193548
pos25,Middle,0.25,529.3804488366764,56.56849081249435,1458,241.70833333333337,479.5542168674699
pos25,Middle,0.3333333333333333,515.8951781961915,55.06771955595028,1432,241.70967741935485,480.22222222222223
pos25,Middle,0.41666666666666663,514.7275340879952,55.124690949693594,1453,241.75757575757575,480.2127659574468
pos25,Middle,0.5,512.1849275620588,53.982593893884314,1436,241.6153846153846,480.2142857142857
pos25,Middle,0.5833333333333333,505.91778131666433,52.25452115921044,1431,241.63333333333333,480.1034482758621
pos25,Middle,0.6666666666666666,495.27956060565,51.90364583988668,1445,241.675,480.05333333333334
pos25,Middle,0.75,480.96028084062743,49.81405980232799,1427,241.66666666666663,479.3090909090909
pos25,Middle,0.8333333333333333,480.7381009352985,50.62232695821793,1426,241.65625,479.7407407407408
pos25,Middle,0.9166666666666666,474.4734300267903,49.3749373444897,1419,241.68817204301075,479.9166666666667
pos25,Middle,1.0,467.0048325545245,47.184605535798724,1437,242.1428571428571,480.06060606060606
pos25,Middle,1.0833333333333333,461.720475571238,47.25039121482401,1438,241.62857142857143,480.0754716981132
pos25,Middle,1.1666666666666665,455.64906322731684,47.04158258577714,1429,241.7,480.1166666666667
pos25,Middle,1.25,455.53034558292575,47.387749691772136,1438,241.63793103448276,479.7321428571428
pos25,Middle,1.3333333333333333,453.07117933262555,47.40566773605451,1431,241.85915492957747,479.92957746478874
pos25,Middle,1.4166666666666665,442.6128756122371,47.26570616123218,1440,241.86046511627907,480.1923076923077
pos25,Middle,1.5,438.2822914725186,47.18931310540277,1423,242.0,480.2040816326531
pos25,Middle,1.5833333333333333,433.90128102404606,47.44804220801515,1435,241.85915492957747,479.8333333333333
pos25,Middle,1.6666666666666665,424.6730308920906,45.98367424734,1440,242.33333333333337,480.0
pos25,Middle,1.75,412.7664229382868,43.75450069598965,1419,242.0,480.2765957446808
pos25,Middle,1.8333333333333333,409.4090032845821,43.33927259672816,1425,241.75,479.9222222222222
pos25,Middle,1.9166666666666665,401.3133019488825,41.83318713222766,1426,241.84375,480.1184210526315
pos25,Middle,2.0,399.9296807085065,42.47805597594922,1434,242.05714285714285,480.0
pos25,Middle,2.083333333333333,393.2239016075427,40.785785266361636,1409,241.66666666666663,480.2429906542056
pos25,Middle,2.1666666666666665,395.39041839803707,40.44644050352151,1434,241.9367088607595,480.2112676056338
pos25,Middle,2.25,391.0387811603713,40.51919330901064,1445,241.62857142857143,480.0
pos25,Middle,2.333333333333333,390.2655766631368,40.6905479551252,1438,241.89583333333337,480.1518987341772
pos25,Middle,2.4166666666666665,387.17539925064375,39.12268952489277,1431,242.05714285714285,480.2142857142857
pos25,Middle,2.5,379.2814310344056,38.549612129915914,1438,241.9122807017544,480.09375
pos25,Middle,2.583333333333333,386.2666998760487,37.83943894298691,1309,241.92307692307693,479.3833333333333
pos25,Middle,2.6666666666666665,376.03971235108725,37.34697814719063,1446,242.14814814814815,480.1212121212121
pos25,Middle,2.75,374.7961881835542,37.7852272580698,1447,241.74137931034485,480.15384615384613
pos25,Middle,2.833333333333333,370.42631276834913,37.11740654482546,1453,241.8,480.27450980392155
pos25,Middle,2.9166666666666665,370.429504605372,37.449832513683766,1460,241.7173913043478,480.2142857142857
pos25,Middle,3.0,368.20957980368087,36.99540210042904,1447,241.6969696969697,480.2678571428572
pos25,Middle,3.083333333333333,364.74565394354534,36.744418743233815,1450,241.74137931034485,479.8985507246377
pos25,Middle,3.1666666666666665,360.6589005419086,36.467494464018536,1438,241.65714285714284,480.26
pos25,Middle,3.25,358.17924951496815,35.59764967968951,1453,241.62121212121212,480.2368421052632
pos25,Middle,3.333333333333333,351.39694301975186,34.07711365607584,1449,241.74358974358975,480.0655737704918
pos25,Middle,3.4166666666666665,348.5937373914708,34.906420252176616,1442,241.66666666666663,479.97222222222223
pos25,Middle,3.5,342.5369756061121,33.83092013658815,1411,241.95,480.28125
pos25,Middle,3.583333333333333,341.5096088899851,33.51629534133803,1434,241.6153846153846,480.1842105263158
pos25,Middle,3.6666666666666665,334.8296385873798,31.70220626580564,1413,241.8688524590164,480.1111111111111
pos25,Middle,3.75,333.3613109771889,31.581729619624156,1407,241.65671641791045,480.0
pos25,Middle,3.833333333333333,330.54416902329433,30.95411212755959,1426,241.8235294117647,479.8
pos25,Middle,3.9166666666666665,324.0925978483258,29.910802520839187,1410,241.6818181818182,480.2089552238806
pos25,Middle,4.0,319.85848101804055,30.03100429652161,1416,242.04761904761904,480.03846153846155
pos25,Middle,4.083333333333333,316.85457642546817,29.916103311102233,1410,242.49122807017545,480.2321428571428
pos25,Middle,4.166666666666666,314.99334159662834,29.687897374752804,1404,241.6981132075472,480.27906976744185
pos25,Middle,4.25,311.51830178890276,28.88726850362649,1409,241.7,479.8666666666667
pos25,Middle,4.333333333333333,309.75128333554403,28.402145982255657,1411,242.25,480.2678571428572
pos25,Middle,4.416666666666666,305.85301900718116,27.193333836654137,1408,242.15384615384616,480.1296296296296
pos25,Middle,4.5,303.74761720444724,27.428223951423725,1400,242.1489361702128,479.94444444444446
pos25,Middle,4.583333333333333,302.66891723394605,27.166085455959195,1408,241.8571428571429,480.0
pos25,Middle,4.666666666666666,299.94940881802125,26.71424422648467,1414,241.72549019607845,480.26666666666665
pos25,Middle,4.75,297.0309346305855,26.518933514679798,1424,241.63636363636363,480.2758620689655
pos25,Middle,4.833333333333333,294.0747279488501,26.041628391484927,1429,242.21052631578948,480.1025641025641
pos25,Middle,4.916666666666666,291.7892516258727,26.21570579121844,1423,241.79310344827587,480.28205128205127
pos25,Middle,5.0,287.2879176833186,25.911757666582762,1419,241.6904761904762,480.25
pos25,Middle,5.083333333333333,287.80332215487,23.98481335162981,1366,242.08,480.0967741935484
pos25,Middle,5.166666666666666,284.8682110277917,22.496366662102,1250,241.65625,479.4594594594595
pos25,Middle,5.25,282.53445234847817,22.492689406939633,1144,242.16216216216216,480.10169491525426
pos25,Middle,5.333333333333333,279.30614112494817,23.054405207173826,1385,241.8840579710145,480.27027027027026
pos25,Middle,5.416666666666666,274.5800849466543,22.7987682805097,1418,241.70967741935485,479.54545454545456
pos25,Middle,5.5,273.4222135239824,22.270651654305386,1429,242.0,480.2111111111111
pos25,Middle,5.583333333333333,272.00684129278295,21.614885665950297,1410,242.0909090909091,480.1904761904762
pos25,Middle,5.666666666666666,268.89777917813393,21.18782398180261,1435,241.66666666666663,480.2878787878788
pos25,Middle,5.75,267.83114312791434,20.901101678887333,1419,242.0,480.0
pos25,Middle,5.833333333333333,265.00109798925854,20.033117580226516,1414,241.6428571428571,480.2622950819672
pos25,Middle,5.916666666666666,263.1290973859485,19.53130059019747,1420,241.9803921568627,480.15
pos25,Middle,6.0,263.24873718303326,20.270526475392504,1429,241.65,480.27272727272725
pos25,Middle,6.083333333333333,261.0020967768352,18.91666316727078,1423,241.8510638297872,480.06060606060606
pos25,Middle,6.166666666666666,259.119312591931,18.765793627282193,1404,242.0,480.25
pos25,Middle,6.25,257.14773007835925,18.92795770004485,1416,241.7111111111111,480.0
pos25,Middle,6.333333333333333,256.2332804145948,18.651884996872642,1402,241.6769230769231,480.25
pos25,Middle,6.416666666666666,254.40197343276876,18.123244412082627,1388,241.85454545454544,480.3015873015873
pos25,Middle,6.5,252.22779695051995,17.67226615096967,1390,241.66666666666663,480.2127659574468
pos25,Middle,6.583333333333333,251.17592879554877,16.92667776515644,1270,241.80769230769232,480.2637362637363
pos25,Middle,6.666666666666666,248.78069516219108,17.048831755963025,1392,241.67924528301887,479.7435897435897
pos25,Middle,6.75,246.59582108482775,16.19082519436193,1397,241.63492063492063,479.38
pos25,Middle,6.833333333333333,245.8264144105697,16.1153396158894,1400,241.7321428571429,480.14
pos25,Middle,6.916666666666666,245.42220329002544,15.237359150243227,1250,241.7710843373494,479.94117647058823
pos25,Middle,7.0,243.93769192256187,15.606579053040555,1374,241.67567567567568,480.0754716981132
pos25,Middle,7.083333333333333,242.59167020789513,14.709748867404535,1354,241.91836734693877,480.2972972972973
pos25,Middle,7.166666666666666,241.7281070125421,14.492916162594735,1356,242.87755102040816,480.1408450704226
pos25,Middle,7.25,241.39879742860083,14.581129211999254,1354,242.16483516483515,480.2558139534884
pos25,Middle,7.333333333333333,240.45832218285219,14.317332350830794,1361,242.0,480.2173913043478
pos25,Middle,7.416666666666666,239.3045892423739,13.748148035095756,1339,241.70833333333337,480.27450980392155
pos25,Middle,7.5,239.0090456964766,13.679540425502779,1323,241.9056603773585,480.0
pos25,Middle,7.583333333333333,237.86576911775222,13.046538822037165,1350,241.6296296296296,480.12307692307695
pos25,Middle,7.666666666666666,237.2430715673635,12.666597487944774,1365,241.8510638297872,480.0933333333333
pos25,Middle,7.75,237.86762939742482,12.680662671213629,1367,241.6304347826087,480.0
pos25,Middle,7.833333333333333,237.46365352269007,12.212234267314438,1331,241.71428571428572,479.8387096774194
pos25,Middle,7.916666666666666,237.0022587103331,12.380429369435477,1347,241.66666666666663,479.8695652173913
pos25,Middle,8.0,237.092278334286,12.21351603513445,1336,242.2173913043478,480.1311475409836
pos25,Middle,8.083333333333332,235.77579717319898,12.521822263056551,1300,241.8695652173913,479.75308641975306
pos25,Middle,8.166666666666666,235.65155788126725,12.301780573841622,1231,241.72727272727272,480.0
pos25,Middle,8.25,235.4911933306725,11.581141202583236,1197,241.83132530120483,480.2916666666667
pos25,Middle,8.333333333333332,234.17645069572882,11.865140616437813,1235,241.7111111111111,479.8709677419355
pos25,Middle,8.416666666666666,233.0265203516234,11.775919891959925,1299,242.4262295081967,480.05
pos25,Middle,8.5,232.21714134057203,11.281197754797239,1337,241.70833333333337,479.6666666666667
pos25,Middle,8.583333333333332,232.4087059819063,11.087799074523716,1301,241.625,480.0655737704918
pos25,Middle,8.666666666666666,232.3147502738137,11.313307784868396,1315,241.6153846153846,480.25714285714287
pos25,Middle,8.75,231.98534487923362,11.120696318945578,1316,241.80246913580248,479.7121212121212
pos25,Middle,8.833333333333332,230.6381571967581,10.7351137230714,1332,241.6981132075472,480.0
pos25,Middle,8.916666666666666,230.4975635518499,10.84284330365996,1256,241.7258064516129,480.2558139534884
pos25,Middle,9.0,228.93041919198006,9.930531259048928,1347,241.82857142857145,480.2368421052632
pos25,Middle,9.083333333333332,229.01514773096184,10.260075720876355,1323,241.7027027027027,480.0857142857143
pos25,Middle,9.166666666666666,229.31382473077804,10.192520052312487,1338,241.76190476190476,480.0632911392405
pos25,Middle,9.25,228.64674006411002,9.685533793946432,1344,241.78048780487805,480.258064516129
pos25,Middle,9.333333333333332,228.08269362397652,9.855927335386248,1342,242.0,480.1940298507463
pos25,Middle,9.416666666666666,228.6547837646794,10.104503368173798,1261,242.05,480.1470588235294
pos25,Middle,9.5,227.7548584951889,10.037505201658918,1316,241.85185185185185,479.94594594594594
pos25,Middle,9.583333333333332,228.59559545793576,10.638641608388808,1230,241.7972972972973,480.1875
pos25,Middle,9.666666666666666,227.97464684483154,10.975719001193733,1271,241.63636363636363,480.15584415584414
pos25,Middle,9.75,228.23483805537768,10.407932347086014,1298,241.65384615384616,480.2878787878788
pos25,Middle,9.833333333333332,226.96895606329142,10.486358506653469,1328,241.6341463414634,480.14814814814815
pos25,Middle,9.916666666666666,227.35344057996392,10.368185433212188,982,242.05,480.1090909090909
pos25,Middle,10.0,227.62307733177724,10.022756799969127,1150,241.9,480.2676056338028
pos25,Middle,10.083333333333332,227.46404835816992,9.81742549991918,1229,241.72093023255815,479.8904109589041
pos25,Middle,10.166666666666666,226.5470220352561,9.867307827961932,1337,242.203007518797,479.8805970149254
pos25,Middle,10.25,226.5564557688831,9.846039688106979,1346,241.75757575757575,480.1034482758621
pos25,Middle,10.333333333333332,226.5461430715057,9.757997892894348,1317,242.0,480.3015873015873
pos25,Middle,10.416666666666666,226.44182346230613,9.626008796152561,1356,241.65384615384616,480.2413793103448
pos25,Middle,10.5,226.05494559120962,9.449671608412881,1343,241.94117647058823,480.27472527472526
pos25,Middle,10.583333333333332,225.37164076286155,9.370009783952758,1363,242.56521739130432,480.296875
pos25,Middle,10.666666666666666,225.38490553982936,9.64629389475239,1317,242.1219512195122,480.2857142857143
pos25,Middle,10.75,225.18167837828767,9.697224004520125,1314,242.21818181818185,480.1621621621622
pos25,Middle,10.833333333333332,225.07638914619756,9.809758266585646,1312,241.67567567567568,480.2
pos25,Middle,10.916666666666666,224.72094812283297,9.840983156760705,1342,242.0,480.0
pos25,Middle,11.0,224.85874321914835,9.706031673655955,1355,241.6734693877551,480.25
pos25,Middle,11.083333333333332,224.56961917332518,9.276999467410157,1354,241.79166666666663,480.25
pos25,Middle,11.166666666666666,223.97333325792275,9.337310324428874,1353,241.65625,480.0
pos25,Middle,11.25,224.83106201066002,9.671823799482544,1274,241.8510638297872,480.0810810810811
pos25,Middle,11.333333333333332,224.3570418989623,9.425019362956315,1312,242.3870967741935,480.2987012987013
pos25,Middle,11.416666666666666,224.10301235502607,9.266413827967853,1356,241.6304347826087,480.24285714285713
pos25,Middle,11.5,223.76030244897632,9.17917670004806,1371,241.83673469387756,480.1917808219178
pos25,Middle,11.583333333333332,223.6390291276605,9.203933040010346,1381,241.710843373494,480.0
pos25,Middle,11.666666666666666,223.43245350348585,9.07334555480975,1373,241.62857142857143,480.0
pos25,Middle,11.75,223.67516741401207,9.178321403871308,1374,241.88059701492537,479.7818181818182
pos25,Middle,11.833333333333332,224.01546529737905,9.312259443793085,1356,241.8688524590164,480.258064516129
pos25,Middle,11.916666666666666,224.43602932189714,9.67867824541634,1370,241.61363636363637,479.8333333333333
pos25,Middle,12.0,224.1383943189533,9.061771675983055,1367,242.0,480.2
pos25,Middle,12.083333333333332,223.81607213707034,9.251593364917257,1374,241.87301587301587,480.1311475409836
pos25,Middle,12.166666666666666,224.06201838772938,9.265974232512288,1364,241.79661016949152,479.8571428571428
pos25,Middle,12.25,225.69263845974706,9.299962294797522,1365,241.89583333333337,480.2619047619048
pos25,Middle,12.333333333333332,223.2259566863399,9.163993968606018,1364,241.625,480.3018867924528
pos25,Middle,12.416666666666666,222.99520456430838,9.002447964338353,1382,241.66666666666663,480.13253012048193
pos25,Middle,12.5,222.96907436468268,9.355567917432094,1356,242.0879120879121,479.9047619047619
pos25,Middle,12.583333333333332,222.98205272283016,9.246785955581032,1373,241.8510638297872,480.14814814814815
pos25,Middle,12.666666666666666,222.9203121584863,9.374296735372697,1368,241.73170731707316,480.175
pos25,Middle,12.75,223.0061498271594,9.514423069163778,1357,241.74358974358975,480.0
pos25,Middle,12.833333333333332,222.9031530273156,9.48418732234412,1280,241.6341463414634,480.1641791044776
pos25,Middle,12.916666666666666,222.64922303279764,9.445973830438687,1375,241.68493150684932,480.0
pos25,Middle,13.0,222.72213333446106,9.308358945643493,1361,241.76923076923077,480.05494505494505
pos25,Middle,13.083333333333332,223.5943794873798,9.074138962192148,1265,242.43661971830983,479.8666666666667
pos25,Middle,13.166666666666666,222.71983131029583,9.450687911495464,1327,241.74137931034485,480.14814814814815
pos25,Middle,13.25,222.58066169604757,9.449637011176334,1340,242.2,480.2181818181818
pos25,Middle,13.333333333333332,222.93210926146048,9.048135694639965,1265,241.76315789473685,480.28
pos25,Middle,13.416666666666666,222.74630646931357,9.366833956558295,1336,241.8688524590164,480.2926829268293
pos25,Middle,13.5,222.8365019817713,9.37108290018653,1326,241.9672131147541,480.0
pos25,Middle,13.583333333333332,222.35539302970997,9.186763519574587,1333,241.7948717948718,480.04761904761904
pos25,Middle,13.666666666666666,222.22787149469482,9.44852147396133,1354,241.76315789473685,480.25
pos25,Middle,13.75,222.3863769458809,9.051311213377442,1368,241.65853658536585,480.125
pos25,Middle,13.833333333333332,222.2494612885033,8.921599869813743,1362,241.94117647058823,480.2173913043478
pos25,Middle,13.916666666666666,222.33163531711244,9.03280638027705,1378,241.75,480.0923076923077
pos25,Middle,14.0,221.99870841991773,8.940668367594734,1276,242.0,480.0769230769231
pos25,Middle,14.083333333333332,221.46673427417025,8.851012102709342,1365,242.3571428571429,479.9558823529411
pos25,Middle,14.166666666666666,220.71840149377365,9.046694790509902,1395,241.74603174603175,480.3
pos25,Middle,14.25,220.95662737933372,8.855861558434334,1360,241.7017543859649,479.7560975609756
pos25,Middle,14.333333333333332,220.75974915961444,8.487474740011004,1355,241.6769230769231,480.04761904761904
pos25,Middle,14.416666666666666,220.99709319817478,8.521635372282775,1382,241.65625,480.1904761904762
pos25,Middle,14.5,221.09416116880385,8.813587640677065,1345,241.74242424242425,480.0
pos25,Middle,14.583333333333332,221.06327326181676,8.604425765982121,1362,241.9009900990099,480.26666666666665
pos25,Middle,14.666666666666666,221.14420249016692,8.562551926164705,1351,241.69230769230768,480.26666666666665
pos25,Middle,14.75,221.07238623983915,8.62612686700787,1359,242.0,480.1125
pos25,Middle,14.833333333333332,221.23169123653162,8.983179155622771,1371,241.7,480.1875
pos25,Middle,14.916666666666666,220.99322382260436,8.721780686612083,1403,241.65625,480.0
pos25,Middle,15.0,222.43510516499381,9.041280695403247,1398,241.65625,480.05454545454546
pos25,Middle,15.083333333333332,221.27095650980047,8.991275838939933,1352,242.0,480.1692307692307
pos25,Middle,15.166666666666666,221.0779692675913,8.732714247285926,1239,241.7058823529412,479.7173913043478
pos25,Middle,15.25,221.15088374251633,8.979757885129578,1329,241.66666666666663,479.4561403508772
pos25,Middle,15.333333333333332,221.0091749503777,8.568325077417972,1301,241.68085106382975,480.2888888888889
pos25,Middle,15.416666666666666,221.27749087688883,9.143900136378065,1255,241.6703296703297,480.05882352941177
pos25,Middle,15.5,220.81003916487512,9.155755606897554,1352,241.69230769230768,480.1
pos25,Middle,15.583333333333332,220.87810050864107,9.68805454447612,1375,241.6296296296296,479.84615384615387
pos25,Middle,15.666666666666666,220.58524603474135,9.879095437699451,1386,241.69230769230768,480.0
pos25,Middle,15.75,220.31317307798352,9.731444542320682,1371,241.74137931034485,479.95714285714286
pos25,Middle,15.833333333333332,220.26393526507383,9.865129908695206,1399,241.75,480.3
pos25,Middle,15.916666666666666,220.8574931896246,9.899692473157357,1349,242.24561403508773,480.13953488372096
pos25,Middle,16.0,220.32220367402093,9.399034452137267,1319,241.80769230769232,480.0
pos25,Middle,16.083333333333332,220.85923897966308,9.603377038195557,1385,242.21951219512195,480.2
pos25,Middle,16.166666666666664,221.12987832334647,8.792305907658678,1355,241.864406779661,480.06779661016947
pos25,Middle,16.25,220.71611705528582,8.953535869887817,1410,242.54945054945057,480.0967741935484
pos25,Middle,16.333333333333332,221.6137199347594,9.338140977966937,1391,241.6428571428571,480.1612903225806
pos25,Middle,16.416666666666664,221.46989966455888,8.959229147813536,1396,241.77551020408163,479.9402985074626
pos25,Middle,16.5,221.78606117163244,8.977243259534447,1360,241.64814814814815,480.13953488372096
pos25,Middle,16.583333333333332,221.67201431157267,8.840263520567092,1382,241.7111111111111,480.06666666666666
pos25,Middle,16.666666666666664,222.40755857118904,8.622241343728767,1401,241.7,480.0
pos25,Middle,16.75,222.04151211289275,8.753781894328514,1428,241.65625,480.0576923076923
pos25,Middle,16.833333333333332,222.26989463643594,9.423040965956364,1414,241.65625,480.25
pos25,Middle,16.916666666666664,222.3328034779516,9.205219055554723,1396,242.0,480.030303030303
pos25,Middle,17.0,222.50077944312616,8.95672886532825,1391,241.74,480.1111111111111
pos25,Middle,17.083333333333332,222.51062496129452,9.152051373664287,1393,241.76666666666668,480.0869565217391
pos25,Middle,17.166666666666664,222.9757926910364,8.974181062915735,1361,241.75675675675672,479.84722222222223
pos25,Middle,17.25,223.72235738708292,9.685480177098066,1382,241.65625,480.0652173913044
pos25,Middle,17.333333333333332,222.7340661246246,9.907791456596046,1402,241.7111111111111,480.2181818181818
pos25,Middle,17.416666666666664,222.24684691796665,9.562056063845437,1392,241.62857142857143,480.06666666666666
pos25,Opening,0.0,566.1151835072588,53.47611047461107,1228,480.42857142857144,697.709090909091
pos25,Opening,0.08333333333333333,547.0944700392547,52.4673994526675,1226,480.6666666666667,698.0
pos25,Opening,0.16666666666666666,534.8900042836548,51.891858990672,1222,480.4864864864865,698.25
pos25,Opening,0.25,528.1448840085925,51.717856214882026,1225,480.3207547169811,698.8928571428571
pos25,Opening,0.3333333333333333,514.3465829543111,51.81241525122032,1217,480.47058823529414,698.4242424242424
pos25,Opening,0.41666666666666663,508.21048145435134,49.2067773622835,1170,480.8723404255319,697.7111111111111
pos25,Opening,0.5,501.3741080831611,47.07421939827614,1135,480.3220338983051,697.0784313725491
pos25,Opening,0.5833333333333333,492.8162854618244,44.51703181933121,1089,480.34,697.375
pos25,Opening,0.6666666666666666,484.810408752631,47.44451334012594,1190,480.6716417910447,697.7631578947369
pos25,Opening,0.75,473.84190320400404,45.51601163119728,1200,480.43283582089555,698.551724137931
pos25,Opening,0.8333333333333333,471.26795082147305,44.8075542964862,1187,480.66037735849056,697.6923076923077
pos25,Opening,0.9166666666666666,465.41129747844764,45.36218483323671,1185,480.4102564102564,698.5483870967741
pos25,Opening,1.0,459.1352160963168,44.544006501178394,1172,480.55737704918033,698.0
pos25,Opening,1.0833333333333333,453.9521646123064,43.353759686318504,1195,480.5,697.561403508772
pos25,Opening,1.1666666666666665,447.0895475574528,41.68057483197816,1198,480.5757575757576,698.8
pos25,Opening,1.25,444.02300730794326,41.19562987927051,1169,480.4590163934426,697.4406779661017
pos25,Opening,1.3333333333333333,439.168465099517,40.76082678963756,1170,480.3333333333333,699.12
pos25,Opening,1.4166666666666665,431.8391874973268,40.65041769407501,1186,480.4155844155844,698.35
pos25,Opening,1.5,426.1036638659273,39.85806402650858,1172,480.625,698.4857142857143
pos25,Opening,1.5833333333333333,421.5212463448582,38.81230939640124,1152,480.5820895522388,697.4242424242424
pos25,Opening,1.6666666666666665,414.8230361889907,39.677568211744486,1168,480.3392857142857,698.05
pos25,Opening,1.75,404.8935893046846,39.02901042074536,1184,480.3454545454546,698.0
pos25,Opening,1.8333333333333333,399.52451650731854,37.045428823659364,1185,480.4242424242424,698.3333333333334
pos25,Opening,1.9166666666666665,394.4844343958478,35.640564367491194,1172,480.34375,697.4166666666666
pos25,Opening,2.0,391.23638975793466,34.45742152039808,1173,481.0,697.8666666666667
pos25,Opening,2.083333333333333,384.72532986705716,34.58625998950096,1176,480.46153846153845,697.8
pos25,Opening,2.1666666666666665,382.4416123446955,33.91186028852538,1158,480.3974358974359,698.0
pos25,Opening,2.25,376.6934535238123,33.6578867389287,1159,480.5882352941176,698.7096774193549
pos25,Opening,2.333333333333333,374.27003106160714,33.42936466253947,1135,480.5111111111111,698.1395348837209
pos25,Opening,2.4166666666666665,371.2887222932838,32.795220901906745,1143,480.3333333333333,698.6666666666666
pos25,Opening,2.5,367.21124735180837,32.910960587689736,1175,480.5882352941176,697.4821428571429
pos25,Opening,2.583333333333333,364.6551705610828,30.183879138060025,732,480.5,698.0
pos25,Opening,2.6666666666666665,364.3881883859032,32.33746707980403,1168,480.6290322580645,698.6071428571429
pos25,Opening,2.75,363.38493308316123,32.18398486582111,1172,480.3695652173913,698.0
pos25,Opening,2.833333333333333,360.30901104906803,31.963363401073057,1203,480.42857142857144,697.9803921568628
pos25,Opening,2.9166666666666665,360.7953958610385,32.0919953582135,1145,480.3478260869565,698.0
pos25,Opening,3.0,354.26149333769916,30.346300983540228,1127,480.484375,698.0
pos25,Opening,3.083333333333333,348.8759513847787,30.033911459457787,1164,480.9230769230769,699.0769230769231
pos25,Opening,3.1666666666666665,345.8360453807615,29.41477711575472,1201,480.3928571428572,698.0
pos25,Opening,3.25,344.0533119895192,30.355973341972234,1183,480.5274725274725,697.4285714285714
pos25,Opening,3.333333333333333,341.38719752887664,30.13480464925038,1207,480.4313725490196,698.0
pos25,Opening,3.4166666666666665,339.69525410531315,27.96335393915128,1188,480.59183673469386,697.6034482758621
pos25,Opening,3.5,335.73503310765045,27.743305881636037,1182,480.3333333333333,698.4324324324324
pos25,Opening,3.583333333333333,334.4221395846159,27.510799553325466,1179,480.4634146341463,697.2794117647059
pos25,Opening,3.6666666666666665,330.5645076456539,27.864426981494088,1165,480.5978260869565,698.5294117647059
pos25,Opening,3.75,329.77523464718024,28.48579260533592,1084,480.44827586206895,697.5081967213115
pos25,Opening,3.833333333333333,329.5617158021142,28.915551171530176,1150,480.77272727272725,697.3953488372093
pos25,Opening,3.9166666666666665,324.50198490788296,28.253952487542673,1163,480.32,697.04
pos25,Opening,4.0,322.02780707693705,28.51028051273684,1173,480.34375,697.8888888888889
pos25,Opening,4.083333333333333,321.0881297863851,27.664509471248916,1161,480.5,698.3023255813954
pos25,Opening,4.166666666666666,319.7228416490015,27.978809650019308,1163,480.3880597014925,697.8461538461538
pos25,Opening,4.25,317.86685671588555,28.71809233968926,1140,480.390625,697.4307692307692
pos25,Opening,4.333333333333333,316.7023125175731,28.33686659334697,1145,480.4117647058824,698.2553191489362
pos25,Opening,4.416666666666666,314.63368436699494,28.8069159860544,1178,480.46666666666664,697.9736842105264
pos25,Opening,4.5,312.7280763584376,29.809981133613707,1184,480.4166666666667,698.4166666666666
pos25,Opening,4.583333333333333,312.0269435216241,28.484881348097126,1175,480.5172413793103,698.063829787234
pos25,Opening,4.666666666666666,311.10032334181847,29.232155863651453,1182,480.825,697.5555555555555
pos25,Opening,4.75,308.83104825046274,30.22382226399825,1185,480.3965517241379,698.5
pos25,Opening,4.833333333333333,306.18961320973085,30.501747305810458,1197,480.625,698.1714285714286
pos25,Opening,4.916666666666666,300.8316416370481,29.58061909832725,1165,480.5,698.1351351351351
pos25,Opening,5.0,297.8060495512516,28.448324303250022,1193,480.5217391304348,698.2368421052631
pos25,Opening,5.083333333333333,297.5674319394108,28.231025024212343,932,480.5172413793103,697.3111111111111
pos25,Opening,5.166666666666666,292.22795038583473,24.384740204340183,642,480.41379310344826,697.542372881356
pos25,Opening,5.25,291.72746336757086,24.704942200148658,598,480.5172413793103,697.4827586206897
pos25,Opening,5.333333333333333,294.50539125528604,28.13564912054068,981,480.8076923076923,697.9090909090909
pos25,Opening,5.416666666666666,293.09003031205236,28.650168830111777,1171,480.35185185185185,698.65625
pos25,Opening,5.5,291.9255407257201,28.69905621147406,1101,480.5757575757576,698.0
pos25,Opening,5.583333333333333,290.6258489817517,29.403462337636736,997,480.34375,697.7631578947369
pos25,Opening,5.666666666666666,289.82293315550885,29.113941527056593,1138,480.8181818181818,697.8235294117648
pos25,Opening,5.75,288.41559672560055,29.059832258715815,1112,480.57954545454544,698.2608695652174
pos25,Opening,5.833333333333333,286.0421953796365,28.58225425293626,1166,480.3958333333333,697.7317073170732
pos25,Opening,5.916666666666666,285.3479541134701,27.779492705195672,1173,480.375,697.7321428571429
pos25,Opening,6.0,285.91190491145915,28.9001207335156,1160,480.5882352941176,698.0
pos25,Opening,6.083333333333333,284.0420154442845,28.27160742053329,1156,480.5,698.0769230769231
pos25,Opening,6.166666666666666,283.4441579808918,28.785757303032028,1164,480.75,698.34375
pos25,Opening,6.25,281.6783462196625,27.661958567156667,1152,480.4117647058824,698.0
pos25,Opening,6.333333333333333,281.12520808261104,28.915255954671093,1105,480.42857142857144,697.625
pos25,Opening,6.416666666666666,278.6678288968432,28.989956669657918,999,480.6842105263158,698.0909090909091
pos25,Opening,6.5,277.22746866387496,28.720373842359383,1060,480.4324324324325,698.5945945945946
pos25,Opening,6.583333333333333,268.4426122902732,23.55007766599626,640,480.5,697.98
pos25,Opening,6.666666666666666,273.0875114090674,28.3750865182864,1079,480.3684210526315,697.0277777777778
pos25,Opening,6.75,272.4791607904529,28.133601864500125,1139,480.5090909090909,697.7254901960785
pos25,Opening,6.833333333333333,271.57919084825926,27.81533888801612,1138,480.3225806451613,698.0
pos25,Opening,6.916666666666666,263.59970138590836,20.90977745172404,666,480.4,697.8214285714286
pos25,Opening,7.0,270.6972515854954,28.833174992368274,1029,480.4418604651163,697.6538461538462
pos25,Opening,7.083333333333333,269.0323593270826,28.89627822433884,1031,480.54545454545456,697.6034482758621
pos25,Opening,7.166666666666666,268.8233732673937,29.65104651738527,1015,480.4193548387097,697.9354838709677
pos25,Opening,7.25,267.6063594478703,29.01747578386532,990,480.5263157894737,698.0652173913044
pos25,Opening,7.333333333333333,267.62230752952377,28.948225392541477,1089,480.3684210526315,698.5588235294117
pos25,Opening,7.416666666666666,267.099073872869,28.17186355327818,1115,480.52777777777777,697.4461538461538
pos25,Opening,7.5,266.7758289305535,28.78849265270233,1062,480.4918032786885,698.25
pos25,Opening,7.583333333333333,266.1486899423967,28.13718838365132,1122,480.5,698.0
pos25,Opening,7.666666666666666,266.1584651539428,28.422501689512757,1136,480.34615384615387,697.6428571428571
pos25,Opening,7.75,266.6077945656343,28.480559798012177,1150,480.457627118644,698.5925925925926
pos25,Opening,7.833333333333333,267.04239378764674,28.401770571651248,1144,480.3225806451613,698.0
pos25,Opening,7.916666666666666,265.50954150898656,28.616194380753193,1137,480.54651162790697,697.65625
pos25,Opening,8.0,265.38968887124037,29.468625519401044,1064,480.3207547169811,698.28
pos25,Opening,8.083333333333332,263.1031483496125,29.912050158162568,982,480.34375,697.695652173913
pos25,Opening,8.166666666666666,258.9324365665046,28.017635039288837,812,480.34375,697.1538461538462
pos25,Opening,8.25,254.43308121930994,22.810553858294476,591,480.5,696.9577464788732
pos25,Opening,8.333333333333332,254.75140286627058,23.771833087441955,702,480.375,697.375
pos25,Opening,8.416666666666666,259.4642016452817,28.46914752486674,964,480.35849056603774,698.047619047619
pos25,Opening,8.5,258.8195665035307,27.586900812932512,1064,480.38709677419354,697.8666666666667
pos25,Opening,8.583333333333332,258.83099514544796,28.23416332949154,993,480.6885245901639,697.7777777777778
pos25,Opening,8.666666666666666,258.6494764306872,27.900393581583224,1019,480.3142857142857,698.1041666666666
pos25,Opening,8.75,257.60454290547773,27.391966680706666,985,480.53125,698.0
pos25,Opening,8.833333333333332,258.0103638905797,28.16741340872124,938,480.4166666666667,697.7321428571429
pos25,Opening,8.916666666666666,256.42076396531314,27.00663247227668,825,480.7,696.5
pos25,Opening,9.0,256.50463725093897,27.25991470923597,1088,480.5,698.3793103448276
pos25,Opening,9.083333333333332,256.96725632360705,26.989176352206396,1074,480.3392857142857,697.8775510204082
pos25,Opening,9.166666666666666,256.77889981648076,26.438075443651115,1037,480.4578313253012,698.3225806451613
pos25,Opening,9.25,256.4771029970269,26.035764217694492,1050,480.8571428571428,698.1363636363636
pos25,Opening,9.333333333333332,255.47573186208757,26.314400914190685,1043,481.05405405405406,697.6052631578947
pos25,Opening,9.416666666666666,253.86391780835172,25.677777992340552,737,480.625,697.1891891891892
pos25,Opening,9.5,254.70806143926237,26.179491026532194,1019,480.4255319148936,697.3965517241379
pos25,Opening,9.583333333333332,247.94511918308208,21.096363151164212,643,480.4736842105263,696.8461538461538
pos25,Opening,9.666666666666666,253.0450890351949,25.32138513661608,874,480.344262295082,696.325
pos25,Opening,9.75,254.5521902797985,26.813862062438805,915,480.5849056603774,698.15
pos25,Opening,9.833333333333332,253.78295571138608,27.3594909620096,995,480.41379310344826,698.5555555555555
pos25,Opening,9.916666666666666,248.76076901108107,21.092471443064394,427,480.7368421052632,696.5
pos25,Opening,10.0,247.50950776822717,18.79944615699749,541,480.7027027027027,696.6969696969697
pos25,Opening,10.083333333333332,249.93295381801184,23.265124554326153,746,480.3243243243243,697.6363636363636
pos25,Opening,10.166666666666666,252.96477760509038,25.938750309268833,976,480.468085106383,697.7631578947369
pos25,Opening,10.25,253.501324932572,26.54760304701059,1029,480.5,698.0
pos25,Opening,10.333333333333332,254.44524556995046,27.18760363820164,931,480.4363636363637,697.9302325581396
pos25,Opening,10.416666666666666,254.95340692611902,26.545406497020508,1092,480.3928571428572,697.6727272727272
pos25,Opening,10.5,253.85188977787416,26.92774073173657,985,480.46067415730334,698.9166666666666
pos25,Opening,10.583333333333332,253.1912214615925,26.301865479218815,1006,480.5593220338983,698.1521739130435
pos25,Opening,10.666666666666666,250.34280026187554,25.086758864173817,887,480.4558823529411,697.4285714285714
pos25,Opening,10.75,249.7777288253236,24.65805564715856,901,480.8360655737705,697.5686274509804
pos25,Opening,10.833333333333332,248.4482132630193,23.52617616716031,852,480.3478260869565,697.2857142857143
pos25,Opening,10.916666666666666,250.5266867587138,25.663573951692943,1051,480.4,697.36
pos25,Opening,11.0,250.02224482106217,24.83871417935665,1047,480.5,698.1333333333333
pos25,Opening,11.083333333333332,250.33296288810268,24.56788015505586,1092,480.74285714285713,698.3103448275862
pos25,Opening,11.166666666666666,248.69919225558985,24.328687620342553,1027,480.4852941176471,697.7142857142857
pos25,Opening,11.25,246.85302499868226,23.800199830846427,769,480.9791666666667,696.9589041095891
pos25,Opening,11.333333333333332,247.93928171622758,25.28304765342702,921,480.4693877551021,696.8684210526316
pos25,Opening,11.416666666666666,248.92036746840307,24.973765811503295,1030,480.4246575342466,697.25
pos25,Opening,11.5,249.29017898235116,24.45162712515917,1108,480.5306122448979,697.4074074074074
pos25,Opening,11.583333333333332,249.30381087417123,24.181197921125882,1109,480.4166666666667,698.4166666666666
pos25,Opening,11.666666666666666,249.5523278569413,24.902306571404644,1095,480.45238095238096,697.7111111111111
pos25,Opening,11.75,250.083698168133,24.97819644646738,1087,480.3684210526315,697.6862745098039
pos25,Opening,11.833333333333332,249.6497704088569,25.552458358184904,1024,480.4642857142857,696.8627450980392
pos25,Opening,11.916666666666666,249.97213014517138,24.960142421178826,1078,480.3962264150944,697.9130434782609
pos25,Opening,12.0,249.74186433987757,25.575573655492075,1057,480.34375,697.9130434782609
pos25,Opening,12.083333333333332,250.5385768543362,26.256902450594236,1045,480.6779661016949,698.4
pos25,Opening,12.166666666666666,249.4567052742656,25.970719147322765,1059,480.6363636363636,698.92
pos25,Opening,12.25,249.8921220228497,24.343083796842063,1035,480.6666666666667,698.6052631578947
pos25,Opening,12.333333333333332,247.84752150541902,25.253714389196034,1042,480.63529411764705,697.88
pos25,Opening,12.416666666666666,247.22137244922055,23.58335247830907,1068,480.4146341463415,697.7826086956521
pos25,Opening,12.5,247.05645816366703,24.095380472047946,974,480.6296296296296,697.542372881356
pos25,Opening,12.583333333333332,247.157672388281,24.974469793388547,1048,480.9591836734694,697.3684210526316
pos25,Opening,12.666666666666666,246.71057769154717,24.478526949649186,1046,480.5,697.421052631579
pos25,Opening,12.75,246.58639973044427,23.874691521110588,980,481.1014492753623,697.542372881356
pos25,Opening,12.833333333333332,243.15619153662686,22.04936116917504,679,480.61290322580646,696.8904109589041
pos25,Opening,12.916666666666666,246.86951165705946,24.647489979809247,1063,480.7027027027027,697.2333333333333
pos25,Opening,13.0,247.09742478871365,24.394267730053166,988,480.531914893617,698.078947368421
pos25,Opening,13.083333333333332,244.21298484797583,21.093617136561118,689,480.30882352941177,697.109375
pos25,Opening,13.166666666666666,246.99259230880585,24.336530287924177,948,480.5,697.1875
pos25,Opening,13.25,247.61430341824536,24.03070765377096,949,480.6333333333333,697.5
pos25,Opening,13.333333333333332,245.27811755880492,25.3740240697509,676,480.34375,697.0714285714286
pos25,Opening,13.416666666666666,247.53487074833424,24.76603846422618,938,480.33898305084745,697.5
pos25,Opening,13.5,244.98081299190133,23.628960698535394,819,480.4375,698.0
pos25,Opening,13.583333333333332,245.49593465425556,23.345159931263794,854,480.78125,697.2745098039215
pos25,Opening,13.666666666666666,246.56737994132098,24.38744639263184,967,481.0519480519481,697.1803278688525
pos25,Opening,13.75,246.87847112819006,25.033631523578368,956,480.6666666666667,697.0392156862745
pos25,Opening,13.833333333333332,246.61456842909095,24.066885718773225,949,480.3709677419355,697.542372881356
pos25,Opening,13.916666666666666,246.8869892840192,24.27412148945749,981,480.6382978723405,697.9387755102041
pos25,Opening,14.0,242.34816266621257,22.26320756951504,511,480.457627118644,696.8441558441558
pos25,Opening,14.083333333333332,244.76956612262538,23.350811723334154,1046,480.6216216216216,697.5
pos25,Opening,14.166666666666666,244.82188885779638,23.436306767570755,1048,480.48571428571427,697.4242424242424
pos25,Opening,14.25,243.19745661182097,23.043532233869016,970,480.40625,697.3793103448276
pos25,Opening,14.333333333333332,243.10309068435473,22.315465001956092,1026,480.4,697.1509433962265
pos25,Opening,14.416666666666666,243.50588223209607,22.222153997030478,1054,480.7321428571428,698.1428571428571
pos25,Opening,14.5,243.95998491197386,23.682637073100754,914,480.494623655914,698.4193548387096
pos25,Opening,14.583333333333332,244.27996939926476,23.010185062975726,1002,480.5161290322581,697.936170212766
pos25,Opening,14.666666666666666,243.3083942254266,22.2728264868771,876,480.7816091954023,697.375
pos25,Opening,14.75,242.18083517479914,22.089345257904753,849,480.32142857142856,697.811320754717
pos25,Opening,14.833333333333332,244.24829663326616,23.359012134647905,904,480.32142857142856,697.0281690140845
pos25,Opening,14.916666666666666,245.09729352916634,24.06900318760754,1057,480.52777777777777,698.047619047619
pos25,Opening,15.0,245.04295306732348,23.189801516751825,958,480.6666666666667,697.0338983050848
pos25,Opening,15.083333333333332,241.2391370122076,20.997479103756014,813,480.79245283018867,696.6666666666666
pos25,Opening,15.166666666666666,241.9762740754992,21.745538007159528,551,480.5593220338983,697.5135135135135
pos25,Opening,15.25,240.1318628981237,20.622798186388724,644,480.35483870967744,697.0615384615385
pos25,Opening,15.333333333333332,239.9408295300659,20.07412723218803,602,480.86206896551727,697.421875
pos25,Opening,15.416666666666666,238.44745755339014,19.420277013375387,555,480.94736842105266,697.7142857142857
pos25,Opening,15.5,241.21805357238185,21.154689481575453,806,480.70454545454544,697.5
pos25,Opening,15.583333333333332,242.8089505727963,23.101652707115914,895,480.3333333333333,696.7692307692307
pos25,Opening,15.666666666666666,242.67421753664132,22.938284906849816,1045,480.5762711864407,697.1219512195122
pos25,Opening,15.75,240.36344940379695,21.423805418934116,888,480.3888888888889,696.7321428571429
pos25,Opening,15.833333333333332,242.7937912748331,23.864208049348527,1019,480.64150943396226,697.4754098360655
pos25,Opening,15.916666666666666,239.6305653563472,22.751694593225285,762,480.5,697.7222222222222
pos25,Opening,16.0,238.9261536362878,21.85770743852159,718,481.1470588235294,697.0943396226415
pos25,Opening,16.083333333333332,241.1285670138111,23.154098429716363,958,480.35087719298247,697.2571428571429
pos25,Opening,16.166666666666664,238.09155135723174,19.184141100271702,680,480.59615384615387,696.28125
pos25,Opening,16.25,240.4548520637531,21.544531325441604,956,480.5531914893617,697.925925925926
pos25,Opening,16.333333333333332,241.46086641617373,22.300125007613023,840,480.59574468085106,697.0985915492957
pos25,Opening,16.416666666666664,240.82522499216319,20.837548491704645,887,480.8333333333333,696.8481012658228
pos25,Opening,16.5,239.63501868518657,19.12090542582364,829,480.8627450980392,697.695652173913
pos25,Opening,16.583333333333332,240.27857251321993,19.66398882853496,798,480.5512820512821,696.9230769230769
pos25,Opening,16.666666666666664,240.40114890056083,19.238064119625438,864,480.8125,696.8311688311688
pos25,Opening,16.75,241.94097488850943,20.49943074681385,972,480.51851851851853,697.4090909090909
pos25,Opening,16.833333333333332,242.23018453601418,20.34287105790185,853,480.5757575757576,696.3015873015873
pos25,Opening,16.916666666666664,242.83465081159073,21.294899521577058,910,480.6363636363636,697.5172413793103
pos25,Opening,17.0,241.77570748055265,20.247622245265497,861,480.48936170212767,696.4
pos25,Opening,17.083333333333332,239.2415451795827,17.512356093594125,771,480.5,698.0
pos25,Opening,17.166666666666664,239.2749610410475,17.576629176791663,726,480.6333333333333,697.1333333333333
pos25,Opening,17.25,242.1986403393985,18.480892872715383,820,480.6984126984127,697.8666666666667
pos25,Opening,17.333333333333332,241.94737038202265,21.298792078293815,866,480.57142857142856,697.0
pos25,Opening,17.416666666666664,240.16319605953572,19.930055526043216,818,480.3898305084746,697.6666666666666
