colony_id,x,y,frame,position,replicate,hours,x_um,y_um,x_bin,y_bin
1,743.1730769230769,109.7596153846154,44,pos0,rep1,3.6666666666666665,48.30625,7.134375000000001,"(45.0, 50.0]","(5.0, 10.0]"
3,207.8125,343.46875,50,pos0,rep1,4.166666666666666,13.5078125,22.325468750000002,"(10.0, 15.0]","(20.0, 25.0]"
12,749.9152542372881,241.4406779661017,58,pos0,rep1,4.833333333333333,48.744491525423726,15.693644067796612,"(45.0, 50.0]","(15.0, 20.0]"
14,608.3103448275862,306.2068965517241,59,pos0,rep1,4.916666666666666,39.5401724137931,19.90344827586207,"(35.0, 40.0]","(15.0, 20.0]"
16,567.6233766233767,133.06493506493507,60,pos0,rep1,5.0,36.89551948051948,8.64922077922078,"(35.0, 40.0]","(5.0, 10.0]"
20,583.8604651162791,95.0,62,pos0,rep1,5.166666666666666,37.95093023255814,6.175,"(35.0, 40.0]","(5.0, 10.0]"
21,435.7518610421836,126.83870967741936,63,pos0,rep1,5.25,28.323870967741932,8.24451612903226,"(25.0, 30.0]","(5.0, 10.0]"
23,577.2631578947369,347.7368421052632,63,pos0,rep1,5.25,37.5221052631579,22.602894736842106,"(35.0, 40.0]","(20.0, 25.0]"
40,607.1746031746031,311.12698412698415,73,pos0,rep1,6.083333333333333,39.46634920634921,20.22325396825397,"(35.0, 40.0]","(20.0, 25.0]"
50,396.3648068669528,603.8583690987125,79,pos0,rep1,6.583333333333333,25.76371244635193,39.250793991416316,"(25.0, 30.0]","(35.0, 40.0]"
60,109.8456375838926,171.26845637583892,86,pos0,rep1,7.166666666666666,7.139966442953019,11.132449664429531,"(5.0, 10.0]","(10.0, 15.0]"
69,331.96153846153845,413.2355769230769,93,pos0,rep1,7.75,21.5775,26.8603125,"(20.0, 25.0]","(25.0, 30.0]"
82,746.0641025641025,375.0,103,pos0,rep1,8.583333333333332,48.494166666666665,24.375,"(45.0, 50.0]","(20.0, 25.0]"
96,285.7327188940092,441.05069124423966,113,pos0,rep1,9.416666666666666,18.5726267281106,28.66829493087558,"(15.0, 20.0]","(25.0, 30.0]"
105,104.30909090909093,317.43636363636364,43,pos1,rep1,3.583333333333333,6.7800909090909105,20.633363636363637,"(5.0, 10.0]","(20.0, 25.0]"
109,151.70325203252034,183.609756097561,45,pos1,rep1,3.75,9.860711382113822,11.934634146341464,"(5.0, 10.0]","(10.0, 15.0]"
110,126.75392670157068,247.2460732984293,45,pos1,rep1,3.75,8.239005235602095,16.070994764397906,"(5.0, 10.0]","(15.0, 20.0]"
111,207.18571428571428,280.8142857142857,45,pos1,rep1,3.75,13.46707142857143,18.25292857142857,"(10.0, 15.0]","(15.0, 20.0]"
112,36.7536231884058,165.0,46,pos1,rep1,3.833333333333333,2.388985507246377,10.725,"(-0.001, 5.0]","(10.0, 15.0]"
115,36.59375,226.61458333333337,49,pos1,rep1,4.083333333333333,2.3785937500000003,14.729947916666669,"(-0.001, 5.0]","(10.0, 15.0]"
122,305.81060606060606,263.02272727272725,54,pos1,rep1,4.5,19.877689393939395,17.09647727272727,"(15.0, 20.0]","(15.0, 20.0]"
123,453.53333333333336,334.275,54,pos1,rep1,4.5,29.47966666666667,21.727875,"(25.0, 30.0]","(20.0, 25.0]"
127,390.81632653061223,405.0612244897959,57,pos1,rep1,4.75,25.403061224489797,26.328979591836735,"(25.0, 30.0]","(25.0, 30.0]"
155,658.2222222222222,253.77777777777777,65,pos1,rep1,5.416666666666666,42.78444444444444,16.495555555555555,"(40.0, 45.0]","(15.0, 20.0]"
183,470.2857142857143,248.28571428571428,71,pos1,rep1,5.916666666666666,30.568571428571428,16.138571428571428,"(30.0, 35.0]","(15.0, 20.0]"
200,740.451476793249,197.37552742616035,80,pos1,rep1,6.666666666666666,48.12934599156118,12.829409282700423,"(45.0, 50.0]","(10.0, 15.0]"
205,312.94444444444446,265.15277777777777,82,pos1,rep1,6.833333333333333,20.34138888888889,17.234930555555557,"(20.0, 25.0]","(15.0, 20.0]"
212,668.8695652173913,327.7173913043478,86,pos1,rep1,7.166666666666666,43.47652173913043,21.30163043478261,"(40.0, 45.0]","(20.0, 25.0]"
259,31.053333333333335,155.56,43,pos2,rep1,3.583333333333333,2.018466666666667,10.1114,"(-0.001, 5.0]","(10.0, 15.0]"
260,49.05263157894737,249.5,45,pos2,rep1,3.75,3.188421052631579,16.2175,"(-0.001, 5.0]","(15.0, 20.0]"
261,99.34545454545454,271.6909090909091,47,pos2,rep1,3.9166666666666665,6.457454545454546,17.659909090909093,"(5.0, 10.0]","(15.0, 20.0]"
264,229.18571428571428,207.0857142857143,50,pos2,rep1,4.166666666666666,14.89707142857143,13.460571428571429,"(10.0, 15.0]","(10.0, 15.0]"
265,323.96835443037975,106.71518987341771,51,pos2,rep1,4.25,21.057943037974685,6.9364873417721515,"(20.0, 25.0]","(5.0, 10.0]"
266,711.036809815951,144.31901840490798,51,pos2,rep1,4.25,46.21739263803681,9.380736196319019,"(45.0, 50.0]","(5.0, 10.0]"
269,255.6504854368932,453.0922330097088,60,pos2,rep1,5.0,16.61728155339806,29.450995145631076,"(15.0, 20.0]","(25.0, 30.0]"
273,340.8394495412844,408.1559633027523,67,pos2,rep1,5.583333333333333,22.154564220183488,26.5301376146789,"(20.0, 25.0]","(25.0, 30.0]"
305,49.0,451.0,53,pos3,rep1,4.416666666666666,3.185,29.315,"(-0.001, 5.0]","(25.0, 30.0]"
306,78.94594594594595,392.85135135135135,55,pos3,rep1,4.583333333333333,5.131486486486487,25.53533783783784,"(5.0, 10.0]","(25.0, 30.0]"
310,168.85,346.6125,62,pos3,rep1,5.166666666666666,10.97525,22.529812500000002,"(10.0, 15.0]","(20.0, 25.0]"
311,184.1803278688525,217.37704918032787,63,pos3,rep1,5.25,11.971721311475411,14.129508196721313,"(10.0, 15.0]","(10.0, 15.0]"
312,456.0480769230769,342.7019230769231,64,pos3,rep1,5.333333333333333,29.643125,22.275625,"(25.0, 30.0]","(20.0, 25.0]"
321,212.72222222222223,168.72222222222223,89,pos3,rep1,7.416666666666666,13.826944444444445,10.966944444444445,"(10.0, 15.0]","(10.0, 15.0]"
322,496.254691689008,348.7184986595174,89,pos3,rep1,7.416666666666666,32.25655495978552,22.666702412868634,"(30.0, 35.0]","(20.0, 25.0]"
335,77.41071428571429,427.1517857142857,38,pos4,rep1,3.1666666666666665,5.031696428571429,27.764866071428575,"(5.0, 10.0]","(25.0, 30.0]"
336,472.7407407407408,393.4074074074074,40,pos4,rep1,3.333333333333333,30.728148148148154,25.57148148148148,"(30.0, 35.0]","(25.0, 30.0]"
337,741.8529411764706,232.9264705882353,41,pos4,rep1,3.4166666666666665,48.220441176470594,15.140220588235294,"(45.0, 50.0]","(15.0, 20.0]"
338,17.153846153846153,301.87692307692305,41,pos4,rep1,3.4166666666666665,1.115,19.622,"(-0.001, 5.0]","(15.0, 20.0]"
341,510.0754716981132,359.50943396226415,43,pos4,rep1,3.583333333333333,33.15490566037736,23.36811320754717,"(30.0, 35.0]","(20.0, 25.0]"
344,91.40449438202248,242.2247191011236,45,pos4,rep1,3.75,5.941292134831461,15.744606741573035,"(5.0, 10.0]","(15.0, 20.0]"
347,82.74358974358974,348.6923076923077,45,pos4,rep1,3.75,5.378333333333333,22.665,"(5.0, 10.0]","(20.0, 25.0]"
350,195.7846889952153,432.244019138756,45,pos4,rep1,3.75,12.726004784688996,28.095861244019144,"(10.0, 15.0]","(25.0, 30.0]"
355,736.8387096774194,339.8225806451613,47,pos4,rep1,3.9166666666666665,47.89451612903226,22.088467741935485,"(45.0, 50.0]","(20.0, 25.0]"
357,321.56,413.54,47,pos4,rep1,3.9166666666666665,20.901400000000002,26.880100000000002,"(20.0, 25.0]","(25.0, 30.0]"
368,165.85416666666666,337.8541666666667,51,pos4,rep1,4.25,10.780520833333332,21.960520833333334,"(10.0, 15.0]","(20.0, 25.0]"
376,557.4285714285714,204.57142857142856,52,pos4,rep1,4.333333333333333,36.23285714285714,13.297142857142857,"(35.0, 40.0]","(10.0, 15.0]"
378,9.015873015873016,467.6666666666667,52,pos4,rep1,4.333333333333333,0.586031746031746,30.398333333333337,"(-0.001, 5.0]","(30.0, 35.0]"
382,26.54601226993865,242.44171779141104,53,pos4,rep1,4.416666666666666,1.7254907975460123,15.758711656441719,"(-0.001, 5.0]","(15.0, 20.0]"
386,603.1555555555556,340.93333333333334,53,pos4,rep1,4.416666666666666,39.205111111111115,22.160666666666668,"(35.0, 40.0]","(20.0, 25.0]"
387,446.7142857142857,343.1047619047619,53,pos4,rep1,4.416666666666666,29.036428571428573,22.301809523809524,"(25.0, 30.0]","(20.0, 25.0]"
396,26.063636363636363,366.96363636363634,55,pos4,rep1,4.583333333333333,1.6941363636363636,23.852636363636364,"(-0.001, 5.0]","(20.0, 25.0]"
407,699.6938775510204,267.0612244897959,57,pos4,rep1,4.75,45.48010204081633,17.358979591836736,"(45.0, 50.0]","(15.0, 20.0]"
412,213.22222222222223,303.06349206349205,58,pos4,rep1,4.833333333333333,13.859444444444446,19.699126984126984,"(10.0, 15.0]","(15.0, 20.0]"
414,446.3006993006993,287.3286713286713,59,pos4,rep1,4.916666666666666,29.009545454545457,18.676363636363636,"(25.0, 30.0]","(15.0, 20.0]"
415,419.6029411764706,297.94117647058823,59,pos4,rep1,4.916666666666666,27.27419117647059,19.366176470588236,"(25.0, 30.0]","(15.0, 20.0]"
427,607.615763546798,391.1773399014778,61,pos4,rep1,5.083333333333333,39.49502463054187,25.426527093596057,"(35.0, 40.0]","(25.0, 30.0]"
442,679.4807692307693,151.15384615384616,65,pos4,rep1,5.416666666666666,44.166250000000005,9.825000000000001,"(40.0, 45.0]","(5.0, 10.0]"
450,48.02857142857143,165.62857142857143,67,pos4,rep1,5.583333333333333,3.1218571428571433,10.765857142857143,"(-0.001, 5.0]","(10.0, 15.0]"
457,577.4814814814815,310.14814814814815,69,pos4,rep1,5.75,37.5362962962963,20.15962962962963,"(35.0, 40.0]","(20.0, 25.0]"
484,107.35064935064936,143.95454545454547,77,pos4,rep1,6.416666666666666,6.977792207792209,9.357045454545455,"(5.0, 10.0]","(5.0, 10.0]"
530,635.0,301.0,40,pos5,rep1,3.333333333333333,41.275,19.565,"(40.0, 45.0]","(15.0, 20.0]"
531,415.2941176470589,111.3529411764706,41,pos5,rep1,3.4166666666666665,26.99411764705883,7.2379411764705885,"(25.0, 30.0]","(5.0, 10.0]"
536,15.045454545454543,292.9318181818182,48,pos5,rep1,4.0,0.9779545454545453,19.040568181818184,"(-0.001, 5.0]","(15.0, 20.0]"
538,300.35766423357666,317.5985401459854,48,pos5,rep1,4.0,19.523248175182484,20.64390510948905,"(15.0, 20.0]","(20.0, 25.0]"
540,64.16042780748663,233.5133689839572,50,pos5,rep1,4.166666666666666,4.1704278074866306,15.178368983957219,"(-0.001, 5.0]","(15.0, 20.0]"
544,67.46774193548387,265.35483870967744,52,pos5,rep1,4.333333333333333,4.385403225806452,17.248064516129034,"(-0.001, 5.0]","(15.0, 20.0]"
545,125.93023255813954,342.4418604651163,52,pos5,rep1,4.333333333333333,8.18546511627907,22.25872093023256,"(5.0, 10.0]","(20.0, 25.0]"
551,165.625,505.20454545454544,54,pos5,rep1,4.5,10.765625,32.83829545454545,"(10.0, 15.0]","(30.0, 35.0]"
562,115.02564102564102,267.5897435897436,60,pos5,rep1,5.0,7.476666666666667,17.393333333333334,"(5.0, 10.0]","(15.0, 20.0]"
563,695.5686274509804,319.98039215686276,60,pos5,rep1,5.0,45.21196078431373,20.79872549019608,"(45.0, 50.0]","(20.0, 25.0]"
565,600.5,421.9583333333333,60,pos5,rep1,5.0,39.0325,27.427291666666665,"(35.0, 40.0]","(25.0, 30.0]"
570,192.59574468085103,288.1489361702128,62,pos5,rep1,5.166666666666666,12.518723404255317,18.729680851063833,"(10.0, 15.0]","(15.0, 20.0]"
571,76.4054054054054,382.4864864864865,62,pos5,rep1,5.166666666666666,4.966351351351351,24.861621621621623,"(-0.001, 5.0]","(20.0, 25.0]"
573,726.8867924528302,380.5849056603774,63,pos5,rep1,5.25,47.24764150943396,24.73801886792453,"(45.0, 50.0]","(20.0, 25.0]"
576,25.655172413793103,192.86206896551724,64,pos5,rep1,5.333333333333333,1.6675862068965517,12.536034482758621,"(-0.001, 5.0]","(10.0, 15.0]"
592,290.81,258.62,67,pos5,rep1,5.583333333333333,18.90265,16.8103,"(15.0, 20.0]","(15.0, 20.0]"
596,384.780487804878,379.4878048780488,68,pos5,rep1,5.666666666666666,25.01073170731707,24.666707317073172,"(25.0, 30.0]","(20.0, 25.0]"
607,268.39285714285717,241.17857142857144,72,pos5,rep1,6.0,17.445535714285718,15.676607142857144,"(15.0, 20.0]","(15.0, 20.0]"
642,732.448275862069,264.5287356321839,96,pos5,rep1,8.0,47.60913793103448,17.194367816091955,"(45.0, 50.0]","(15.0, 20.0]"
661,672.5428571428571,205.0857142857143,103,pos5,rep1,8.583333333333332,43.71528571428571,13.33057142857143,"(40.0, 45.0]","(10.0, 15.0]"
664,725.0408163265306,231.57142857142856,104,pos5,rep1,8.666666666666666,47.12765306122449,15.052142857142856,"(45.0, 50.0]","(15.0, 20.0]"
667,308.8333333333333,321.6111111111111,105,pos5,rep1,8.75,20.074166666666667,20.904722222222222,"(20.0, 25.0]","(20.0, 25.0]"
690,729.3870967741935,279.0,39,pos6,rep1,3.25,47.410161290322584,18.135,"(45.0, 50.0]","(15.0, 20.0]"
692,740.2112676056338,311.6619718309859,40,pos6,rep1,3.333333333333333,48.113732394366195,20.258028169014086,"(45.0, 50.0]","(20.0, 25.0]"
693,223.04545454545453,383.9318181818182,42,pos6,rep1,3.5,14.497954545454546,24.955568181818183,"(10.0, 15.0]","(20.0, 25.0]"
697,53.15555555555556,394.93333333333334,44,pos6,rep1,3.6666666666666665,3.4551111111111115,25.67066666666667,"(-0.001, 5.0]","(25.0, 30.0]"
699,250.32894736842104,455.85526315789474,44,pos6,rep1,3.6666666666666665,16.27138157894737,29.63059210526316,"(15.0, 20.0]","(25.0, 30.0]"
700,741.3703703703703,251.679012345679,45,pos6,rep1,3.75,48.18907407407407,16.359135802469137,"(45.0, 50.0]","(15.0, 20.0]"
701,453.3758389261745,380.2281879194631,45,pos6,rep1,3.75,29.469429530201342,24.714832214765103,"(25.0, 30.0]","(20.0, 25.0]"
703,550.3162393162393,420.84615384615387,45,pos6,rep1,3.75,35.77055555555555,27.355000000000004,"(35.0, 40.0]","(25.0, 30.0]"
704,640.7096774193549,288.7096774193548,48,pos6,rep1,4.0,41.64612903225807,18.766129032258064,"(40.0, 45.0]","(15.0, 20.0]"
707,610.1538461538462,208.21153846153845,50,pos6,rep1,4.166666666666666,39.660000000000004,13.53375,"(35.0, 40.0]","(10.0, 15.0]"
709,462.42391304347825,383.39130434782606,50,pos6,rep1,4.166666666666666,30.057554347826088,24.920434782608694,"(30.0, 35.0]","(20.0, 25.0]"
722,281.08088235294116,531.4558823529412,51,pos6,rep1,4.25,18.270257352941176,34.54463235294118,"(15.0, 20.0]","(30.0, 35.0]"
723,19.0,239.6216216216216,52,pos6,rep1,4.333333333333333,1.235,15.575405405405405,"(-0.001, 5.0]","(15.0, 20.0]"
724,86.89208633093526,298.76258992805754,52,pos6,rep1,4.333333333333333,5.647985611510792,19.41956834532374,"(5.0, 10.0]","(15.0, 20.0]"
725,333.04285714285714,340.2214285714286,52,pos6,rep1,4.333333333333333,21.647785714285714,22.11439285714286,"(20.0, 25.0]","(20.0, 25.0]"
729,216.4969939879759,85.04609218436873,53,pos6,rep1,4.416666666666666,14.072304609218435,5.527995991983968,"(10.0, 15.0]","(5.0, 10.0]"
730,217.55102040816325,279.3265306122449,53,pos6,rep1,4.416666666666666,14.140816326530611,18.156224489795918,"(10.0, 15.0]","(15.0, 20.0]"
731,23.326923076923077,312.2019230769231,53,pos6,rep1,4.416666666666666,1.51625,20.293125000000003,"(-0.001, 5.0]","(20.0, 25.0]"
732,56.421052631578945,335.3333333333333,53,pos6,rep1,4.416666666666666,3.6673684210526316,21.796666666666667,"(-0.001, 5.0]","(20.0, 25.0]"
737,41.504621072088725,116.75415896487984,54,pos6,rep1,4.5,2.6978003696857673,7.5890203327171895,"(-0.001, 5.0]","(5.0, 10.0]"
738,143.72413793103448,293.7241379310345,54,pos6,rep1,4.5,9.34206896551724,19.092068965517242,"(5.0, 10.0]","(15.0, 20.0]"
743,205.11627906976744,378.8837209302326,55,pos6,rep1,4.583333333333333,13.332558139534884,24.62744186046512,"(10.0, 15.0]","(20.0, 25.0]"
747,409.1910828025478,315.9299363057325,57,pos6,rep1,4.75,26.597420382165605,20.535445859872613,"(25.0, 30.0]","(20.0, 25.0]"
756,507.6666666666667,453.72549019607845,58,pos6,rep1,4.833333333333333,32.998333333333335,29.4921568627451,"(30.0, 35.0]","(25.0, 30.0]"
766,530.3018867924528,349.08490566037733,60,pos6,rep1,5.0,34.46962264150943,22.690518867924528,"(30.0, 35.0]","(20.0, 25.0]"
780,222.05384615384617,360.9,62,pos6,rep1,5.166666666666666,14.4335,23.4585,"(10.0, 15.0]","(20.0, 25.0]"
786,492.0833333333333,291.52777777777777,63,pos6,rep1,5.25,31.985416666666666,18.949305555555554,"(30.0, 35.0]","(15.0, 20.0]"
789,199.74603174603175,422.6984126984127,63,pos6,rep1,5.25,12.983492063492063,27.475396825396828,"(10.0, 15.0]","(25.0, 30.0]"
793,743.6875,134.95,64,pos6,rep1,5.333333333333333,48.339687500000004,8.771749999999999,"(45.0, 50.0]","(5.0, 10.0]"
800,68.66666666666667,218.94736842105263,65,pos6,rep1,5.416666666666666,4.463333333333334,14.23157894736842,"(-0.001, 5.0]","(10.0, 15.0]"
805,712.6190476190476,166.1904761904762,66,pos6,rep1,5.5,46.320238095238096,10.802380952380954,"(45.0, 50.0]","(10.0, 15.0]"
822,608.9777777777778,120.13333333333334,69,pos6,rep1,5.75,39.583555555555556,7.808666666666667,"(35.0, 40.0]","(5.0, 10.0]"
831,401.6117647058824,185.05882352941177,70,pos6,rep1,5.833333333333333,26.10476470588236,12.028823529411765,"(25.0, 30.0]","(10.0, 15.0]"
832,422.72549019607845,244.19607843137257,70,pos6,rep1,5.833333333333333,27.4771568627451,15.872745098039218,"(25.0, 30.0]","(15.0, 20.0]"
843,720.0869565217391,162.33333333333334,72,pos6,rep1,6.0,46.805652173913046,10.551666666666668,"(45.0, 50.0]","(10.0, 15.0]"
844,680.1273885350319,180.21019108280257,72,pos6,rep1,6.0,44.20828025477707,11.713662420382168,"(40.0, 45.0]","(10.0, 15.0]"
881,594.3409090909091,156.97727272727272,78,pos6,rep1,6.5,38.63215909090909,10.203522727272727,"(35.0, 40.0]","(10.0, 15.0]"
892,539.7021276595744,56.8936170212766,80,pos6,rep1,6.666666666666666,35.08063829787234,3.698085106382979,"(35.0, 40.0]","(-0.001, 5.0]"
893,518.2990196078431,264.9656862745098,80,pos6,rep1,6.666666666666666,33.6894362745098,17.222769607843137,"(30.0, 35.0]","(15.0, 20.0]"
922,412.0935251798561,413.2805755395683,94,pos6,rep1,7.833333333333333,26.78607913669065,26.86323741007194,"(25.0, 30.0]","(25.0, 30.0]"
938,11.590909090909092,432.57954545454544,103,pos6,rep1,8.583333333333332,0.753409090909091,28.117670454545454,"(-0.001, 5.0]","(25.0, 30.0]"
954,426.1304347826087,231.1086956521739,116,pos6,rep1,9.666666666666666,27.698478260869567,15.022065217391305,"(25.0, 30.0]","(15.0, 20.0]"
963,306.93939393939394,234.77272727272728,42,pos7,rep1,3.5,19.951060606060608,15.260227272727274,"(15.0, 20.0]","(15.0, 20.0]"
964,538.0,256.1917808219178,43,pos7,rep1,3.583333333333333,34.97,16.652465753424657,"(30.0, 35.0]","(15.0, 20.0]"
966,4.767857142857143,247.0,49,pos7,rep1,4.083333333333333,0.3099107142857143,16.055,"(-0.001, 5.0]","(15.0, 20.0]"
967,614.9767441860465,264.9767441860465,50,pos7,rep1,4.166666666666666,39.97348837209302,17.223488372093023,"(35.0, 40.0]","(15.0, 20.0]"
971,591.5,377.5,53,pos7,rep1,4.416666666666666,38.4475,24.5375,"(35.0, 40.0]","(20.0, 25.0]"
973,626.9318181818181,434.95454545454544,54,pos7,rep1,4.5,40.75056818181818,28.272045454545456,"(40.0, 45.0]","(25.0, 30.0]"
974,663.375,440.225,55,pos7,rep1,4.583333333333333,43.119375,28.614625000000004,"(40.0, 45.0]","(25.0, 30.0]"
975,30.333333333333332,250.08695652173913,56,pos7,rep1,4.666666666666666,1.9716666666666667,16.255652173913045,"(-0.001, 5.0]","(15.0, 20.0]"
977,598.4285714285714,149.0408163265306,57,pos7,rep1,4.75,38.89785714285715,9.68765306122449,"(35.0, 40.0]","(5.0, 10.0]"
978,691.1285714285714,163.14285714285714,57,pos7,rep1,4.75,44.92335714285714,10.604285714285714,"(40.0, 45.0]","(10.0, 15.0]"
1000,623.5172413793103,411.9827586206897,66,pos7,rep1,5.5,40.52862068965518,26.77887931034483,"(40.0, 45.0]","(25.0, 30.0]"
1005,157.1290322580645,235.48387096774192,68,pos7,rep1,5.666666666666666,10.213387096774193,15.306451612903226,"(10.0, 15.0]","(15.0, 20.0]"
1029,728.9558823529412,311.0,76,pos7,rep1,6.333333333333333,47.382132352941184,20.215,"(45.0, 50.0]","(20.0, 25.0]"
1048,20.74324324324324,104.0,84,pos7,rep1,7.0,1.3483108108108106,6.76,"(-0.001, 5.0]","(5.0, 10.0]"
1051,375.0821917808219,231.0,86,pos7,rep1,7.166666666666666,24.380342465753426,15.015,"(20.0, 25.0]","(15.0, 20.0]"
1064,457.1666666666667,237.78205128205127,93,pos7,rep1,7.75,29.715833333333336,15.455833333333333,"(25.0, 30.0]","(15.0, 20.0]"
1082,16.88235294117647,361.0,40,pos8,rep1,3.333333333333333,1.0973529411764706,23.465,"(-0.001, 5.0]","(20.0, 25.0]"
1083,523.8,416.41,40,pos8,rep1,3.333333333333333,34.047,27.066650000000003,"(30.0, 35.0]","(25.0, 30.0]"
1085,463.2295081967213,330.1311475409836,41,pos8,rep1,3.4166666666666665,30.109918032786886,21.458524590163933,"(30.0, 35.0]","(20.0, 25.0]"
1093,466.44827586206895,392.67241379310343,43,pos8,rep1,3.583333333333333,30.319137931034483,25.523706896551722,"(30.0, 35.0]","(25.0, 30.0]"
1095,654.5,281.0,44,pos8,rep1,3.6666666666666665,42.542500000000004,18.265,"(40.0, 45.0]","(15.0, 20.0]"
1096,63.608695652173914,328.5217391304348,44,pos8,rep1,3.6666666666666665,4.134565217391304,21.353913043478265,"(-0.001, 5.0]","(20.0, 25.0]"
1099,505.457627118644,244.5593220338983,45,pos8,rep1,3.75,32.85474576271186,15.89635593220339,"(30.0, 35.0]","(15.0, 20.0]"
1100,498.0869565217391,268.0,45,pos8,rep1,3.75,32.375652173913046,17.42,"(30.0, 35.0]","(15.0, 20.0]"
1101,122.64444444444445,274.7111111111111,45,pos8,rep1,3.75,7.9718888888888895,17.85622222222222,"(5.0, 10.0]","(15.0, 20.0]"
1105,143.5,433.5,45,pos8,rep1,3.75,9.3275,28.177500000000002,"(5.0, 10.0]","(25.0, 30.0]"
1107,608.9411764705883,269.05882352941177,46,pos8,rep1,3.833333333333333,39.58117647058824,17.488823529411764,"(35.0, 40.0]","(15.0, 20.0]"
1109,488.1571428571429,304.87142857142857,46,pos8,rep1,3.833333333333333,31.73021428571429,19.816642857142856,"(30.0, 35.0]","(15.0, 20.0]"
1120,135.80425531914895,515.5234042553192,47,pos8,rep1,3.9166666666666665,8.827276595744681,33.509021276595746,"(5.0, 10.0]","(30.0, 35.0]"
1121,137.71794871794873,216.28205128205127,48,pos8,rep1,4.0,8.951666666666668,14.058333333333334,"(5.0, 10.0]","(10.0, 15.0]"
1125,30.161290322580644,408.93548387096774,48,pos8,rep1,4.0,1.960483870967742,26.580806451612904,"(-0.001, 5.0]","(25.0, 30.0]"
1129,741.2272727272727,361.6060606060606,49,pos8,rep1,4.083333333333333,48.17977272727273,23.504393939393943,"(45.0, 50.0]","(20.0, 25.0]"
1133,294.741935483871,392.0967741935484,49,pos8,rep1,4.083333333333333,19.158225806451615,25.486290322580647,"(15.0, 20.0]","(25.0, 30.0]"
1134,725.5681818181819,406.0530303030303,49,pos8,rep1,4.083333333333333,47.16193181818182,26.39344696969697,"(45.0, 50.0]","(25.0, 30.0]"
1138,704.4561403508771,353.1929824561403,50,pos8,rep1,4.166666666666666,45.78964912280701,22.95754385964912,"(45.0, 50.0]","(20.0, 25.0]"
1143,195.92,238.98,51,pos8,rep1,4.25,12.7348,15.5337,"(10.0, 15.0]","(15.0, 20.0]"
1151,369.0430107526882,487.23655913978496,51,pos8,rep1,4.25,23.98779569892473,31.670376344086023,"(20.0, 25.0]","(30.0, 35.0]"
1169,418.4329896907216,353.2371134020619,53,pos8,rep1,4.416666666666666,27.198144329896905,22.960412371134023,"(25.0, 30.0]","(20.0, 25.0]"
1172,347.7177914110429,411.44785276073617,53,pos8,rep1,4.416666666666666,22.60165644171779,26.74411042944785,"(20.0, 25.0]","(25.0, 30.0]"
1180,655.6833333333333,211.075,54,pos8,rep1,4.5,42.619416666666666,13.719875,"(40.0, 45.0]","(10.0, 15.0]"
1191,41.75,488.25,54,pos8,rep1,4.5,2.71375,31.736250000000002,"(-0.001, 5.0]","(30.0, 35.0]"
1206,726.6666666666666,214.83333333333337,56,pos8,rep1,4.666666666666666,47.233333333333334,13.964166666666669,"(45.0, 50.0]","(10.0, 15.0]"
1220,679.2978723404256,468.8936170212766,57,pos8,rep1,4.75,44.154361702127666,30.47808510638298,"(40.0, 45.0]","(30.0, 35.0]"
1227,505.84375,218.33333333333337,58,pos8,rep1,4.833333333333333,32.87984375,14.19166666666667,"(30.0, 35.0]","(10.0, 15.0]"
1240,694.3220338983051,228.5084745762712,59,pos8,rep1,4.916666666666666,45.13093220338983,14.853050847457629,"(45.0, 50.0]","(10.0, 15.0]"
1246,4.9787234042553195,528.8723404255319,59,pos8,rep1,4.916666666666666,0.32361702127659575,34.37670212765958,"(-0.001, 5.0]","(30.0, 35.0]"
1271,414.8313253012048,250.25301204819277,63,pos8,rep1,5.25,26.964036144578312,16.266445783132532,"(25.0, 30.0]","(15.0, 20.0]"
1272,372.5483870967742,344.5806451612903,63,pos8,rep1,5.25,24.215645161290325,22.39774193548387,"(20.0, 25.0]","(20.0, 25.0]"
1291,617.6111111111111,521.1666666666666,67,pos8,rep1,5.583333333333333,40.14472222222222,33.87583333333333,"(40.0, 45.0]","(30.0, 35.0]"
1331,324.2,360.775,83,pos8,rep1,6.916666666666666,21.073,23.450375,"(20.0, 25.0]","(20.0, 25.0]"
1341,311.44444444444446,328.0,87,pos8,rep1,7.25,20.24388888888889,21.32,"(20.0, 25.0]","(20.0, 25.0]"
1388,5.32,219.45333333333335,156,pos8,rep1,13.0,0.34580000000000005,14.264466666666667,"(-0.001, 5.0]","(10.0, 15.0]"
1439,14.011363636363637,156.89772727272728,236,pos8,rep1,19.666666666666664,0.9107386363636364,10.198352272727274,"(-0.001, 5.0]","(10.0, 15.0]"
1441,16.443298969072163,210.88659793814432,237,pos8,rep1,19.75,1.0688144329896907,13.707628865979382,"(-0.001, 5.0]","(10.0, 15.0]"
1476,569.7118644067797,303.66101694915255,37,pos9,rep1,3.083333333333333,37.031271186440684,19.737966101694916,"(35.0, 40.0]","(15.0, 20.0]"
1477,596.9569892473119,5.67741935483871,40,pos9,rep1,3.333333333333333,38.80220430107527,0.36903225806451617,"(35.0, 40.0]","(-0.001, 5.0]"
1479,594.1632653061224,288.8775510204082,43,pos9,rep1,3.583333333333333,38.620612244897956,18.777040816326533,"(35.0, 40.0]","(15.0, 20.0]"
1482,744.542288557214,221.70646766169153,46,pos9,rep1,3.833333333333333,48.39524875621891,14.41092039800995,"(45.0, 50.0]","(10.0, 15.0]"
1483,315.1304347826087,291.7826086956522,46,pos9,rep1,3.833333333333333,20.483478260869564,18.965869565217393,"(20.0, 25.0]","(15.0, 20.0]"
1485,639.2985074626865,259.910447761194,48,pos9,rep1,4.0,41.554402985074624,16.89417910447761,"(40.0, 45.0]","(15.0, 20.0]"
1490,372.5,471.8571428571428,49,pos9,rep1,4.083333333333333,24.212500000000002,30.670714285714283,"(20.0, 25.0]","(30.0, 35.0]"
1493,14.301470588235292,320.5735294117647,50,pos9,rep1,4.166666666666666,0.929595588235294,20.837279411764705,"(-0.001, 5.0]","(20.0, 25.0]"
1498,303.0175438596491,368.859649122807,51,pos9,rep1,4.25,19.69614035087719,23.975877192982455,"(15.0, 20.0]","(20.0, 25.0]"
1503,730.122641509434,285.9056603773585,52,pos9,rep1,4.333333333333333,47.457971698113205,18.583867924528302,"(45.0, 50.0]","(15.0, 20.0]"
1516,106.5483870967742,440.5806451612903,54,pos9,rep1,4.5,6.925645161290324,28.63774193548387,"(5.0, 10.0]","(25.0, 30.0]"
1523,475.0408163265306,301.42857142857144,56,pos9,rep1,4.666666666666666,30.87765306122449,19.592857142857145,"(30.0, 35.0]","(15.0, 20.0]"
1534,451.88,386.28,57,pos9,rep1,4.75,29.3722,25.1082,"(25.0, 30.0]","(25.0, 30.0]"
1546,316.27142857142854,256.34285714285716,59,pos9,rep1,4.916666666666666,20.557642857142856,16.662285714285716,"(20.0, 25.0]","(15.0, 20.0]"
1548,627.265306122449,333.81632653061223,59,pos9,rep1,4.916666666666666,40.77224489795919,21.698061224489795,"(40.0, 45.0]","(20.0, 25.0]"
1549,28.09090909090909,428.8051948051948,59,pos9,rep1,4.916666666666666,1.825909090909091,27.872337662337664,"(-0.001, 5.0]","(25.0, 30.0]"
1556,214.95378151260505,426.983193277311,60,pos9,rep1,5.0,13.971995798319329,27.753907563025216,"(10.0, 15.0]","(25.0, 30.0]"
1559,243.36065573770492,266.327868852459,61,pos9,rep1,5.083333333333333,15.81844262295082,17.311311475409838,"(15.0, 20.0]","(15.0, 20.0]"
1567,254.8695652173913,244.69565217391303,62,pos9,rep1,5.166666666666666,16.566521739130437,15.905217391304348,"(15.0, 20.0]","(15.0, 20.0]"
1573,198.56666666666663,156.16666666666666,63,pos9,rep1,5.25,12.906833333333331,10.150833333333333,"(10.0, 15.0]","(10.0, 15.0]"
1581,24.724137931034484,143.3793103448276,64,pos9,rep1,5.333333333333333,1.6070689655172414,9.319655172413793,"(-0.001, 5.0]","(5.0, 10.0]"
1593,212.92307692307693,196.51923076923077,66,pos9,rep1,5.5,13.840000000000002,12.773750000000001,"(10.0, 15.0]","(10.0, 15.0]"
1601,650.8039215686274,227.54901960784315,67,pos9,rep1,5.583333333333333,42.30225490196078,14.790686274509806,"(40.0, 45.0]","(10.0, 15.0]"
1602,116.5,235.5,67,pos9,rep1,5.583333333333333,7.572500000000001,15.307500000000001,"(5.0, 10.0]","(15.0, 20.0]"
1637,386.56906077348066,594.4530386740331,70,pos9,rep1,5.833333333333333,25.126988950276242,38.63944751381215,"(25.0, 30.0]","(35.0, 40.0]"
1639,308.8536585365854,163.14634146341464,71,pos9,rep1,5.916666666666666,20.07548780487805,10.604512195121952,"(20.0, 25.0]","(10.0, 15.0]"
1655,242.3695652173913,454.0434782608696,73,pos9,rep1,6.083333333333333,15.754021739130437,29.512826086956526,"(15.0, 20.0]","(25.0, 30.0]"
1660,277.7972972972973,463.2432432432432,74,pos9,rep1,6.166666666666666,18.056824324324324,30.11081081081081,"(15.0, 20.0]","(30.0, 35.0]"
1696,194.16990291262135,109.23300970873788,85,pos9,rep1,7.083333333333333,12.621043689320388,7.100145631067963,"(10.0, 15.0]","(5.0, 10.0]"
1719,721.4516129032259,166.70967741935485,92,pos9,rep1,7.666666666666666,46.89435483870968,10.836129032258066,"(45.0, 50.0]","(10.0, 15.0]"
1726,339.5,645.0,93,pos9,rep1,7.75,22.0675,41.925000000000004,"(20.0, 25.0]","(40.0, 45.0]"
1730,23.93846153846154,267.3538461538462,95,pos9,rep1,7.916666666666666,1.556,17.378000000000004,"(-0.001, 5.0]","(15.0, 20.0]"
11,705.5135135135135,467.5135135135135,21,pos18,rep2,1.75,45.85837837837838,30.388378378378377,"(45.0, 50.0]","(30.0, 35.0]"
15,733.9358974358975,306.0,23,pos18,rep2,1.9166666666666665,47.70583333333334,19.89,"(45.0, 50.0]","(15.0, 20.0]"
32,744.5945945945946,411.5,25,pos18,rep2,2.083333333333333,48.39864864864865,26.747500000000002,"(45.0, 50.0]","(25.0, 30.0]"
41,706.8235294117648,239.23529411764707,26,pos18,rep2,2.1666666666666665,45.94352941176471,15.550294117647061,"(45.0, 50.0]","(15.0, 20.0]"
43,671.1904761904761,390.0634920634921,26,pos18,rep2,2.1666666666666665,43.62738095238095,25.35412698412699,"(40.0, 45.0]","(25.0, 30.0]"
84,17.622222222222224,307.64444444444445,31,pos18,rep2,2.583333333333333,1.1454444444444445,19.99688888888889,"(-0.001, 5.0]","(15.0, 20.0]"
88,70.08035714285714,470.25,31,pos18,rep2,2.583333333333333,4.555223214285714,30.56625,"(-0.001, 5.0]","(30.0, 35.0]"
111,616.3913043478261,230.4782608695652,33,pos18,rep2,2.75,40.0654347826087,14.981086956521738,"(40.0, 45.0]","(10.0, 15.0]"
135,448.1136363636364,409.5,35,pos18,rep2,2.9166666666666665,29.127386363636365,26.6175,"(25.0, 30.0]","(25.0, 30.0]"
146,15.276470588235297,151.18235294117648,36,pos18,rep2,3.0,0.9929705882352943,9.82685294117647,"(-0.001, 5.0]","(5.0, 10.0]"
147,591.2222222222222,191.06349206349208,36,pos18,rep2,3.0,38.42944444444444,12.419126984126985,"(35.0, 40.0]","(10.0, 15.0]"
192,364.5681818181818,113.29545454545456,39,pos18,rep2,3.25,23.69693181818182,7.364204545454546,"(20.0, 25.0]","(5.0, 10.0]"
216,496.77906976744185,294.63953488372096,40,pos18,rep2,3.333333333333333,32.290639534883724,19.151569767441863,"(30.0, 35.0]","(15.0, 20.0]"
229,442.0,588.0,40,pos18,rep2,3.333333333333333,28.73,38.22,"(25.0, 30.0]","(35.0, 40.0]"
234,221.08955223880596,184.91044776119404,41,pos18,rep2,3.4166666666666665,14.370820895522389,12.019179104477614,"(10.0, 15.0]","(10.0, 15.0]"
245,152.11627906976744,186.88372093023256,42,pos18,rep2,3.5,9.887558139534883,12.147441860465117,"(5.0, 10.0]","(10.0, 15.0]"
246,100.54054054054056,211.0810810810811,42,pos18,rep2,3.5,6.535135135135136,13.720270270270271,"(5.0, 10.0]","(10.0, 15.0]"
273,684.6176470588235,371.3235294117647,43,pos18,rep2,3.583333333333333,44.50014705882353,24.136029411764707,"(40.0, 45.0]","(20.0, 25.0]"
284,437.08,164.5,44,pos18,rep2,3.6666666666666665,28.4102,10.6925,"(25.0, 30.0]","(10.0, 15.0]"
293,336.1111111111111,477.52222222222224,44,pos18,rep2,3.6666666666666665,21.84722222222222,31.038944444444446,"(20.0, 25.0]","(30.0, 35.0]"
321,414.0071942446043,380.80575539568343,46,pos18,rep2,3.833333333333333,26.91046762589928,24.752374100719425,"(25.0, 30.0]","(20.0, 25.0]"
368,60.65384615384615,264.84615384615387,50,pos18,rep2,4.166666666666666,3.9425,17.215000000000003,"(-0.001, 5.0]","(15.0, 20.0]"
381,112.72222222222224,154.98611111111111,51,pos18,rep2,4.25,7.326944444444446,10.074097222222223,"(5.0, 10.0]","(10.0, 15.0]"
382,459.55445544554453,234.72277227722773,51,pos18,rep2,4.25,29.871039603960394,15.256980198019804,"(25.0, 30.0]","(15.0, 20.0]"
417,388.1363636363636,313.93939393939394,54,pos18,rep2,4.5,25.228863636363638,20.406060606060606,"(25.0, 30.0]","(20.0, 25.0]"
484,176.82608695652175,289.46086956521737,60,pos18,rep2,5.0,11.493695652173914,18.81495652173913,"(10.0, 15.0]","(15.0, 20.0]"
565,404.6832298136646,319.5776397515528,72,pos18,rep2,6.0,26.3044099378882,20.772546583850932,"(25.0, 30.0]","(20.0, 25.0]"
572,346.6756756756757,352.0,73,pos18,rep2,6.083333333333333,22.53391891891892,22.880000000000003,"(20.0, 25.0]","(20.0, 25.0]"
578,216.0193548387097,134.3483870967742,75,pos18,rep2,6.25,14.04125806451613,8.732645161290323,"(10.0, 15.0]","(5.0, 10.0]"
695,624.1923076923077,157.80769230769232,172,pos18,rep2,14.333333333333332,40.572500000000005,10.257500000000002,"(40.0, 45.0]","(10.0, 15.0]"
711,739.3404255319149,194.0,19,pos19,rep2,1.5833333333333333,48.05712765957447,12.610000000000001,"(45.0, 50.0]","(10.0, 15.0]"
714,710.3582089552239,268.47014925373134,22,pos19,rep2,1.8333333333333333,46.17328358208955,17.450559701492537,"(45.0, 50.0]","(15.0, 20.0]"
715,9.0,186.9268292682927,23,pos19,rep2,1.9166666666666665,0.585,12.150243902439026,"(-0.001, 5.0]","(10.0, 15.0]"
716,8.065573770491802,232.95081967213116,23,pos19,rep2,1.9166666666666665,0.5242622950819672,15.141803278688526,"(-0.001, 5.0]","(15.0, 20.0]"
717,661.0714285714286,306.9744897959184,23,pos19,rep2,1.9166666666666665,42.96964285714286,19.953341836734694,"(40.0, 45.0]","(15.0, 20.0]"
719,9.933333333333334,284.73333333333335,24,pos19,rep2,2.0,0.6456666666666667,18.50766666666667,"(-0.001, 5.0]","(15.0, 20.0]"
720,10.306122448979592,373.9387755102041,24,pos19,rep2,2.0,0.6698979591836735,24.306020408163267,"(-0.001, 5.0]","(20.0, 25.0]"
733,688.0408163265306,209.28571428571428,29,pos19,rep2,2.4166666666666665,44.72265306122449,13.603571428571428,"(40.0, 45.0]","(10.0, 15.0]"
734,211.27142857142857,292.0571428571429,29,pos19,rep2,2.4166666666666665,13.732642857142858,18.98371428571429,"(10.0, 15.0]","(15.0, 20.0]"
740,84.325,254.7875,31,pos19,rep2,2.583333333333333,5.4811250000000005,16.5611875,"(5.0, 10.0]","(15.0, 20.0]"
742,36.19607843137255,393.27450980392155,31,pos19,rep2,2.583333333333333,2.352745098039216,25.5628431372549,"(-0.001, 5.0]","(25.0, 30.0]"
747,712.2903225806451,169.59677419354838,32,pos19,rep2,2.6666666666666665,46.298870967741934,11.023790322580645,"(45.0, 50.0]","(10.0, 15.0]"
762,532.7755102040817,442.16326530612247,33,pos19,rep2,2.75,34.63040816326531,28.74061224489796,"(30.0, 35.0]","(25.0, 30.0]"
796,529.1712328767123,382.36986301369865,36,pos19,rep2,3.0,34.3961301369863,24.854041095890413,"(30.0, 35.0]","(20.0, 25.0]"
802,557.3414634146342,202.1829268292683,37,pos19,rep2,3.083333333333333,36.227195121951226,13.14189024390244,"(35.0, 40.0]","(10.0, 15.0]"
819,564.8,185.66666666666663,38,pos19,rep2,3.1666666666666665,36.711999999999996,12.068333333333332,"(35.0, 40.0]","(10.0, 15.0]"
823,157.88311688311688,355.05194805194805,38,pos19,rep2,3.1666666666666665,10.262402597402598,23.078376623376624,"(10.0, 15.0]","(20.0, 25.0]"
833,541.8464285714285,276.4107142857143,39,pos19,rep2,3.25,35.22001785714286,17.966696428571428,"(35.0, 40.0]","(15.0, 20.0]"
847,428.89473684210526,410.69736842105266,40,pos19,rep2,3.333333333333333,27.878157894736844,26.695328947368424,"(25.0, 30.0]","(25.0, 30.0]"
864,103.5897435897436,364.5128205128205,41,pos19,rep2,3.4166666666666665,6.733333333333334,23.69333333333333,"(5.0, 10.0]","(20.0, 25.0]"
871,384.0632911392405,581.0759493670886,41,pos19,rep2,3.4166666666666665,24.964113924050633,37.76993670886076,"(20.0, 25.0]","(35.0, 40.0]"
901,577.5,262.7368421052632,44,pos19,rep2,3.6666666666666665,37.5375,17.077894736842108,"(35.0, 40.0]","(15.0, 20.0]"
902,604.2261904761905,270.7857142857143,44,pos19,rep2,3.6666666666666665,39.274702380952384,17.60107142857143,"(35.0, 40.0]","(15.0, 20.0]"
918,609.1908396946565,220.59541984732823,45,pos19,rep2,3.75,39.59740458015267,14.338702290076336,"(35.0, 40.0]","(10.0, 15.0]"
929,217.8196721311475,286.42622950819674,46,pos19,rep2,3.833333333333333,14.15827868852459,18.61770491803279,"(10.0, 15.0]","(15.0, 20.0]"
930,281.42857142857144,328.57142857142856,46,pos19,rep2,3.833333333333333,18.292857142857144,21.357142857142858,"(15.0, 20.0]","(20.0, 25.0]"
939,736.1405405405405,525.8810810810811,46,pos19,rep2,3.833333333333333,47.849135135135135,34.18227027027027,"(45.0, 50.0]","(30.0, 35.0]"
986,737.967032967033,381.54945054945057,51,pos19,rep2,4.25,47.96785714285715,24.80071428571429,"(45.0, 50.0]","(20.0, 25.0]"
1015,330.13157894736844,553.0131578947369,55,pos19,rep2,4.583333333333333,21.45855263157895,35.945855263157895,"(20.0, 25.0]","(35.0, 40.0]"
1020,638.8295454545455,187.11363636363637,56,pos19,rep2,4.666666666666666,41.52392045454546,12.162386363636365,"(40.0, 45.0]","(10.0, 15.0]"
1046,411.34615384615387,403.90384615384613,58,pos19,rep2,4.833333333333333,26.7375,26.25375,"(25.0, 30.0]","(25.0, 30.0]"
1072,720.4285714285714,456.8253968253968,60,pos19,rep2,5.0,46.82785714285715,29.693650793650793,"(45.0, 50.0]","(25.0, 30.0]"
1101,334.92907801418437,252.75886524822695,64,pos19,rep2,5.333333333333333,21.770390070921984,16.429326241134753,"(20.0, 25.0]","(15.0, 20.0]"
1143,400.0,365.0,70,pos19,rep2,5.833333333333333,26.0,23.725,"(25.0, 30.0]","(20.0, 25.0]"
1207,227.48936170212767,53.48936170212766,89,pos19,rep2,7.416666666666666,14.786808510638298,3.476808510638298,"(10.0, 15.0]","(-0.001, 5.0]"
1221,440.22857142857146,171.25,95,pos19,rep2,7.916666666666666,28.614857142857147,11.13125,"(25.0, 30.0]","(10.0, 15.0]"
1235,362.4736842105263,245.5065789473684,102,pos19,rep2,8.5,23.56078947368421,15.957927631578947,"(20.0, 25.0]","(15.0, 20.0]"
1300,50.8,161.92,154,pos19,rep2,12.833333333333332,3.302,10.524799999999999,"(-0.001, 5.0]","(10.0, 15.0]"
1315,4.090909090909091,146.5,13,pos20,rep2,1.0833333333333333,0.26590909090909093,9.5225,"(-0.001, 5.0]","(5.0, 10.0]"
1319,129.29268292682926,201.5,22,pos20,rep2,1.8333333333333333,8.404024390243903,13.0975,"(5.0, 10.0]","(10.0, 15.0]"
1349,139.75438596491227,5.535087719298246,30,pos20,rep2,2.5,9.084035087719299,0.359780701754386,"(5.0, 10.0]","(-0.001, 5.0]"
1350,131.64444444444445,46.67777777777778,30,pos20,rep2,2.5,8.556888888888889,3.0340555555555557,"(5.0, 10.0]","(-0.001, 5.0]"
1352,7.591304347826087,286.30434782608694,30,pos20,rep2,2.5,0.49343478260869567,18.609782608695653,"(-0.001, 5.0]","(15.0, 20.0]"
1378,688.1,326.1384615384615,33,pos20,rep2,2.75,44.7265,21.198999999999998,"(40.0, 45.0]","(20.0, 25.0]"
1380,722.9504504504505,436.4009009009009,33,pos20,rep2,2.75,46.991779279279285,28.36605855855856,"(45.0, 50.0]","(25.0, 30.0]"
1385,715.8518518518518,252.5185185185185,34,pos20,rep2,2.833333333333333,46.53037037037037,16.413703703703703,"(45.0, 50.0]","(15.0, 20.0]"
1388,588.0985915492957,388.09859154929575,34,pos20,rep2,2.833333333333333,38.22640845070423,25.226408450704223,"(35.0, 40.0]","(25.0, 30.0]"
1392,316.22222222222223,501.77777777777777,34,pos20,rep2,2.833333333333333,20.554444444444446,32.61555555555556,"(20.0, 25.0]","(30.0, 35.0]"
1398,567.1324324324324,242.35135135135135,35,pos20,rep2,2.9166666666666665,36.86360810810811,15.752837837837838,"(35.0, 40.0]","(15.0, 20.0]"
1404,588.7121212121212,576.2424242424242,35,pos20,rep2,2.9166666666666665,38.266287878787885,37.45575757575758,"(35.0, 40.0]","(35.0, 40.0]"
1407,289.28169014084506,283.61971830985914,36,pos20,rep2,3.0,18.80330985915493,18.435281690140844,"(15.0, 20.0]","(15.0, 20.0]"
1441,70.31927710843374,376.6927710843373,38,pos20,rep2,3.1666666666666665,4.570753012048193,24.485030120481927,"(-0.001, 5.0]","(20.0, 25.0]"
1443,5.514851485148514,407.44554455445547,38,pos20,rep2,3.1666666666666665,0.35846534653465345,26.483960396039606,"(-0.001, 5.0]","(25.0, 30.0]"
1460,629.2428571428571,336.9714285714286,39,pos20,rep2,3.25,40.90078571428572,21.90314285714286,"(40.0, 45.0]","(20.0, 25.0]"
1472,608.8974358974359,314.38461538461536,40,pos20,rep2,3.333333333333333,39.57833333333333,20.435,"(35.0, 40.0]","(20.0, 25.0]"
1474,522.4054054054054,376.4864864864865,40,pos20,rep2,3.333333333333333,33.95635135135135,24.471621621621622,"(30.0, 35.0]","(20.0, 25.0]"
1518,727.9084967320262,531.0653594771242,42,pos20,rep2,3.5,47.3140522875817,34.51924836601307,"(45.0, 50.0]","(30.0, 35.0]"
1609,512.8505747126437,201.2183908045977,47,pos20,rep2,3.9166666666666665,33.33528735632184,13.07919540229885,"(30.0, 35.0]","(10.0, 15.0]"
1610,710.3376623376623,203.94805194805195,47,pos20,rep2,3.9166666666666665,46.17194805194805,13.256623376623377,"(45.0, 50.0]","(10.0, 15.0]"
1617,347.1636363636364,354.58181818181816,47,pos20,rep2,3.9166666666666665,22.565636363636365,23.047818181818183,"(20.0, 25.0]","(20.0, 25.0]"
1625,406.8030303030303,471.45454545454544,47,pos20,rep2,3.9166666666666665,26.442196969696973,30.644545454545455,"(25.0, 30.0]","(30.0, 35.0]"
1638,490.40697674418607,255.11627906976744,48,pos20,rep2,4.0,31.876453488372096,16.582558139534886,"(30.0, 35.0]","(15.0, 20.0]"
1659,676.7285714285714,127.04285714285714,49,pos20,rep2,4.083333333333333,43.98735714285714,8.257785714285715,"(40.0, 45.0]","(5.0, 10.0]"
1702,412.80392156862746,236.86274509803923,51,pos20,rep2,4.25,26.832254901960784,15.39607843137255,"(25.0, 30.0]","(15.0, 20.0]"
1721,415.4821428571428,409.25,52,pos20,rep2,4.333333333333333,27.006339285714283,26.60125,"(25.0, 30.0]","(25.0, 30.0]"
1773,363.0281690140845,209.2112676056338,55,pos20,rep2,4.583333333333333,23.596830985915492,13.598732394366197,"(20.0, 25.0]","(10.0, 15.0]"
1798,495.113924050633,366.54430379746833,57,pos20,rep2,4.75,32.18240506329114,23.82537974683544,"(30.0, 35.0]","(20.0, 25.0]"
1801,471.51851851851853,428.537037037037,57,pos20,rep2,4.75,30.648703703703706,27.854907407407406,"(30.0, 35.0]","(25.0, 30.0]"
1821,547.8541666666666,200.14583333333337,59,pos20,rep2,4.916666666666666,35.61052083333333,13.009479166666669,"(35.0, 40.0]","(10.0, 15.0]"
1840,276.9026548672566,227.78761061946904,60,pos20,rep2,5.0,17.99867256637168,14.806194690265487,"(15.0, 20.0]","(10.0, 15.0]"
1887,651.2307692307693,518.5192307692307,63,pos20,rep2,5.25,42.330000000000005,33.70375,"(40.0, 45.0]","(30.0, 35.0]"
1899,621.5,248.6296296296296,65,pos20,rep2,5.416666666666666,40.3975,16.160925925925923,"(40.0, 45.0]","(15.0, 20.0]"
1932,408.8768115942029,194.45652173913044,69,pos20,rep2,5.75,26.576992753623188,12.63967391304348,"(25.0, 30.0]","(10.0, 15.0]"
2057,8.586666666666666,558.8933333333333,145,pos20,rep2,12.083333333333332,0.5581333333333333,36.328066666666665,"(-0.001, 5.0]","(35.0, 40.0]"
2065,4.564102564102564,609.7179487179487,148,pos20,rep2,12.333333333333332,0.2966666666666667,39.63166666666667,"(-0.001, 5.0]","(35.0, 40.0]"
2078,362.4,403.35,159,pos20,rep2,13.25,23.556,26.217750000000002,"(20.0, 25.0]","(25.0, 30.0]"
2097,12.45054945054945,343.2967032967033,23,pos21,rep2,1.9166666666666665,0.8092857142857143,22.314285714285717,"(-0.001, 5.0]","(20.0, 25.0]"
2104,79.71428571428571,285.42857142857144,26,pos21,rep2,2.1666666666666665,5.1814285714285715,18.552857142857146,"(5.0, 10.0]","(15.0, 20.0]"
2109,688.1571428571428,374.95714285714286,27,pos21,rep2,2.25,44.73021428571429,24.372214285714286,"(40.0, 45.0]","(20.0, 25.0]"
2119,225.14117647058825,349.6,29,pos21,rep2,2.4166666666666665,14.634176470588237,22.724000000000004,"(10.0, 15.0]","(20.0, 25.0]"
2120,711.1276595744681,337.0,30,pos21,rep2,2.5,46.22329787234043,21.905,"(45.0, 50.0]","(20.0, 25.0]"
2124,106.7377049180328,460.8360655737705,30,pos21,rep2,2.5,6.937950819672133,29.954344262295084,"(5.0, 10.0]","(25.0, 30.0]"
2125,732.9824561403509,468.2456140350877,30,pos21,rep2,2.5,47.64385964912281,30.435964912280703,"(45.0, 50.0]","(30.0, 35.0]"
2126,664.8214285714286,551.9285714285714,30,pos21,rep2,2.5,43.21339285714286,35.87535714285715,"(40.0, 45.0]","(35.0, 40.0]"
2181,295.94805194805195,507.1038961038961,35,pos21,rep2,2.9166666666666665,19.236623376623378,32.96175324675325,"(15.0, 20.0]","(30.0, 35.0]"
2185,113.66666666666669,249.6358024691358,36,pos21,rep2,3.0,7.3883333333333345,16.226327160493828,"(5.0, 10.0]","(15.0, 20.0]"
2200,77.72151898734177,588.1518987341772,36,pos21,rep2,3.0,5.0518987341772155,38.229873417721514,"(5.0, 10.0]","(35.0, 40.0]"
2236,699.7755102040817,151.81632653061226,39,pos21,rep2,3.25,45.48540816326531,9.868061224489797,"(45.0, 50.0]","(5.0, 10.0]"
2242,151.42857142857142,442.9591836734694,39,pos21,rep2,3.25,9.842857142857142,28.792346938775513,"(5.0, 10.0]","(25.0, 30.0]"
2266,531.8518518518518,404.51851851851853,40,pos21,rep2,3.333333333333333,34.57037037037037,26.293703703703706,"(30.0, 35.0]","(25.0, 30.0]"
2289,12.193548387096774,95.70967741935485,41,pos21,rep2,3.4166666666666665,0.7925806451612903,6.221129032258065,"(-0.001, 5.0]","(5.0, 10.0]"
2358,59.04545454545455,186.0681818181818,44,pos21,rep2,3.6666666666666665,3.837954545454546,12.094431818181818,"(-0.001, 5.0]","(10.0, 15.0]"
2367,167.79166666666666,502.0,44,pos21,rep2,3.6666666666666665,10.906458333333333,32.63,"(10.0, 15.0]","(30.0, 35.0]"
2379,264.3833333333333,377.45,45,pos21,rep2,3.75,17.184916666666666,24.53425,"(15.0, 20.0]","(20.0, 25.0]"
2387,391.5113636363636,476.0,45,pos21,rep2,3.75,25.448238636363637,30.94,"(25.0, 30.0]","(30.0, 35.0]"
2400,699.9076923076923,156.2153846153846,46,pos21,rep2,3.833333333333333,45.494,10.154,"(45.0, 50.0]","(10.0, 15.0]"
2438,163.1578947368421,361.50877192982455,48,pos21,rep2,4.0,10.605263157894738,23.498070175438595,"(10.0, 15.0]","(20.0, 25.0]"
2476,463.38709677419354,252.0,50,pos21,rep2,4.166666666666666,30.12016129032258,16.38,"(30.0, 35.0]","(15.0, 20.0]"
2482,483.991935483871,408.9758064516129,50,pos21,rep2,4.166666666666666,31.459475806451614,26.58342741935484,"(30.0, 35.0]","(25.0, 30.0]"
2494,13.67741935483871,175.752688172043,51,pos21,rep2,4.25,0.8890322580645161,11.423924731182796,"(-0.001, 5.0]","(10.0, 15.0]"
2524,477.43703703703704,183.0888888888889,53,pos21,rep2,4.416666666666666,31.03340740740741,11.90077777777778,"(30.0, 35.0]","(10.0, 15.0]"
2545,110.3,217.0,54,pos21,rep2,4.5,7.1695,14.105,"(5.0, 10.0]","(10.0, 15.0]"
2596,695.0945945945946,248.82432432432432,57,pos21,rep2,4.75,45.18114864864865,16.173581081081082,"(45.0, 50.0]","(15.0, 20.0]"
2637,94.48809523809524,107.3095238095238,60,pos21,rep2,5.0,6.141726190476191,6.975119047619047,"(5.0, 10.0]","(5.0, 10.0]"
2638,449.2407407407408,139.62962962962962,60,pos21,rep2,5.0,29.200648148148154,9.075925925925926,"(25.0, 30.0]","(5.0, 10.0]"
2639,203.8510638297872,270.06382978723406,60,pos21,rep2,5.0,13.250319148936168,17.554148936170215,"(10.0, 15.0]","(15.0, 20.0]"
2789,49.4,133.9125,80,pos21,rep2,6.666666666666666,3.211,8.7043125,"(-0.001, 5.0]","(5.0, 10.0]"
2835,221.2,275.375,87,pos21,rep2,7.25,14.378,17.899375,"(10.0, 15.0]","(15.0, 20.0]"
2844,144.19354838709677,178.74193548387098,89,pos21,rep2,7.416666666666666,9.37258064516129,11.618225806451614,"(5.0, 10.0]","(10.0, 15.0]"
2853,303.04761904761904,551.9285714285714,92,pos21,rep2,7.666666666666666,19.698095238095238,35.87535714285715,"(15.0, 20.0]","(35.0, 40.0]"
2876,12.604651162790695,563.453488372093,103,pos21,rep2,8.583333333333332,0.8193023255813953,36.62447674418605,"(-0.001, 5.0]","(35.0, 40.0]"
2936,734.0681818181819,225.97727272727272,20,pos22,rep2,1.6666666666666665,47.71443181818182,14.688522727272728,"(45.0, 50.0]","(10.0, 15.0]"
2938,725.925,389.875,21,pos22,rep2,1.75,47.185125,25.341875,"(45.0, 50.0]","(25.0, 30.0]"
2939,645.8529411764706,396.36764705882354,21,pos22,rep2,1.75,41.98044117647059,25.76389705882353,"(40.0, 45.0]","(25.0, 30.0]"
2942,721.7142857142857,301.42857142857144,22,pos22,rep2,1.8333333333333333,46.91142857142857,19.592857142857145,"(45.0, 50.0]","(15.0, 20.0]"
2944,597.4722222222222,317.1666666666667,23,pos22,rep2,1.9166666666666665,38.83569444444444,20.615833333333335,"(35.0, 40.0]","(20.0, 25.0]"
2960,668.6901408450705,222.0,26,pos22,rep2,2.1666666666666665,43.464859154929584,14.43,"(40.0, 45.0]","(10.0, 15.0]"
2967,718.2113821138212,501.7967479674797,26,pos22,rep2,2.1666666666666665,46.68373983739838,32.61678861788618,"(45.0, 50.0]","(30.0, 35.0]"
2968,16.63157894736842,212.33333333333337,27,pos22,rep2,2.25,1.0810526315789475,13.80166666666667,"(-0.001, 5.0]","(10.0, 15.0]"
2978,42.48648648648648,200.0,29,pos22,rep2,2.4166666666666665,2.761621621621621,13.0,"(-0.001, 5.0]","(10.0, 15.0]"
2986,653.7777777777778,482.64814814814815,30,pos22,rep2,2.5,42.49555555555556,31.37212962962963,"(40.0, 45.0]","(30.0, 35.0]"
2987,52.15555555555556,272.8777777777778,31,pos22,rep2,2.583333333333333,3.3901111111111115,17.737055555555557,"(-0.001, 5.0]","(15.0, 20.0]"
3014,543.3243243243244,376.27027027027026,34,pos22,rep2,2.833333333333333,35.31608108108109,24.45756756756757,"(35.0, 40.0]","(20.0, 25.0]"
3036,553.3372093023256,188.22093023255815,36,pos22,rep2,3.0,35.96691860465117,12.23436046511628,"(35.0, 40.0]","(10.0, 15.0]"
3052,138.51724137931035,401.41379310344826,37,pos22,rep2,3.083333333333333,9.003620689655174,26.091896551724137,"(5.0, 10.0]","(25.0, 30.0]"
3093,643.491124260355,158.9112426035503,40,pos22,rep2,3.333333333333333,41.82692307692308,10.32923076923077,"(40.0, 45.0]","(10.0, 15.0]"
3107,572.74,249.08,41,pos22,rep2,3.4166666666666665,37.228100000000005,16.1902,"(35.0, 40.0]","(15.0, 20.0]"
3116,195.2436974789916,367.5630252100841,42,pos22,rep2,3.5,12.690840336134455,23.891596638655468,"(10.0, 15.0]","(20.0, 25.0]"
3125,280.4685714285714,321.06857142857143,43,pos22,rep2,3.583333333333333,18.23045714285714,20.869457142857144,"(15.0, 20.0]","(20.0, 25.0]"
3145,602.2916666666666,162.0,45,pos22,rep2,3.75,39.14895833333333,10.530000000000001,"(35.0, 40.0]","(10.0, 15.0]"
3181,692.0408163265306,163.28571428571428,49,pos22,rep2,4.083333333333333,44.98265306122449,10.613571428571428,"(40.0, 45.0]","(10.0, 15.0]"
3214,653.6037735849056,87.22641509433963,52,pos22,rep2,4.333333333333333,42.484245283018865,5.669716981132076,"(40.0, 45.0]","(5.0, 10.0]"
3220,494.7567567567568,286.9189189189189,52,pos22,rep2,4.333333333333333,32.15918918918919,18.649729729729728,"(30.0, 35.0]","(15.0, 20.0]"
3258,44.94444444444444,107.15277777777776,58,pos22,rep2,4.833333333333333,2.921388888888889,6.964930555555554,"(-0.001, 5.0]","(5.0, 10.0]"
3350,335.0057142857143,226.37714285714284,69,pos22,rep2,5.75,21.77537142857143,14.714514285714285,"(20.0, 25.0]","(10.0, 15.0]"
3356,254.2439024390244,318.0853658536585,70,pos22,rep2,5.833333333333333,16.525853658536587,20.675548780487805,"(15.0, 20.0]","(20.0, 25.0]"
3398,10.3,294.85,77,pos22,rep2,6.416666666666666,0.6695000000000001,19.165250000000004,"(-0.001, 5.0]","(15.0, 20.0]"
3455,376.1333333333333,351.53333333333336,89,pos22,rep2,7.416666666666666,24.448666666666668,22.849666666666668,"(20.0, 25.0]","(20.0, 25.0]"
3489,304.59016393442624,257.327868852459,97,pos22,rep2,8.083333333333332,19.798360655737707,16.726311475409837,"(15.0, 20.0]","(15.0, 20.0]"
3536,284.9389312977099,267.7175572519084,106,pos22,rep2,8.833333333333332,18.521030534351144,17.401641221374046,"(15.0, 20.0]","(15.0, 20.0]"
3585,364.6666666666667,194.55555555555551,120,pos22,rep2,10.0,23.703333333333337,12.646111111111109,"(20.0, 25.0]","(10.0, 15.0]"
3620,252.0,187.44827586206895,132,pos22,rep2,11.0,16.38,12.184137931034483,"(15.0, 20.0]","(10.0, 15.0]"
3631,459.2191780821918,168.17123287671234,139,pos22,rep2,11.583333333333332,29.849246575342466,10.931130136986303,"(25.0, 30.0]","(10.0, 15.0]"
3696,727.0851063829788,137.14893617021278,19,pos23,rep2,1.5833333333333333,47.26053191489362,8.914680851063832,"(45.0, 50.0]","(5.0, 10.0]"
3698,729.1276595744681,317.02127659574467,22,pos23,rep2,1.8333333333333333,47.393297872340426,20.606382978723403,"(45.0, 50.0]","(20.0, 25.0]"
3707,8.092307692307692,171.04615384615386,27,pos23,rep2,2.25,0.526,11.118,"(-0.001, 5.0]","(10.0, 15.0]"
3711,17.5609756097561,233.26829268292684,28,pos23,rep2,2.333333333333333,1.1414634146341465,15.162439024390245,"(-0.001, 5.0]","(15.0, 20.0]"
3713,718.6451612903226,419.5,28,pos23,rep2,2.333333333333333,46.71193548387097,27.267500000000002,"(45.0, 50.0]","(25.0, 30.0]"
3714,711.4181818181818,553.2,28,pos23,rep2,2.333333333333333,46.24218181818182,35.958000000000006,"(45.0, 50.0]","(35.0, 40.0]"
3716,733.875,391.953125,29,pos23,rep2,2.4166666666666665,47.701875,25.476953125,"(45.0, 50.0]","(25.0, 30.0]"
3718,567.0769230769231,173.60256410256412,30,pos23,rep2,2.5,36.86,11.284166666666668,"(35.0, 40.0]","(10.0, 15.0]"
3719,639.4285714285714,449.9142857142857,30,pos23,rep2,2.5,41.56285714285715,29.24442857142857,"(40.0, 45.0]","(25.0, 30.0]"
3730,615.4375,324.67083333333335,33,pos23,rep2,2.75,40.003437500000004,21.103604166666667,"(40.0, 45.0]","(20.0, 25.0]"
3733,721.578947368421,280.1812865497076,34,pos23,rep2,2.833333333333333,46.90263157894737,18.211783625730995,"(45.0, 50.0]","(15.0, 20.0]"
3744,729.463768115942,556.8405797101449,35,pos23,rep2,2.9166666666666665,47.41514492753623,36.19463768115942,"(45.0, 50.0]","(35.0, 40.0]"
3755,152.28481012658227,63.91139240506329,37,pos23,rep2,3.083333333333333,9.898512658227848,4.154240506329114,"(5.0, 10.0]","(-0.001, 5.0]"
3780,630.2892561983471,321.11570247933884,39,pos23,rep2,3.25,40.96880165289256,20.872520661157026,"(40.0, 45.0]","(20.0, 25.0]"
3787,698.0558139534884,236.1627906976744,40,pos23,rep2,3.333333333333333,45.37362790697674,15.350581395348836,"(45.0, 50.0]","(15.0, 20.0]"
3788,528.8846153846154,234.69230769230768,40,pos23,rep2,3.333333333333333,34.3775,15.254999999999999,"(30.0, 35.0]","(15.0, 20.0]"
3811,555.0909090909091,281.90909090909093,42,pos23,rep2,3.5,36.080909090909095,18.324090909090913,"(35.0, 40.0]","(15.0, 20.0]"
3820,401.44,11.59,43,pos23,rep2,3.583333333333333,26.093600000000002,0.75335,"(25.0, 30.0]","(-0.001, 5.0]"
3821,633.64,151.52,43,pos23,rep2,3.583333333333333,41.1866,9.8488,"(40.0, 45.0]","(5.0, 10.0]"
3834,147.58904109589042,431.041095890411,44,pos23,rep2,3.6666666666666665,9.593287671232877,28.017671232876715,"(5.0, 10.0]","(25.0, 30.0]"
3862,584.9155844155844,47.37337662337662,47,pos23,rep2,3.9166666666666665,38.01951298701299,3.0792694805194807,"(35.0, 40.0]","(-0.001, 5.0]"
3874,473.77142857142854,590.8571428571429,47,pos23,rep2,3.9166666666666665,30.795142857142856,38.40571428571429,"(30.0, 35.0]","(35.0, 40.0]"
3907,333.6511627906977,119.55813953488372,51,pos23,rep2,4.25,21.687325581395353,7.771279069767442,"(20.0, 25.0]","(5.0, 10.0]"
3915,497.8955823293173,388.1285140562249,51,pos23,rep2,4.25,32.36321285140563,25.22835341365462,"(30.0, 35.0]","(25.0, 30.0]"
3925,526.890625,20.40625,52,pos23,rep2,4.333333333333333,34.247890625000004,1.32640625,"(30.0, 35.0]","(-0.001, 5.0]"
3930,468.7291666666667,360.9791666666667,52,pos23,rep2,4.333333333333333,30.467395833333335,23.463645833333334,"(30.0, 35.0]","(20.0, 25.0]"
3947,497.9782608695652,349.9130434782609,53,pos23,rep2,4.416666666666666,32.36858695652174,22.74434782608696,"(30.0, 35.0]","(20.0, 25.0]"
3951,539.3098591549295,388.0,53,pos23,rep2,4.416666666666666,35.05514084507042,25.220000000000002,"(35.0, 40.0]","(25.0, 30.0]"
3990,354.1136363636364,352.3636363636364,55,pos23,rep2,4.583333333333333,23.017386363636366,22.903636363636366,"(20.0, 25.0]","(20.0, 25.0]"
4010,10.970149253731345,386.089552238806,56,pos23,rep2,4.666666666666666,0.7130597014925374,25.09582089552239,"(-0.001, 5.0]","(25.0, 30.0]"
4033,167.9099099099099,402.4234234234234,57,pos23,rep2,4.75,10.914144144144144,26.157522522522523,"(10.0, 15.0]","(25.0, 30.0]"
4034,213.92857142857144,412.875,57,pos23,rep2,4.75,13.905357142857145,26.836875,"(10.0, 15.0]","(25.0, 30.0]"
4036,329.2420382165605,527.4585987261147,57,pos23,rep2,4.75,21.400732484076432,34.28480891719746,"(20.0, 25.0]","(30.0, 35.0]"
4046,602.8727272727273,128.85454545454544,58,pos23,rep2,4.833333333333333,39.186727272727275,8.375545454545454,"(35.0, 40.0]","(5.0, 10.0]"
4065,447.252427184466,278.71844660194176,59,pos23,rep2,4.916666666666666,29.07140776699029,18.116699029126217,"(25.0, 30.0]","(15.0, 20.0]"
4093,510.5471698113208,179.24528301886792,61,pos23,rep2,5.083333333333333,33.18556603773585,11.650943396226415,"(30.0, 35.0]","(10.0, 15.0]"
4118,332.07462686567163,447.9253731343284,62,pos23,rep2,5.166666666666666,21.584850746268657,29.11514925373135,"(20.0, 25.0]","(25.0, 30.0]"
4165,397.05405405405406,281.7567567567568,65,pos23,rep2,5.416666666666666,25.808513513513514,18.31418918918919,"(25.0, 30.0]","(15.0, 20.0]"
4209,242.68695652173912,215.09565217391304,67,pos23,rep2,5.583333333333333,15.774652173913044,13.981217391304348,"(15.0, 20.0]","(10.0, 15.0]"
4276,341.0,293.675,71,pos23,rep2,5.916666666666666,22.165,19.088875,"(20.0, 25.0]","(15.0, 20.0]"
4331,462.7745664739885,179.90173410404626,76,pos23,rep2,6.333333333333333,30.080346820809254,11.693612716763006,"(30.0, 35.0]","(10.0, 15.0]"
4432,275.50943396226415,233.9245283018868,86,pos23,rep2,7.166666666666666,17.90811320754717,15.205094339622642,"(15.0, 20.0]","(15.0, 20.0]"
4438,13.448979591836734,16.551020408163264,87,pos23,rep2,7.25,0.8741836734693877,1.0758163265306122,"(-0.001, 5.0]","(-0.001, 5.0]"
4439,302.3150684931507,68.98630136986301,87,pos23,rep2,7.25,19.650479452054796,4.484109589041096,"(15.0, 20.0]","(-0.001, 5.0]"
4491,483.725,140.3875,98,pos23,rep2,8.166666666666666,31.442125000000004,9.1251875,"(30.0, 35.0]","(5.0, 10.0]"
4540,475.9253731343284,145.22388059701493,117,pos23,rep2,9.75,30.93514925373135,9.439552238805971,"(30.0, 35.0]","(5.0, 10.0]"
4604,24.96315789473684,675.9,154,pos23,rep2,12.833333333333332,1.6226052631578947,43.9335,"(-0.001, 5.0]","(40.0, 45.0]"
4624,13.8125,90.0,18,pos24,rep2,1.5,0.8978125,5.8500000000000005,"(-0.001, 5.0]","(5.0, 10.0]"
4629,12.364161849710984,157.20231213872833,25,pos24,rep2,2.083333333333333,0.803670520231214,10.218150289017341,"(-0.001, 5.0]","(10.0, 15.0]"
4630,574.6582278481013,21.11392405063291,26,pos24,rep2,2.1666666666666665,37.352784810126586,1.3724050632911393,"(35.0, 40.0]","(-0.001, 5.0]"
4643,12.39240506329114,188.13924050632912,30,pos24,rep2,2.5,0.8055063291139241,12.229050632911393,"(-0.001, 5.0]","(10.0, 15.0]"
4649,604.5185185185185,114.14814814814817,31,pos24,rep2,2.583333333333333,39.293703703703706,7.419629629629631,"(35.0, 40.0]","(5.0, 10.0]"
4656,503.0420168067227,121.07563025210084,32,pos24,rep2,2.6666666666666665,32.697731092436975,7.8699159663865546,"(30.0, 35.0]","(5.0, 10.0]"
4660,11.020833333333334,316.7916666666667,32,pos24,rep2,2.6666666666666665,0.7163541666666667,20.591458333333335,"(-0.001, 5.0]","(20.0, 25.0]"
4663,624.5294117647059,416.7647058823529,32,pos24,rep2,2.6666666666666665,40.59441176470588,27.08970588235294,"(40.0, 45.0]","(25.0, 30.0]"
4677,642.4984126984127,478.45396825396824,34,pos24,rep2,2.833333333333333,41.76239682539683,31.099507936507937,"(40.0, 45.0]","(30.0, 35.0]"
4715,728.483870967742,300.0967741935484,38,pos24,rep2,3.1666666666666665,47.351451612903226,19.506290322580647,"(45.0, 50.0]","(15.0, 20.0]"
4732,533.9761092150171,522.5426621160409,39,pos24,rep2,3.25,34.708447098976116,33.96527303754266,"(30.0, 35.0]","(30.0, 35.0]"
4737,692.5,75.0,40,pos24,rep2,3.333333333333333,45.0125,4.875,"(45.0, 50.0]","(-0.001, 5.0]"
4741,639.3070175438596,221.1315789473684,40,pos24,rep2,3.333333333333333,41.554956140350875,14.373552631578947,"(40.0, 45.0]","(10.0, 15.0]"
4752,560.1518987341772,98.27848101265825,41,pos24,rep2,3.4166666666666665,36.40987341772151,6.388101265822787,"(35.0, 40.0]","(5.0, 10.0]"
4753,610.525,180.3,41,pos24,rep2,3.4166666666666665,39.684125,11.719500000000002,"(35.0, 40.0]","(10.0, 15.0]"
4765,59.88636363636363,12.5,42,pos24,rep2,3.5,3.8926136363636363,0.8125,"(-0.001, 5.0]","(-0.001, 5.0]"
4767,74.12765957446808,235.0,42,pos24,rep2,3.5,4.818297872340426,15.275,"(-0.001, 5.0]","(15.0, 20.0]"
4768,741.7794117647059,246.44117647058823,42,pos24,rep2,3.5,48.215661764705885,16.018676470588236,"(45.0, 50.0]","(15.0, 20.0]"
4769,7.966101694915254,257.06779661016947,42,pos24,rep2,3.5,0.5177966101694915,16.709406779661016,"(-0.001, 5.0]","(15.0, 20.0]"
4772,438.5,288.2,42,pos24,rep2,3.5,28.5025,18.733,"(25.0, 30.0]","(15.0, 20.0]"
4776,498.85,331.7,42,pos24,rep2,3.5,32.425250000000005,21.5605,"(30.0, 35.0]","(20.0, 25.0]"
4791,96.76859504132231,152.1900826446281,44,pos24,rep2,3.6666666666666665,6.28995867768595,9.892355371900827,"(5.0, 10.0]","(5.0, 10.0]"
4793,521.6363636363636,199.95454545454547,44,pos24,rep2,3.6666666666666665,33.906363636363636,12.997045454545455,"(30.0, 35.0]","(10.0, 15.0]"
4800,705.0888888888888,437.7111111111111,44,pos24,rep2,3.6666666666666665,45.830777777777776,28.451222222222224,"(45.0, 50.0]","(25.0, 30.0]"
4810,57.0,253.6220472440945,45,pos24,rep2,3.75,3.705,16.485433070866144,"(-0.001, 5.0]","(15.0, 20.0]"
4814,608.25,319.5833333333333,45,pos24,rep2,3.75,39.53625,20.772916666666667,"(35.0, 40.0]","(20.0, 25.0]"
4824,136.5,104.94736842105264,46,pos24,rep2,3.833333333333333,8.8725,6.8215789473684225,"(5.0, 10.0]","(5.0, 10.0]"
4825,676.5405405405405,149.0810810810811,46,pos24,rep2,3.833333333333333,43.97513513513513,9.690270270270272,"(40.0, 45.0]","(5.0, 10.0]"
4832,498.2129032258064,362.6903225806451,46,pos24,rep2,3.833333333333333,32.38383870967741,23.574870967741933,"(30.0, 35.0]","(20.0, 25.0]"
4841,405.0,132.0,47,pos24,rep2,3.9166666666666665,26.325,8.58,"(25.0, 30.0]","(5.0, 10.0]"
4854,723.0470588235294,569.9941176470588,47,pos24,rep2,3.9166666666666665,46.99805882352941,37.049617647058824,"(45.0, 50.0]","(35.0, 40.0]"
4860,172.29569892473117,347.56451612903226,48,pos24,rep2,4.0,11.199220430107527,22.5916935483871,"(10.0, 15.0]","(20.0, 25.0]"
4871,420.0285714285714,18.933333333333337,49,pos24,rep2,4.083333333333333,27.30185714285714,1.230666666666667,"(25.0, 30.0]","(-0.001, 5.0]"
4932,711.4603174603175,492.1746031746032,52,pos24,rep2,4.333333333333333,46.24492063492064,31.99134920634921,"(45.0, 50.0]","(30.0, 35.0]"
4939,251.69444444444449,243.33333333333337,53,pos24,rep2,4.416666666666666,16.36013888888889,15.81666666666667,"(15.0, 20.0]","(15.0, 20.0]"
4995,161.8041237113402,461.55670103092785,56,pos24,rep2,4.666666666666666,10.517268041237113,30.00118556701031,"(10.0, 15.0]","(30.0, 35.0]"
5082,672.5490196078431,277.3333333333333,62,pos24,rep2,5.166666666666666,43.7156862745098,18.026666666666667,"(40.0, 45.0]","(15.0, 20.0]"
5086,533.1809045226131,424.4070351758794,62,pos24,rep2,5.166666666666666,34.65675879396985,27.58645728643216,"(30.0, 35.0]","(25.0, 30.0]"
5098,354.64,95.94,63,pos24,rep2,5.25,23.0516,6.2361,"(20.0, 25.0]","(5.0, 10.0]"
5119,291.34285714285716,479.1142857142857,64,pos24,rep2,5.333333333333333,18.937285714285714,31.14242857142857,"(15.0, 20.0]","(30.0, 35.0]"
5163,544.5277777777778,523.1666666666666,67,pos24,rep2,5.583333333333333,35.39430555555556,34.005833333333335,"(35.0, 40.0]","(30.0, 35.0]"
5187,174.89592760180994,434.3076923076923,69,pos24,rep2,5.75,11.368235294117646,28.23,"(10.0, 15.0]","(25.0, 30.0]"
5226,318.21495327102804,575.2803738317757,72,pos24,rep2,6.0,20.683971962616823,37.39322429906542,"(20.0, 25.0]","(35.0, 40.0]"
5277,294.8878787878788,455.6848484848485,76,pos24,rep2,6.333333333333333,19.167712121212123,29.619515151515152,"(15.0, 20.0]","(25.0, 30.0]"
5309,360.8032786885246,508.7377049180328,79,pos24,rep2,6.583333333333333,23.452213114754098,33.067950819672134,"(20.0, 25.0]","(30.0, 35.0]"
5430,382.7647058823529,206.23529411764707,91,pos24,rep2,7.583333333333333,24.87970588235294,13.40529411764706,"(20.0, 25.0]","(10.0, 15.0]"
5508,226.0,45.0,119,pos24,rep2,9.916666666666666,14.690000000000001,2.9250000000000003,"(10.0, 15.0]","(-0.001, 5.0]"
5547,544.5128205128206,223.5897435897436,159,pos24,rep2,13.25,35.39333333333334,14.533333333333333,"(35.0, 40.0]","(10.0, 15.0]"
5566,721.7326732673267,301.5742574257426,26,pos26,rep2,2.1666666666666665,46.91262376237624,19.60232673267327,"(45.0, 50.0]","(15.0, 20.0]"
5569,731.01953125,173.65625,30,pos26,rep2,2.5,47.51626953125,11.28765625,"(45.0, 50.0]","(10.0, 15.0]"
5574,653.9675324675325,248.54545454545453,32,pos26,rep2,2.6666666666666665,42.50788961038961,16.155454545454546,"(40.0, 45.0]","(15.0, 20.0]"
5582,675.0,147.5,34,pos26,rep2,2.833333333333333,43.875,9.5875,"(40.0, 45.0]","(5.0, 10.0]"
5588,717.5801886792453,115.8254716981132,35,pos26,rep2,2.9166666666666665,46.64271226415095,7.528655660377359,"(45.0, 50.0]","(5.0, 10.0]"
5601,512.6265060240963,288.32530120481925,37,pos26,rep2,3.083333333333333,33.32072289156626,18.741144578313254,"(30.0, 35.0]","(15.0, 20.0]"
5603,220.73076923076923,508.86538461538464,37,pos26,rep2,3.083333333333333,14.3475,33.07625,"(10.0, 15.0]","(30.0, 35.0]"
5623,531.6578947368421,249.1578947368421,40,pos26,rep2,3.333333333333333,34.55776315789473,16.195263157894736,"(30.0, 35.0]","(15.0, 20.0]"
5642,660.1617647058823,463.19117647058823,42,pos26,rep2,3.5,42.91051470588235,30.107426470588237,"(40.0, 45.0]","(30.0, 35.0]"
5643,465.2041884816754,497.109947643979,42,pos26,rep2,3.5,30.2382722513089,32.31214659685864,"(30.0, 35.0]","(30.0, 35.0]"
5659,292.1913043478261,84.33043478260869,44,pos26,rep2,3.6666666666666665,18.992434782608697,5.481478260869565,"(15.0, 20.0]","(5.0, 10.0]"
5672,671.1369863013699,543.5342465753424,44,pos26,rep2,3.6666666666666665,43.62390410958905,35.32972602739726,"(40.0, 45.0]","(35.0, 40.0]"
5679,123.52631578947368,384.6842105263158,45,pos26,rep2,3.75,8.02921052631579,25.004473684210527,"(5.0, 10.0]","(25.0, 30.0]"
5687,96.65671641791045,246.80597014925377,46,pos26,rep2,3.833333333333333,6.282686567164179,16.042388059701494,"(5.0, 10.0]","(15.0, 20.0]"
5702,94.44,140.96,47,pos26,rep2,3.9166666666666665,6.1386,9.162400000000002,"(5.0, 10.0]","(5.0, 10.0]"
5721,219.1290322580645,233.0967741935484,48,pos26,rep2,4.0,14.243387096774194,15.151290322580648,"(10.0, 15.0]","(15.0, 20.0]"
5730,668.9032258064516,412.3225806451613,48,pos26,rep2,4.0,43.47870967741935,26.800967741935484,"(40.0, 45.0]","(25.0, 30.0]"
5739,573.1538461538462,320.28205128205127,49,pos26,rep2,4.083333333333333,37.255,20.81833333333333,"(35.0, 40.0]","(20.0, 25.0]"
5749,212.09333333333333,642.9066666666666,49,pos26,rep2,4.083333333333333,13.786066666666667,41.78893333333333,"(10.0, 15.0]","(40.0, 45.0]"
5752,702.0,412.17105263157896,50,pos26,rep2,4.166666666666666,45.63,26.791118421052634,"(45.0, 50.0]","(25.0, 30.0]"
5823,645.2028985507246,452.2173913043478,54,pos26,rep2,4.5,41.9381884057971,29.39413043478261,"(40.0, 45.0]","(25.0, 30.0]"
5851,200.23243243243243,127.96756756756756,56,pos26,rep2,4.666666666666666,13.015108108108109,8.317891891891891,"(10.0, 15.0]","(5.0, 10.0]"
5879,347.8780487804878,315.1219512195122,57,pos26,rep2,4.75,22.61207317073171,20.482926829268294,"(20.0, 25.0]","(20.0, 25.0]"
5914,481.17857142857144,205.42857142857144,59,pos26,rep2,4.916666666666666,31.276607142857145,13.352857142857145,"(30.0, 35.0]","(10.0, 15.0]"
5918,607.7089201877934,435.6431924882629,59,pos26,rep2,4.916666666666666,39.50107981220658,28.31680751173709,"(35.0, 40.0]","(25.0, 30.0]"
5923,253.27868852459017,518.2950819672132,59,pos26,rep2,4.916666666666666,16.46311475409836,33.689180327868854,"(15.0, 20.0]","(30.0, 35.0]"
5965,328.76984126984127,582.7857142857143,61,pos26,rep2,5.083333333333333,21.370039682539684,37.88107142857143,"(20.0, 25.0]","(35.0, 40.0]"
6005,160.33898305084745,266.0,65,pos26,rep2,5.416666666666666,10.422033898305084,17.29,"(10.0, 15.0]","(15.0, 20.0]"
6108,397.025,435.8125,74,pos26,rep2,6.166666666666666,25.806625,28.3278125,"(25.0, 30.0]","(25.0, 30.0]"
6113,415.8541666666667,118.83333333333331,75,pos26,rep2,6.25,27.030520833333334,7.724166666666665,"(25.0, 30.0]","(5.0, 10.0]"
6142,204.875,201.58928571428572,79,pos26,rep2,6.583333333333333,13.316875,13.103303571428572,"(10.0, 15.0]","(10.0, 15.0]"
6176,254.91304347826087,197.0217391304348,83,pos26,rep2,6.916666666666666,16.569347826086958,12.806413043478264,"(15.0, 20.0]","(10.0, 15.0]"
6177,390.9572192513369,222.57219251336895,83,pos26,rep2,6.916666666666666,25.412219251336897,14.467192513368982,"(25.0, 30.0]","(10.0, 15.0]"
6321,450.5833333333333,217.0,124,pos26,rep2,10.333333333333332,29.287916666666668,14.105,"(25.0, 30.0]","(10.0, 15.0]"
6330,448.0,223.70833333333337,129,pos26,rep2,10.75,29.12,14.54104166666667,"(25.0, 30.0]","(10.0, 15.0]"
6338,361.9130434782609,512.0,130,pos26,rep2,10.833333333333332,23.52434782608696,33.28,"(20.0, 25.0]","(30.0, 35.0]"
6353,17.753012048192772,554.0963855421687,143,pos26,rep2,11.916666666666666,1.1539457831325302,36.01626506024097,"(-0.001, 5.0]","(35.0, 40.0]"
6367,460.5,210.5,151,pos26,rep2,12.583333333333332,29.9325,13.682500000000001,"(25.0, 30.0]","(10.0, 15.0]"
6402,18.13793103448276,259.48275862068965,19,pos27,rep2,1.5833333333333333,1.1789655172413795,16.86637931034483,"(-0.001, 5.0]","(15.0, 20.0]"
6408,521.1612903225806,35.096774193548384,23,pos27,rep2,1.9166666666666665,33.87548387096774,2.281290322580645,"(30.0, 35.0]","(-0.001, 5.0]"
6420,384.7945205479452,143.24657534246575,28,pos27,rep2,2.333333333333333,25.01164383561644,9.311027397260274,"(25.0, 30.0]","(5.0, 10.0]"
6423,634.1206896551724,236.6034482758621,28,pos27,rep2,2.333333333333333,41.21784482758621,15.379224137931036,"(40.0, 45.0]","(15.0, 20.0]"
6435,623.280487804878,205.34146341463415,31,pos27,rep2,2.583333333333333,40.513231707317075,13.34719512195122,"(40.0, 45.0]","(10.0, 15.0]"
6456,655.6075949367089,152.13924050632912,34,pos27,rep2,2.833333333333333,42.61449367088608,9.889050632911394,"(40.0, 45.0]","(5.0, 10.0]"
6460,724.8413793103448,253.2965517241379,34,pos27,rep2,2.833333333333333,47.11468965517241,16.464275862068966,"(45.0, 50.0]","(15.0, 20.0]"
6464,599.8541666666666,420.7291666666667,34,pos27,rep2,2.833333333333333,38.990520833333335,27.347395833333337,"(35.0, 40.0]","(25.0, 30.0]"
6483,708.2571428571429,331.51428571428573,36,pos27,rep2,3.0,46.03671428571429,21.548428571428573,"(45.0, 50.0]","(20.0, 25.0]"
6492,734.4594594594595,226.48648648648648,37,pos27,rep2,3.083333333333333,47.73986486486487,14.721621621621622,"(45.0, 50.0]","(10.0, 15.0]"
6508,92.85380116959064,363.8070175438597,38,pos27,rep2,3.1666666666666665,6.0354970760233915,23.64745614035088,"(5.0, 10.0]","(20.0, 25.0]"
6515,661.5,122.5,39,pos27,rep2,3.25,42.9975,7.9625,"(40.0, 45.0]","(5.0, 10.0]"
6516,586.7254901960785,278.98039215686276,39,pos27,rep2,3.25,38.1371568627451,18.13372549019608,"(35.0, 40.0]","(15.0, 20.0]"
6529,602.0217391304348,386.80434782608694,40,pos27,rep2,3.333333333333333,39.13141304347826,25.142282608695652,"(35.0, 40.0]","(25.0, 30.0]"
6544,705.56,381.54,41,pos27,rep2,3.4166666666666665,45.861399999999996,24.8001,"(45.0, 50.0]","(20.0, 25.0]"
6551,132.04615384615386,333.15384615384613,42,pos27,rep2,3.5,8.583,21.654999999999998,"(5.0, 10.0]","(20.0, 25.0]"
6561,559.7924528301887,156.47169811320754,43,pos27,rep2,3.583333333333333,36.38650943396227,10.170660377358491,"(35.0, 40.0]","(10.0, 15.0]"
6580,105.17307692307692,392.28846153846155,44,pos27,rep2,3.6666666666666665,6.83625,25.49875,"(5.0, 10.0]","(25.0, 30.0]"
6590,510.7303370786517,252.9438202247191,45,pos27,rep2,3.75,33.19747191011236,16.441348314606742,"(30.0, 35.0]","(15.0, 20.0]"
6626,482.33898305084745,542.0,46,pos27,rep2,3.833333333333333,31.352033898305084,35.230000000000004,"(30.0, 35.0]","(35.0, 40.0]"
6636,635.0671641791045,386.7164179104478,47,pos27,rep2,3.9166666666666665,41.27936567164179,25.136567164179105,"(40.0, 45.0]","(25.0, 30.0]"
6642,460.0,467.5897435897436,47,pos27,rep2,3.9166666666666665,29.900000000000002,30.393333333333334,"(25.0, 30.0]","(30.0, 35.0]"
6679,694.0444444444445,55.577777777777776,50,pos27,rep2,4.166666666666666,45.11288888888889,3.6125555555555557,"(45.0, 50.0]","(-0.001, 5.0]"
6681,576.6385542168674,227.50602409638552,50,pos27,rep2,4.166666666666666,37.48150602409638,14.78789156626506,"(35.0, 40.0]","(10.0, 15.0]"
6696,556.7241379310345,429.58620689655174,51,pos27,rep2,4.25,36.18706896551725,27.923103448275864,"(35.0, 40.0]","(25.0, 30.0]"
6725,648.8846153846154,362.0,53,pos27,rep2,4.416666666666666,42.1775,23.53,"(40.0, 45.0]","(20.0, 25.0]"
6751,565.1935483870968,551.8064516129032,54,pos27,rep2,4.5,36.737580645161295,35.86741935483871,"(35.0, 40.0]","(35.0, 40.0]"
6766,192.86046511627907,554.2558139534884,55,pos27,rep2,4.583333333333333,12.53593023255814,36.02662790697675,"(10.0, 15.0]","(35.0, 40.0]"
6837,174.48275862068965,629.3793103448276,60,pos27,rep2,5.0,11.341379310344827,40.90965517241379,"(10.0, 15.0]","(40.0, 45.0]"
6954,559.1176470588235,642.3529411764706,73,pos27,rep2,6.083333333333333,36.34264705882353,41.75294117647059,"(35.0, 40.0]","(40.0, 45.0]"
6989,466.04545454545456,633.7424242424242,78,pos27,rep2,6.5,30.29295454545455,41.19325757575758,"(30.0, 35.0]","(40.0, 45.0]"
7135,14.992125984251969,589.8661417322835,149,pos27,rep2,12.416666666666666,0.974488188976378,38.34129921259843,"(-0.001, 5.0]","(35.0, 40.0]"
11,705.5135135135135,467.5135135135135,21,pos18,rep3,1.75,45.85837837837838,30.388378378378377,"(45.0, 50.0]","(30.0, 35.0]"
15,733.9358974358975,306.0,23,pos18,rep3,1.9166666666666665,47.70583333333334,19.89,"(45.0, 50.0]","(15.0, 20.0]"
32,744.5945945945946,411.5,25,pos18,rep3,2.083333333333333,48.39864864864865,26.747500000000002,"(45.0, 50.0]","(25.0, 30.0]"
41,706.8235294117648,239.23529411764707,26,pos18,rep3,2.1666666666666665,45.94352941176471,15.550294117647061,"(45.0, 50.0]","(15.0, 20.0]"
43,671.1904761904761,390.0634920634921,26,pos18,rep3,2.1666666666666665,43.62738095238095,25.35412698412699,"(40.0, 45.0]","(25.0, 30.0]"
84,17.622222222222224,307.64444444444445,31,pos18,rep3,2.583333333333333,1.1454444444444445,19.99688888888889,"(-0.001, 5.0]","(15.0, 20.0]"
88,70.08035714285714,470.25,31,pos18,rep3,2.583333333333333,4.555223214285714,30.56625,"(-0.001, 5.0]","(30.0, 35.0]"
111,616.3913043478261,230.4782608695652,33,pos18,rep3,2.75,40.0654347826087,14.981086956521738,"(40.0, 45.0]","(10.0, 15.0]"
135,448.1136363636364,409.5,35,pos18,rep3,2.9166666666666665,29.127386363636365,26.6175,"(25.0, 30.0]","(25.0, 30.0]"
146,15.276470588235297,151.18235294117648,36,pos18,rep3,3.0,0.9929705882352943,9.82685294117647,"(-0.001, 5.0]","(5.0, 10.0]"
147,591.2222222222222,191.06349206349208,36,pos18,rep3,3.0,38.42944444444444,12.419126984126985,"(35.0, 40.0]","(10.0, 15.0]"
192,364.5681818181818,113.29545454545456,39,pos18,rep3,3.25,23.69693181818182,7.364204545454546,"(20.0, 25.0]","(5.0, 10.0]"
216,496.77906976744185,294.63953488372096,40,pos18,rep3,3.333333333333333,32.290639534883724,19.151569767441863,"(30.0, 35.0]","(15.0, 20.0]"
229,442.0,588.0,40,pos18,rep3,3.333333333333333,28.73,38.22,"(25.0, 30.0]","(35.0, 40.0]"
234,221.08955223880596,184.91044776119404,41,pos18,rep3,3.4166666666666665,14.370820895522389,12.019179104477614,"(10.0, 15.0]","(10.0, 15.0]"
245,152.11627906976744,186.88372093023256,42,pos18,rep3,3.5,9.887558139534883,12.147441860465117,"(5.0, 10.0]","(10.0, 15.0]"
246,100.54054054054056,211.0810810810811,42,pos18,rep3,3.5,6.535135135135136,13.720270270270271,"(5.0, 10.0]","(10.0, 15.0]"
273,684.6176470588235,371.3235294117647,43,pos18,rep3,3.583333333333333,44.50014705882353,24.136029411764707,"(40.0, 45.0]","(20.0, 25.0]"
284,437.08,164.5,44,pos18,rep3,3.6666666666666665,28.4102,10.6925,"(25.0, 30.0]","(10.0, 15.0]"
293,336.1111111111111,477.52222222222224,44,pos18,rep3,3.6666666666666665,21.84722222222222,31.038944444444446,"(20.0, 25.0]","(30.0, 35.0]"
321,414.0071942446043,380.80575539568343,46,pos18,rep3,3.833333333333333,26.91046762589928,24.752374100719425,"(25.0, 30.0]","(20.0, 25.0]"
368,60.65384615384615,264.84615384615387,50,pos18,rep3,4.166666666666666,3.9425,17.215000000000003,"(-0.001, 5.0]","(15.0, 20.0]"
381,112.72222222222224,154.98611111111111,51,pos18,rep3,4.25,7.326944444444446,10.074097222222223,"(5.0, 10.0]","(10.0, 15.0]"
382,459.55445544554453,234.72277227722773,51,pos18,rep3,4.25,29.871039603960394,15.256980198019804,"(25.0, 30.0]","(15.0, 20.0]"
417,388.1363636363636,313.93939393939394,54,pos18,rep3,4.5,25.228863636363638,20.406060606060606,"(25.0, 30.0]","(20.0, 25.0]"
484,176.82608695652175,289.46086956521737,60,pos18,rep3,5.0,11.493695652173914,18.81495652173913,"(10.0, 15.0]","(15.0, 20.0]"
565,404.6832298136646,319.5776397515528,72,pos18,rep3,6.0,26.3044099378882,20.772546583850932,"(25.0, 30.0]","(20.0, 25.0]"
572,346.6756756756757,352.0,73,pos18,rep3,6.083333333333333,22.53391891891892,22.880000000000003,"(20.0, 25.0]","(20.0, 25.0]"
578,216.0193548387097,134.3483870967742,75,pos18,rep3,6.25,14.04125806451613,8.732645161290323,"(10.0, 15.0]","(5.0, 10.0]"
695,624.1923076923077,157.80769230769232,172,pos18,rep3,14.333333333333332,40.572500000000005,10.257500000000002,"(40.0, 45.0]","(10.0, 15.0]"
711,739.3404255319149,194.0,19,pos19,rep3,1.5833333333333333,48.05712765957447,12.610000000000001,"(45.0, 50.0]","(10.0, 15.0]"
714,710.3582089552239,268.47014925373134,22,pos19,rep3,1.8333333333333333,46.17328358208955,17.450559701492537,"(45.0, 50.0]","(15.0, 20.0]"
715,9.0,186.9268292682927,23,pos19,rep3,1.9166666666666665,0.585,12.150243902439026,"(-0.001, 5.0]","(10.0, 15.0]"
716,8.065573770491802,232.95081967213116,23,pos19,rep3,1.9166666666666665,0.5242622950819672,15.141803278688526,"(-0.001, 5.0]","(15.0, 20.0]"
717,661.0714285714286,306.9744897959184,23,pos19,rep3,1.9166666666666665,42.96964285714286,19.953341836734694,"(40.0, 45.0]","(15.0, 20.0]"
719,9.933333333333334,284.73333333333335,24,pos19,rep3,2.0,0.6456666666666667,18.50766666666667,"(-0.001, 5.0]","(15.0, 20.0]"
720,10.306122448979592,373.9387755102041,24,pos19,rep3,2.0,0.6698979591836735,24.306020408163267,"(-0.001, 5.0]","(20.0, 25.0]"
734,211.27142857142857,292.0571428571429,29,pos19,rep3,2.4166666666666665,13.732642857142858,18.98371428571429,"(10.0, 15.0]","(15.0, 20.0]"
740,84.325,254.7875,31,pos19,rep3,2.583333333333333,5.4811250000000005,16.5611875,"(5.0, 10.0]","(15.0, 20.0]"
742,36.19607843137255,393.27450980392155,31,pos19,rep3,2.583333333333333,2.352745098039216,25.5628431372549,"(-0.001, 5.0]","(25.0, 30.0]"
762,532.7755102040817,442.16326530612247,33,pos19,rep3,2.75,34.63040816326531,28.74061224489796,"(30.0, 35.0]","(25.0, 30.0]"
802,557.3414634146342,202.1829268292683,37,pos19,rep3,3.083333333333333,36.227195121951226,13.14189024390244,"(35.0, 40.0]","(10.0, 15.0]"
819,564.8,185.66666666666663,38,pos19,rep3,3.1666666666666665,36.711999999999996,12.068333333333332,"(35.0, 40.0]","(10.0, 15.0]"
823,157.88311688311688,355.05194805194805,38,pos19,rep3,3.1666666666666665,10.262402597402598,23.078376623376624,"(10.0, 15.0]","(20.0, 25.0]"
833,541.8464285714285,276.4107142857143,39,pos19,rep3,3.25,35.22001785714286,17.966696428571428,"(35.0, 40.0]","(15.0, 20.0]"
847,428.89473684210526,410.69736842105266,40,pos19,rep3,3.333333333333333,27.878157894736844,26.695328947368424,"(25.0, 30.0]","(25.0, 30.0]"
864,103.5897435897436,364.5128205128205,41,pos19,rep3,3.4166666666666665,6.733333333333334,23.69333333333333,"(5.0, 10.0]","(20.0, 25.0]"
918,609.1908396946565,220.59541984732823,45,pos19,rep3,3.75,39.59740458015267,14.338702290076336,"(35.0, 40.0]","(10.0, 15.0]"
929,217.8196721311475,286.42622950819674,46,pos19,rep3,3.833333333333333,14.15827868852459,18.61770491803279,"(10.0, 15.0]","(15.0, 20.0]"
930,281.42857142857144,328.57142857142856,46,pos19,rep3,3.833333333333333,18.292857142857144,21.357142857142858,"(15.0, 20.0]","(20.0, 25.0]"
939,736.1405405405405,525.8810810810811,46,pos19,rep3,3.833333333333333,47.849135135135135,34.18227027027027,"(45.0, 50.0]","(30.0, 35.0]"
1020,638.8295454545455,187.11363636363637,56,pos19,rep3,4.666666666666666,41.52392045454546,12.162386363636365,"(40.0, 45.0]","(10.0, 15.0]"
1046,411.34615384615387,403.90384615384613,58,pos19,rep3,4.833333333333333,26.7375,26.25375,"(25.0, 30.0]","(25.0, 30.0]"
1072,720.4285714285714,456.8253968253968,60,pos19,rep3,5.0,46.82785714285715,29.693650793650793,"(45.0, 50.0]","(25.0, 30.0]"
1143,400.0,365.0,70,pos19,rep3,5.833333333333333,26.0,23.725,"(25.0, 30.0]","(20.0, 25.0]"
1207,227.48936170212767,53.48936170212766,89,pos19,rep3,7.416666666666666,14.786808510638298,3.476808510638298,"(10.0, 15.0]","(-0.001, 5.0]"
1221,440.22857142857146,171.25,95,pos19,rep3,7.916666666666666,28.614857142857147,11.13125,"(25.0, 30.0]","(10.0, 15.0]"
1235,362.4736842105263,245.5065789473684,102,pos19,rep3,8.5,23.56078947368421,15.957927631578947,"(20.0, 25.0]","(15.0, 20.0]"
1300,50.8,161.92,154,pos19,rep3,12.833333333333332,3.302,10.524799999999999,"(-0.001, 5.0]","(10.0, 15.0]"
1315,4.090909090909091,146.5,13,pos20,rep3,1.0833333333333333,0.26590909090909093,9.5225,"(-0.001, 5.0]","(5.0, 10.0]"
1319,129.29268292682926,201.5,22,pos20,rep3,1.8333333333333333,8.404024390243903,13.0975,"(5.0, 10.0]","(10.0, 15.0]"
1349,139.75438596491227,5.535087719298246,30,pos20,rep3,2.5,9.084035087719299,0.359780701754386,"(5.0, 10.0]","(-0.001, 5.0]"
1350,131.64444444444445,46.67777777777778,30,pos20,rep3,2.5,8.556888888888889,3.0340555555555557,"(5.0, 10.0]","(-0.001, 5.0]"
1352,7.591304347826087,286.30434782608694,30,pos20,rep3,2.5,0.49343478260869567,18.609782608695653,"(-0.001, 5.0]","(15.0, 20.0]"
1378,688.1,326.1384615384615,33,pos20,rep3,2.75,44.7265,21.198999999999998,"(40.0, 45.0]","(20.0, 25.0]"
1380,722.9504504504505,436.4009009009009,33,pos20,rep3,2.75,46.991779279279285,28.36605855855856,"(45.0, 50.0]","(25.0, 30.0]"
1385,715.8518518518518,252.5185185185185,34,pos20,rep3,2.833333333333333,46.53037037037037,16.413703703703703,"(45.0, 50.0]","(15.0, 20.0]"
1388,588.0985915492957,388.09859154929575,34,pos20,rep3,2.833333333333333,38.22640845070423,25.226408450704223,"(35.0, 40.0]","(25.0, 30.0]"
1392,316.22222222222223,501.77777777777777,34,pos20,rep3,2.833333333333333,20.554444444444446,32.61555555555556,"(20.0, 25.0]","(30.0, 35.0]"
1398,567.1324324324324,242.35135135135135,35,pos20,rep3,2.9166666666666665,36.86360810810811,15.752837837837838,"(35.0, 40.0]","(15.0, 20.0]"
1407,289.28169014084506,283.61971830985914,36,pos20,rep3,3.0,18.80330985915493,18.435281690140844,"(15.0, 20.0]","(15.0, 20.0]"
1441,70.31927710843374,376.6927710843373,38,pos20,rep3,3.1666666666666665,4.570753012048193,24.485030120481927,"(-0.001, 5.0]","(20.0, 25.0]"
1443,5.514851485148514,407.44554455445547,38,pos20,rep3,3.1666666666666665,0.35846534653465345,26.483960396039606,"(-0.001, 5.0]","(25.0, 30.0]"
1460,629.2428571428571,336.9714285714286,39,pos20,rep3,3.25,40.90078571428572,21.90314285714286,"(40.0, 45.0]","(20.0, 25.0]"
1472,608.8974358974359,314.38461538461536,40,pos20,rep3,3.333333333333333,39.57833333333333,20.435,"(35.0, 40.0]","(20.0, 25.0]"
1474,522.4054054054054,376.4864864864865,40,pos20,rep3,3.333333333333333,33.95635135135135,24.471621621621622,"(30.0, 35.0]","(20.0, 25.0]"
1609,512.8505747126437,201.2183908045977,47,pos20,rep3,3.9166666666666665,33.33528735632184,13.07919540229885,"(30.0, 35.0]","(10.0, 15.0]"
1610,710.3376623376623,203.94805194805195,47,pos20,rep3,3.9166666666666665,46.17194805194805,13.256623376623377,"(45.0, 50.0]","(10.0, 15.0]"
1617,347.1636363636364,354.58181818181816,47,pos20,rep3,3.9166666666666665,22.565636363636365,23.047818181818183,"(20.0, 25.0]","(20.0, 25.0]"
1625,406.8030303030303,471.45454545454544,47,pos20,rep3,3.9166666666666665,26.442196969696973,30.644545454545455,"(25.0, 30.0]","(30.0, 35.0]"
1638,490.40697674418607,255.11627906976744,48,pos20,rep3,4.0,31.876453488372096,16.582558139534886,"(30.0, 35.0]","(15.0, 20.0]"
1659,676.7285714285714,127.04285714285714,49,pos20,rep3,4.083333333333333,43.98735714285714,8.257785714285715,"(40.0, 45.0]","(5.0, 10.0]"
1702,412.80392156862746,236.86274509803923,51,pos20,rep3,4.25,26.832254901960784,15.39607843137255,"(25.0, 30.0]","(15.0, 20.0]"
1721,415.4821428571428,409.25,52,pos20,rep3,4.333333333333333,27.006339285714283,26.60125,"(25.0, 30.0]","(25.0, 30.0]"
1773,363.0281690140845,209.2112676056338,55,pos20,rep3,4.583333333333333,23.596830985915492,13.598732394366197,"(20.0, 25.0]","(10.0, 15.0]"
1798,495.113924050633,366.54430379746833,57,pos20,rep3,4.75,32.18240506329114,23.82537974683544,"(30.0, 35.0]","(20.0, 25.0]"
1801,471.51851851851853,428.537037037037,57,pos20,rep3,4.75,30.648703703703706,27.854907407407406,"(30.0, 35.0]","(25.0, 30.0]"
1821,547.8541666666666,200.14583333333337,59,pos20,rep3,4.916666666666666,35.61052083333333,13.009479166666669,"(35.0, 40.0]","(10.0, 15.0]"
1840,276.9026548672566,227.78761061946904,60,pos20,rep3,5.0,17.99867256637168,14.806194690265487,"(15.0, 20.0]","(10.0, 15.0]"
1899,621.5,248.6296296296296,65,pos20,rep3,5.416666666666666,40.3975,16.160925925925923,"(40.0, 45.0]","(15.0, 20.0]"
1932,408.8768115942029,194.45652173913044,69,pos20,rep3,5.75,26.576992753623188,12.63967391304348,"(25.0, 30.0]","(10.0, 15.0]"
2057,8.586666666666666,558.8933333333333,145,pos20,rep3,12.083333333333332,0.5581333333333333,36.328066666666665,"(-0.001, 5.0]","(35.0, 40.0]"
2065,4.564102564102564,609.7179487179487,148,pos20,rep3,12.333333333333332,0.2966666666666667,39.63166666666667,"(-0.001, 5.0]","(35.0, 40.0]"
2078,362.4,403.35,159,pos20,rep3,13.25,23.556,26.217750000000002,"(20.0, 25.0]","(25.0, 30.0]"
2097,12.45054945054945,343.2967032967033,23,pos21,rep3,1.9166666666666665,0.8092857142857143,22.314285714285717,"(-0.001, 5.0]","(20.0, 25.0]"
2104,79.71428571428571,285.42857142857144,26,pos21,rep3,2.1666666666666665,5.1814285714285715,18.552857142857146,"(5.0, 10.0]","(15.0, 20.0]"
2109,688.1571428571428,374.95714285714286,27,pos21,rep3,2.25,44.73021428571429,24.372214285714286,"(40.0, 45.0]","(20.0, 25.0]"
2119,225.14117647058825,349.6,29,pos21,rep3,2.4166666666666665,14.634176470588237,22.724000000000004,"(10.0, 15.0]","(20.0, 25.0]"
2124,106.7377049180328,460.8360655737705,30,pos21,rep3,2.5,6.937950819672133,29.954344262295084,"(5.0, 10.0]","(25.0, 30.0]"
2181,295.94805194805195,507.1038961038961,35,pos21,rep3,2.9166666666666665,19.236623376623378,32.96175324675325,"(15.0, 20.0]","(30.0, 35.0]"
2185,113.66666666666669,249.6358024691358,36,pos21,rep3,3.0,7.3883333333333345,16.226327160493828,"(5.0, 10.0]","(15.0, 20.0]"
2200,77.72151898734177,588.1518987341772,36,pos21,rep3,3.0,5.0518987341772155,38.229873417721514,"(5.0, 10.0]","(35.0, 40.0]"
2236,699.7755102040817,151.81632653061226,39,pos21,rep3,3.25,45.48540816326531,9.868061224489797,"(45.0, 50.0]","(5.0, 10.0]"
2242,151.42857142857142,442.9591836734694,39,pos21,rep3,3.25,9.842857142857142,28.792346938775513,"(5.0, 10.0]","(25.0, 30.0]"
2266,531.8518518518518,404.51851851851853,40,pos21,rep3,3.333333333333333,34.57037037037037,26.293703703703706,"(30.0, 35.0]","(25.0, 30.0]"
2289,12.193548387096774,95.70967741935485,41,pos21,rep3,3.4166666666666665,0.7925806451612903,6.221129032258065,"(-0.001, 5.0]","(5.0, 10.0]"
2358,59.04545454545455,186.0681818181818,44,pos21,rep3,3.6666666666666665,3.837954545454546,12.094431818181818,"(-0.001, 5.0]","(10.0, 15.0]"
2367,167.79166666666666,502.0,44,pos21,rep3,3.6666666666666665,10.906458333333333,32.63,"(10.0, 15.0]","(30.0, 35.0]"
2379,264.3833333333333,377.45,45,pos21,rep3,3.75,17.184916666666666,24.53425,"(15.0, 20.0]","(20.0, 25.0]"
2387,391.5113636363636,476.0,45,pos21,rep3,3.75,25.448238636363637,30.94,"(25.0, 30.0]","(30.0, 35.0]"
2400,699.9076923076923,156.2153846153846,46,pos21,rep3,3.833333333333333,45.494,10.154,"(45.0, 50.0]","(10.0, 15.0]"
2438,163.1578947368421,361.50877192982455,48,pos21,rep3,4.0,10.605263157894738,23.498070175438595,"(10.0, 15.0]","(20.0, 25.0]"
2476,463.38709677419354,252.0,50,pos21,rep3,4.166666666666666,30.12016129032258,16.38,"(30.0, 35.0]","(15.0, 20.0]"
2482,483.991935483871,408.9758064516129,50,pos21,rep3,4.166666666666666,31.459475806451614,26.58342741935484,"(30.0, 35.0]","(25.0, 30.0]"
2494,13.67741935483871,175.752688172043,51,pos21,rep3,4.25,0.8890322580645161,11.423924731182796,"(-0.001, 5.0]","(10.0, 15.0]"
2524,477.43703703703704,183.0888888888889,53,pos21,rep3,4.416666666666666,31.03340740740741,11.90077777777778,"(30.0, 35.0]","(10.0, 15.0]"
2545,110.3,217.0,54,pos21,rep3,4.5,7.1695,14.105,"(5.0, 10.0]","(10.0, 15.0]"
2596,695.0945945945946,248.82432432432432,57,pos21,rep3,4.75,45.18114864864865,16.173581081081082,"(45.0, 50.0]","(15.0, 20.0]"
2637,94.48809523809524,107.3095238095238,60,pos21,rep3,5.0,6.141726190476191,6.975119047619047,"(5.0, 10.0]","(5.0, 10.0]"
2638,449.2407407407408,139.62962962962962,60,pos21,rep3,5.0,29.200648148148154,9.075925925925926,"(25.0, 30.0]","(5.0, 10.0]"
2639,203.8510638297872,270.06382978723406,60,pos21,rep3,5.0,13.250319148936168,17.554148936170215,"(10.0, 15.0]","(15.0, 20.0]"
2789,49.4,133.9125,80,pos21,rep3,6.666666666666666,3.211,8.7043125,"(-0.001, 5.0]","(5.0, 10.0]"
2835,221.2,275.375,87,pos21,rep3,7.25,14.378,17.899375,"(10.0, 15.0]","(15.0, 20.0]"
2844,144.19354838709677,178.74193548387098,89,pos21,rep3,7.416666666666666,9.37258064516129,11.618225806451614,"(5.0, 10.0]","(10.0, 15.0]"
2876,12.604651162790695,563.453488372093,103,pos21,rep3,8.583333333333332,0.8193023255813953,36.62447674418605,"(-0.001, 5.0]","(35.0, 40.0]"
2936,734.0681818181819,225.97727272727272,20,pos22,rep3,1.6666666666666665,47.71443181818182,14.688522727272728,"(45.0, 50.0]","(10.0, 15.0]"
2938,725.925,389.875,21,pos22,rep3,1.75,47.185125,25.341875,"(45.0, 50.0]","(25.0, 30.0]"
2939,645.8529411764706,396.36764705882354,21,pos22,rep3,1.75,41.98044117647059,25.76389705882353,"(40.0, 45.0]","(25.0, 30.0]"
2942,721.7142857142857,301.42857142857144,22,pos22,rep3,1.8333333333333333,46.91142857142857,19.592857142857145,"(45.0, 50.0]","(15.0, 20.0]"
2944,597.4722222222222,317.1666666666667,23,pos22,rep3,1.9166666666666665,38.83569444444444,20.615833333333335,"(35.0, 40.0]","(20.0, 25.0]"
2960,668.6901408450705,222.0,26,pos22,rep3,2.1666666666666665,43.464859154929584,14.43,"(40.0, 45.0]","(10.0, 15.0]"
2967,718.2113821138212,501.7967479674797,26,pos22,rep3,2.1666666666666665,46.68373983739838,32.61678861788618,"(45.0, 50.0]","(30.0, 35.0]"
2968,16.63157894736842,212.33333333333337,27,pos22,rep3,2.25,1.0810526315789475,13.80166666666667,"(-0.001, 5.0]","(10.0, 15.0]"
2978,42.48648648648648,200.0,29,pos22,rep3,2.4166666666666665,2.761621621621621,13.0,"(-0.001, 5.0]","(10.0, 15.0]"
2986,653.7777777777778,482.64814814814815,30,pos22,rep3,2.5,42.49555555555556,31.37212962962963,"(40.0, 45.0]","(30.0, 35.0]"
2987,52.15555555555556,272.8777777777778,31,pos22,rep3,2.583333333333333,3.3901111111111115,17.737055555555557,"(-0.001, 5.0]","(15.0, 20.0]"
3014,543.3243243243244,376.27027027027026,34,pos22,rep3,2.833333333333333,35.31608108108109,24.45756756756757,"(35.0, 40.0]","(20.0, 25.0]"
3036,553.3372093023256,188.22093023255815,36,pos22,rep3,3.0,35.96691860465117,12.23436046511628,"(35.0, 40.0]","(10.0, 15.0]"
3052,138.51724137931035,401.41379310344826,37,pos22,rep3,3.083333333333333,9.003620689655174,26.091896551724137,"(5.0, 10.0]","(25.0, 30.0]"
3093,643.491124260355,158.9112426035503,40,pos22,rep3,3.333333333333333,41.82692307692308,10.32923076923077,"(40.0, 45.0]","(10.0, 15.0]"
3107,572.74,249.08,41,pos22,rep3,3.4166666666666665,37.228100000000005,16.1902,"(35.0, 40.0]","(15.0, 20.0]"
3116,195.2436974789916,367.5630252100841,42,pos22,rep3,3.5,12.690840336134455,23.891596638655468,"(10.0, 15.0]","(20.0, 25.0]"
3125,280.4685714285714,321.06857142857143,43,pos22,rep3,3.583333333333333,18.23045714285714,20.869457142857144,"(15.0, 20.0]","(20.0, 25.0]"
3145,602.2916666666666,162.0,45,pos22,rep3,3.75,39.14895833333333,10.530000000000001,"(35.0, 40.0]","(10.0, 15.0]"
3181,692.0408163265306,163.28571428571428,49,pos22,rep3,4.083333333333333,44.98265306122449,10.613571428571428,"(40.0, 45.0]","(10.0, 15.0]"
3214,653.6037735849056,87.22641509433963,52,pos22,rep3,4.333333333333333,42.484245283018865,5.669716981132076,"(40.0, 45.0]","(5.0, 10.0]"
3220,494.7567567567568,286.9189189189189,52,pos22,rep3,4.333333333333333,32.15918918918919,18.649729729729728,"(30.0, 35.0]","(15.0, 20.0]"
3258,44.94444444444444,107.15277777777776,58,pos22,rep3,4.833333333333333,2.921388888888889,6.964930555555554,"(-0.001, 5.0]","(5.0, 10.0]"
3350,335.0057142857143,226.37714285714284,69,pos22,rep3,5.75,21.77537142857143,14.714514285714285,"(20.0, 25.0]","(10.0, 15.0]"
3356,254.2439024390244,318.0853658536585,70,pos22,rep3,5.833333333333333,16.525853658536587,20.675548780487805,"(15.0, 20.0]","(20.0, 25.0]"
3398,10.3,294.85,77,pos22,rep3,6.416666666666666,0.6695000000000001,19.165250000000004,"(-0.001, 5.0]","(15.0, 20.0]"
3455,376.1333333333333,351.53333333333336,89,pos22,rep3,7.416666666666666,24.448666666666668,22.849666666666668,"(20.0, 25.0]","(20.0, 25.0]"
3489,304.59016393442624,257.327868852459,97,pos22,rep3,8.083333333333332,19.798360655737707,16.726311475409837,"(15.0, 20.0]","(15.0, 20.0]"
3536,284.9389312977099,267.7175572519084,106,pos22,rep3,8.833333333333332,18.521030534351144,17.401641221374046,"(15.0, 20.0]","(15.0, 20.0]"
3585,364.6666666666667,194.55555555555551,120,pos22,rep3,10.0,23.703333333333337,12.646111111111109,"(20.0, 25.0]","(10.0, 15.0]"
3620,252.0,187.44827586206895,132,pos22,rep3,11.0,16.38,12.184137931034483,"(15.0, 20.0]","(10.0, 15.0]"
3631,459.2191780821918,168.17123287671234,139,pos22,rep3,11.583333333333332,29.849246575342466,10.931130136986303,"(25.0, 30.0]","(10.0, 15.0]"
3696,727.0851063829788,137.14893617021278,19,pos23,rep3,1.5833333333333333,47.26053191489362,8.914680851063832,"(45.0, 50.0]","(5.0, 10.0]"
3698,729.1276595744681,317.02127659574467,22,pos23,rep3,1.8333333333333333,47.393297872340426,20.606382978723403,"(45.0, 50.0]","(20.0, 25.0]"
3707,8.092307692307692,171.04615384615386,27,pos23,rep3,2.25,0.526,11.118,"(-0.001, 5.0]","(10.0, 15.0]"
3711,17.5609756097561,233.26829268292684,28,pos23,rep3,2.333333333333333,1.1414634146341465,15.162439024390245,"(-0.001, 5.0]","(15.0, 20.0]"
3718,567.0769230769231,173.60256410256412,30,pos23,rep3,2.5,36.86,11.284166666666668,"(35.0, 40.0]","(10.0, 15.0]"
3755,152.28481012658227,63.91139240506329,37,pos23,rep3,3.083333333333333,9.898512658227848,4.154240506329114,"(5.0, 10.0]","(-0.001, 5.0]"
3788,528.8846153846154,234.69230769230768,40,pos23,rep3,3.333333333333333,34.3775,15.254999999999999,"(30.0, 35.0]","(15.0, 20.0]"
3811,555.0909090909091,281.90909090909093,42,pos23,rep3,3.5,36.080909090909095,18.324090909090913,"(35.0, 40.0]","(15.0, 20.0]"
3820,401.44,11.59,43,pos23,rep3,3.583333333333333,26.093600000000002,0.75335,"(25.0, 30.0]","(-0.001, 5.0]"
3821,633.64,151.52,43,pos23,rep3,3.583333333333333,41.1866,9.8488,"(40.0, 45.0]","(5.0, 10.0]"
3834,147.58904109589042,431.041095890411,44,pos23,rep3,3.6666666666666665,9.593287671232877,28.017671232876715,"(5.0, 10.0]","(25.0, 30.0]"
3862,584.9155844155844,47.37337662337662,47,pos23,rep3,3.9166666666666665,38.01951298701299,3.0792694805194807,"(35.0, 40.0]","(-0.001, 5.0]"
3874,473.77142857142854,590.8571428571429,47,pos23,rep3,3.9166666666666665,30.795142857142856,38.40571428571429,"(30.0, 35.0]","(35.0, 40.0]"
3907,333.6511627906977,119.55813953488372,51,pos23,rep3,4.25,21.687325581395353,7.771279069767442,"(20.0, 25.0]","(5.0, 10.0]"
3915,497.8955823293173,388.1285140562249,51,pos23,rep3,4.25,32.36321285140563,25.22835341365462,"(30.0, 35.0]","(25.0, 30.0]"
3925,526.890625,20.40625,52,pos23,rep3,4.333333333333333,34.247890625000004,1.32640625,"(30.0, 35.0]","(-0.001, 5.0]"
3930,468.7291666666667,360.9791666666667,52,pos23,rep3,4.333333333333333,30.467395833333335,23.463645833333334,"(30.0, 35.0]","(20.0, 25.0]"
3947,497.9782608695652,349.9130434782609,53,pos23,rep3,4.416666666666666,32.36858695652174,22.74434782608696,"(30.0, 35.0]","(20.0, 25.0]"
3951,539.3098591549295,388.0,53,pos23,rep3,4.416666666666666,35.05514084507042,25.220000000000002,"(35.0, 40.0]","(25.0, 30.0]"
3990,354.1136363636364,352.3636363636364,55,pos23,rep3,4.583333333333333,23.017386363636366,22.903636363636366,"(20.0, 25.0]","(20.0, 25.0]"
4010,10.970149253731345,386.089552238806,56,pos23,rep3,4.666666666666666,0.7130597014925374,25.09582089552239,"(-0.001, 5.0]","(25.0, 30.0]"
4033,167.9099099099099,402.4234234234234,57,pos23,rep3,4.75,10.914144144144144,26.157522522522523,"(10.0, 15.0]","(25.0, 30.0]"
4034,213.92857142857144,412.875,57,pos23,rep3,4.75,13.905357142857145,26.836875,"(10.0, 15.0]","(25.0, 30.0]"
4036,329.2420382165605,527.4585987261147,57,pos23,rep3,4.75,21.400732484076432,34.28480891719746,"(20.0, 25.0]","(30.0, 35.0]"
4046,602.8727272727273,128.85454545454544,58,pos23,rep3,4.833333333333333,39.186727272727275,8.375545454545454,"(35.0, 40.0]","(5.0, 10.0]"
4065,447.252427184466,278.71844660194176,59,pos23,rep3,4.916666666666666,29.07140776699029,18.116699029126217,"(25.0, 30.0]","(15.0, 20.0]"
4093,510.5471698113208,179.24528301886792,61,pos23,rep3,5.083333333333333,33.18556603773585,11.650943396226415,"(30.0, 35.0]","(10.0, 15.0]"
4118,332.07462686567163,447.9253731343284,62,pos23,rep3,5.166666666666666,21.584850746268657,29.11514925373135,"(20.0, 25.0]","(25.0, 30.0]"
4165,397.05405405405406,281.7567567567568,65,pos23,rep3,5.416666666666666,25.808513513513514,18.31418918918919,"(25.0, 30.0]","(15.0, 20.0]"
4209,242.68695652173912,215.09565217391304,67,pos23,rep3,5.583333333333333,15.774652173913044,13.981217391304348,"(15.0, 20.0]","(10.0, 15.0]"
4276,341.0,293.675,71,pos23,rep3,5.916666666666666,22.165,19.088875,"(20.0, 25.0]","(15.0, 20.0]"
4331,462.7745664739885,179.90173410404626,76,pos23,rep3,6.333333333333333,30.080346820809254,11.693612716763006,"(30.0, 35.0]","(10.0, 15.0]"
4432,275.50943396226415,233.9245283018868,86,pos23,rep3,7.166666666666666,17.90811320754717,15.205094339622642,"(15.0, 20.0]","(15.0, 20.0]"
4438,13.448979591836734,16.551020408163264,87,pos23,rep3,7.25,0.8741836734693877,1.0758163265306122,"(-0.001, 5.0]","(-0.001, 5.0]"
4439,302.3150684931507,68.98630136986301,87,pos23,rep3,7.25,19.650479452054796,4.484109589041096,"(15.0, 20.0]","(-0.001, 5.0]"
4491,483.725,140.3875,98,pos23,rep3,8.166666666666666,31.442125000000004,9.1251875,"(30.0, 35.0]","(5.0, 10.0]"
4540,475.9253731343284,145.22388059701493,117,pos23,rep3,9.75,30.93514925373135,9.439552238805971,"(30.0, 35.0]","(5.0, 10.0]"
4604,24.96315789473684,675.9,154,pos23,rep3,12.833333333333332,1.6226052631578947,43.9335,"(-0.001, 5.0]","(40.0, 45.0]"
4624,13.8125,90.0,18,pos24,rep3,1.5,0.8978125,5.8500000000000005,"(-0.001, 5.0]","(5.0, 10.0]"
4629,12.364161849710984,157.20231213872833,25,pos24,rep3,2.083333333333333,0.803670520231214,10.218150289017341,"(-0.001, 5.0]","(10.0, 15.0]"
4630,574.6582278481013,21.11392405063291,26,pos24,rep3,2.1666666666666665,37.352784810126586,1.3724050632911393,"(35.0, 40.0]","(-0.001, 5.0]"
4643,12.39240506329114,188.13924050632912,30,pos24,rep3,2.5,0.8055063291139241,12.229050632911393,"(-0.001, 5.0]","(10.0, 15.0]"
4649,604.5185185185185,114.14814814814817,31,pos24,rep3,2.583333333333333,39.293703703703706,7.419629629629631,"(35.0, 40.0]","(5.0, 10.0]"
4656,503.0420168067227,121.07563025210084,32,pos24,rep3,2.6666666666666665,32.697731092436975,7.8699159663865546,"(30.0, 35.0]","(5.0, 10.0]"
4660,11.020833333333334,316.7916666666667,32,pos24,rep3,2.6666666666666665,0.7163541666666667,20.591458333333335,"(-0.001, 5.0]","(20.0, 25.0]"
4715,728.483870967742,300.0967741935484,38,pos24,rep3,3.1666666666666665,47.351451612903226,19.506290322580647,"(45.0, 50.0]","(15.0, 20.0]"
4732,533.9761092150171,522.5426621160409,39,pos24,rep3,3.25,34.708447098976116,33.96527303754266,"(30.0, 35.0]","(30.0, 35.0]"
4737,692.5,75.0,40,pos24,rep3,3.333333333333333,45.0125,4.875,"(45.0, 50.0]","(-0.001, 5.0]"
4741,639.3070175438596,221.1315789473684,40,pos24,rep3,3.333333333333333,41.554956140350875,14.373552631578947,"(40.0, 45.0]","(10.0, 15.0]"
4752,560.1518987341772,98.27848101265825,41,pos24,rep3,3.4166666666666665,36.40987341772151,6.388101265822787,"(35.0, 40.0]","(5.0, 10.0]"
4753,610.525,180.3,41,pos24,rep3,3.4166666666666665,39.684125,11.719500000000002,"(35.0, 40.0]","(10.0, 15.0]"
4765,59.88636363636363,12.5,42,pos24,rep3,3.5,3.8926136363636363,0.8125,"(-0.001, 5.0]","(-0.001, 5.0]"
4767,74.12765957446808,235.0,42,pos24,rep3,3.5,4.818297872340426,15.275,"(-0.001, 5.0]","(15.0, 20.0]"
4768,741.7794117647059,246.44117647058823,42,pos24,rep3,3.5,48.215661764705885,16.018676470588236,"(45.0, 50.0]","(15.0, 20.0]"
4769,7.966101694915254,257.06779661016947,42,pos24,rep3,3.5,0.5177966101694915,16.709406779661016,"(-0.001, 5.0]","(15.0, 20.0]"
4772,438.5,288.2,42,pos24,rep3,3.5,28.5025,18.733,"(25.0, 30.0]","(15.0, 20.0]"
4776,498.85,331.7,42,pos24,rep3,3.5,32.425250000000005,21.5605,"(30.0, 35.0]","(20.0, 25.0]"
4791,96.76859504132231,152.1900826446281,44,pos24,rep3,3.6666666666666665,6.28995867768595,9.892355371900827,"(5.0, 10.0]","(5.0, 10.0]"
4793,521.6363636363636,199.95454545454547,44,pos24,rep3,3.6666666666666665,33.906363636363636,12.997045454545455,"(30.0, 35.0]","(10.0, 15.0]"
4800,705.0888888888888,437.7111111111111,44,pos24,rep3,3.6666666666666665,45.830777777777776,28.451222222222224,"(45.0, 50.0]","(25.0, 30.0]"
4810,57.0,253.6220472440945,45,pos24,rep3,3.75,3.705,16.485433070866144,"(-0.001, 5.0]","(15.0, 20.0]"
4814,608.25,319.5833333333333,45,pos24,rep3,3.75,39.53625,20.772916666666667,"(35.0, 40.0]","(20.0, 25.0]"
4824,136.5,104.94736842105264,46,pos24,rep3,3.833333333333333,8.8725,6.8215789473684225,"(5.0, 10.0]","(5.0, 10.0]"
4825,676.5405405405405,149.0810810810811,46,pos24,rep3,3.833333333333333,43.97513513513513,9.690270270270272,"(40.0, 45.0]","(5.0, 10.0]"
4832,498.2129032258064,362.6903225806451,46,pos24,rep3,3.833333333333333,32.38383870967741,23.574870967741933,"(30.0, 35.0]","(20.0, 25.0]"
4841,405.0,132.0,47,pos24,rep3,3.9166666666666665,26.325,8.58,"(25.0, 30.0]","(5.0, 10.0]"
4860,172.29569892473117,347.56451612903226,48,pos24,rep3,4.0,11.199220430107527,22.5916935483871,"(10.0, 15.0]","(20.0, 25.0]"
4871,420.0285714285714,18.933333333333337,49,pos24,rep3,4.083333333333333,27.30185714285714,1.230666666666667,"(25.0, 30.0]","(-0.001, 5.0]"
4939,251.69444444444449,243.33333333333337,53,pos24,rep3,4.416666666666666,16.36013888888889,15.81666666666667,"(15.0, 20.0]","(15.0, 20.0]"
5082,672.5490196078431,277.3333333333333,62,pos24,rep3,5.166666666666666,43.7156862745098,18.026666666666667,"(40.0, 45.0]","(15.0, 20.0]"
5086,533.1809045226131,424.4070351758794,62,pos24,rep3,5.166666666666666,34.65675879396985,27.58645728643216,"(30.0, 35.0]","(25.0, 30.0]"
5098,354.64,95.94,63,pos24,rep3,5.25,23.0516,6.2361,"(20.0, 25.0]","(5.0, 10.0]"
5187,174.89592760180994,434.3076923076923,69,pos24,rep3,5.75,11.368235294117646,28.23,"(10.0, 15.0]","(25.0, 30.0]"
5430,382.7647058823529,206.23529411764707,91,pos24,rep3,7.583333333333333,24.87970588235294,13.40529411764706,"(20.0, 25.0]","(10.0, 15.0]"
5508,226.0,45.0,119,pos24,rep3,9.916666666666666,14.690000000000001,2.9250000000000003,"(10.0, 15.0]","(-0.001, 5.0]"
5578,11.791666666666666,278.0,31,pos25,rep3,2.583333333333333,0.7664583333333334,18.07,"(-0.001, 5.0]","(15.0, 20.0]"
5584,116.25,297.2083333333333,33,pos25,rep3,2.75,7.55625,19.318541666666665,"(5.0, 10.0]","(15.0, 20.0]"
5596,685.8541666666666,93.85416666666669,36,pos25,rep3,3.0,44.58052083333333,6.100520833333335,"(40.0, 45.0]","(5.0, 10.0]"
5597,491.5,148.92,36,pos25,rep3,3.0,31.9475,9.6798,"(30.0, 35.0]","(5.0, 10.0]"
5645,535.4269662921348,371.8988764044944,40,pos25,rep3,3.333333333333333,34.802752808988764,24.173426966292137,"(30.0, 35.0]","(20.0, 25.0]"
5646,725.5,368.0,40,pos25,rep3,3.333333333333333,47.1575,23.92,"(45.0, 50.0]","(20.0, 25.0]"
5727,14.5625,220.64583333333337,44,pos25,rep3,3.6666666666666665,0.9465625000000001,14.34197916666667,"(-0.001, 5.0]","(10.0, 15.0]"
5750,329.84671532846716,260.3795620437956,45,pos25,rep3,3.75,21.440036496350366,16.924671532846716,"(20.0, 25.0]","(15.0, 20.0]"
5762,663.6923076923077,417.5,45,pos25,rep3,3.75,43.14000000000001,27.1375,"(40.0, 45.0]","(25.0, 30.0]"
5779,389.4424778761062,237.52212389380531,46,pos25,rep3,3.833333333333333,25.313761061946902,15.438938053097345,"(25.0, 30.0]","(15.0, 20.0]"
5787,392.9318181818182,391.04545454545456,46,pos25,rep3,3.833333333333333,25.540568181818184,25.41795454545455,"(25.0, 30.0]","(25.0, 30.0]"
5803,373.92,194.93714285714285,47,pos25,rep3,3.9166666666666665,24.3048,12.670914285714286,"(20.0, 25.0]","(10.0, 15.0]"
5805,71.27329192546584,274.5900621118012,47,pos25,rep3,3.9166666666666665,4.63276397515528,17.84835403726708,"(-0.001, 5.0]","(15.0, 20.0]"
5807,533.5098039215686,285.078431372549,47,pos25,rep3,3.9166666666666665,34.67813725490196,18.530098039215687,"(30.0, 35.0]","(15.0, 20.0]"
5823,545.0681818181819,484.95454545454544,47,pos25,rep3,3.9166666666666665,35.429431818181826,31.522045454545456,"(35.0, 40.0]","(30.0, 35.0]"
5918,733.969696969697,189.0,51,pos25,rep3,4.25,47.708030303030306,12.285,"(45.0, 50.0]","(10.0, 15.0]"
5965,443.8333333333333,333.6212121212121,53,pos25,rep3,4.416666666666666,28.849166666666665,21.68537878787879,"(25.0, 30.0]","(20.0, 25.0]"
5980,440.1666666666667,151.96296296296296,54,pos25,rep3,4.5,28.610833333333336,9.877592592592594,"(25.0, 30.0]","(5.0, 10.0]"
6033,10.48207171314741,184.34661354581672,56,pos25,rep3,4.666666666666666,0.6813346613545818,11.982529880478088,"(-0.001, 5.0]","(10.0, 15.0]"
6061,244.9090909090909,212.63636363636363,57,pos25,rep3,4.75,15.91909090909091,13.821363636363635,"(15.0, 20.0]","(10.0, 15.0]"
6065,384.7692307692308,364.7692307692308,57,pos25,rep3,4.75,25.01,23.71,"(25.0, 30.0]","(20.0, 25.0]"
6083,437.6884422110553,258.5778894472362,58,pos25,rep3,4.833333333333333,28.449748743718597,16.807562814070355,"(25.0, 30.0]","(15.0, 20.0]"
6125,278.7931034482759,67.0,60,pos25,rep3,5.0,18.121551724137934,4.355,"(15.0, 20.0]","(-0.001, 5.0]"
6188,483.85,101.1,63,pos25,rep3,5.25,31.450250000000004,6.5714999999999995,"(30.0, 35.0]","(5.0, 10.0]"
6322,211.0,342.75,70,pos25,rep3,5.833333333333333,13.715,22.278750000000002,"(10.0, 15.0]","(20.0, 25.0]"
6343,369.60849056603774,121.1509433962264,72,pos25,rep3,6.0,24.024551886792455,7.874811320754716,"(20.0, 25.0]","(5.0, 10.0]"
6406,225.57983193277312,312.0840336134454,79,pos25,rep3,6.583333333333333,14.662689075630253,20.285462184873953,"(10.0, 15.0]","(20.0, 25.0]"
6440,737.5441176470588,307.0,84,pos25,rep3,7.0,47.94036764705882,19.955000000000002,"(45.0, 50.0]","(15.0, 20.0]"
6511,360.1595744680851,81.40070921985816,106,pos25,rep3,8.833333333333332,23.410372340425532,5.291046099290781,"(20.0, 25.0]","(5.0, 10.0]"
6521,550.525,93.7,110,pos25,rep3,9.166666666666666,35.784125,6.0905000000000005,"(35.0, 40.0]","(5.0, 10.0]"
6550,356.2952380952381,84.57301587301588,129,pos25,rep3,10.75,23.159190476190478,5.497246031746032,"(20.0, 25.0]","(5.0, 10.0]"
6551,539.8139534883721,105.53333333333332,129,pos25,rep3,10.75,35.08790697674419,6.859666666666666,"(35.0, 40.0]","(5.0, 10.0]"
6555,173.5888888888889,102.58888888888887,135,pos25,rep3,11.25,11.283277777777778,6.668277777777777,"(10.0, 15.0]","(5.0, 10.0]"
6618,721.7326732673267,301.5742574257426,26,pos26,rep3,2.1666666666666665,46.91262376237624,19.60232673267327,"(45.0, 50.0]","(15.0, 20.0]"
6621,731.01953125,173.65625,30,pos26,rep3,2.5,47.51626953125,11.28765625,"(45.0, 50.0]","(10.0, 15.0]"
6626,653.9675324675325,248.54545454545453,32,pos26,rep3,2.6666666666666665,42.50788961038961,16.155454545454546,"(40.0, 45.0]","(15.0, 20.0]"
6634,675.0,147.5,34,pos26,rep3,2.833333333333333,43.875,9.5875,"(40.0, 45.0]","(5.0, 10.0]"
6640,717.5801886792453,115.8254716981132,35,pos26,rep3,2.9166666666666665,46.64271226415095,7.528655660377359,"(45.0, 50.0]","(5.0, 10.0]"
6653,512.6265060240963,288.32530120481925,37,pos26,rep3,3.083333333333333,33.32072289156626,18.741144578313254,"(30.0, 35.0]","(15.0, 20.0]"
6655,220.73076923076923,508.86538461538464,37,pos26,rep3,3.083333333333333,14.3475,33.07625,"(10.0, 15.0]","(30.0, 35.0]"
6675,531.6578947368421,249.1578947368421,40,pos26,rep3,3.333333333333333,34.55776315789473,16.195263157894736,"(30.0, 35.0]","(15.0, 20.0]"
6694,660.1617647058823,463.19117647058823,42,pos26,rep3,3.5,42.91051470588235,30.107426470588237,"(40.0, 45.0]","(30.0, 35.0]"
6695,465.2041884816754,497.109947643979,42,pos26,rep3,3.5,30.2382722513089,32.31214659685864,"(30.0, 35.0]","(30.0, 35.0]"
6711,292.1913043478261,84.33043478260869,44,pos26,rep3,3.6666666666666665,18.992434782608697,5.481478260869565,"(15.0, 20.0]","(5.0, 10.0]"
6724,671.1369863013699,543.5342465753424,44,pos26,rep3,3.6666666666666665,43.62390410958905,35.32972602739726,"(40.0, 45.0]","(35.0, 40.0]"
6731,123.52631578947368,384.6842105263158,45,pos26,rep3,3.75,8.02921052631579,25.004473684210527,"(5.0, 10.0]","(25.0, 30.0]"
6739,96.65671641791045,246.80597014925377,46,pos26,rep3,3.833333333333333,6.282686567164179,16.042388059701494,"(5.0, 10.0]","(15.0, 20.0]"
6754,94.44,140.96,47,pos26,rep3,3.9166666666666665,6.1386,9.162400000000002,"(5.0, 10.0]","(5.0, 10.0]"
6773,219.1290322580645,233.0967741935484,48,pos26,rep3,4.0,14.243387096774194,15.151290322580648,"(10.0, 15.0]","(15.0, 20.0]"
6782,668.9032258064516,412.3225806451613,48,pos26,rep3,4.0,43.47870967741935,26.800967741935484,"(40.0, 45.0]","(25.0, 30.0]"
6791,573.1538461538462,320.28205128205127,49,pos26,rep3,4.083333333333333,37.255,20.81833333333333,"(35.0, 40.0]","(20.0, 25.0]"
6804,702.0,412.17105263157896,50,pos26,rep3,4.166666666666666,45.63,26.791118421052634,"(45.0, 50.0]","(25.0, 30.0]"
6875,645.2028985507246,452.2173913043478,54,pos26,rep3,4.5,41.9381884057971,29.39413043478261,"(40.0, 45.0]","(25.0, 30.0]"
6903,200.23243243243243,127.96756756756756,56,pos26,rep3,4.666666666666666,13.015108108108109,8.317891891891891,"(10.0, 15.0]","(5.0, 10.0]"
6931,347.8780487804878,315.1219512195122,57,pos26,rep3,4.75,22.61207317073171,20.482926829268294,"(20.0, 25.0]","(20.0, 25.0]"
6966,481.17857142857144,205.42857142857144,59,pos26,rep3,4.916666666666666,31.276607142857145,13.352857142857145,"(30.0, 35.0]","(10.0, 15.0]"
6970,607.7089201877934,435.6431924882629,59,pos26,rep3,4.916666666666666,39.50107981220658,28.31680751173709,"(35.0, 40.0]","(25.0, 30.0]"
6975,253.27868852459017,518.2950819672132,59,pos26,rep3,4.916666666666666,16.46311475409836,33.689180327868854,"(15.0, 20.0]","(30.0, 35.0]"
7057,160.33898305084745,266.0,65,pos26,rep3,5.416666666666666,10.422033898305084,17.29,"(10.0, 15.0]","(15.0, 20.0]"
7160,397.025,435.8125,74,pos26,rep3,6.166666666666666,25.806625,28.3278125,"(25.0, 30.0]","(25.0, 30.0]"
7165,415.8541666666667,118.83333333333331,75,pos26,rep3,6.25,27.030520833333334,7.724166666666665,"(25.0, 30.0]","(5.0, 10.0]"
7194,204.875,201.58928571428572,79,pos26,rep3,6.583333333333333,13.316875,13.103303571428572,"(10.0, 15.0]","(10.0, 15.0]"
7228,254.91304347826087,197.0217391304348,83,pos26,rep3,6.916666666666666,16.569347826086958,12.806413043478264,"(15.0, 20.0]","(10.0, 15.0]"
7229,390.9572192513369,222.57219251336895,83,pos26,rep3,6.916666666666666,25.412219251336897,14.467192513368982,"(25.0, 30.0]","(10.0, 15.0]"
7373,450.5833333333333,217.0,124,pos26,rep3,10.333333333333332,29.287916666666668,14.105,"(25.0, 30.0]","(10.0, 15.0]"
7382,448.0,223.70833333333337,129,pos26,rep3,10.75,29.12,14.54104166666667,"(25.0, 30.0]","(10.0, 15.0]"
7419,460.5,210.5,151,pos26,rep3,12.583333333333332,29.9325,13.682500000000001,"(25.0, 30.0]","(10.0, 15.0]"
7454,18.13793103448276,259.48275862068965,19,pos27,rep3,1.5833333333333333,1.1789655172413795,16.86637931034483,"(-0.001, 5.0]","(15.0, 20.0]"
7460,521.1612903225806,35.096774193548384,23,pos27,rep3,1.9166666666666665,33.87548387096774,2.281290322580645,"(30.0, 35.0]","(-0.001, 5.0]"
7472,384.7945205479452,143.24657534246575,28,pos27,rep3,2.333333333333333,25.01164383561644,9.311027397260274,"(25.0, 30.0]","(5.0, 10.0]"
7475,634.1206896551724,236.6034482758621,28,pos27,rep3,2.333333333333333,41.21784482758621,15.379224137931036,"(40.0, 45.0]","(15.0, 20.0]"
7487,623.280487804878,205.34146341463415,31,pos27,rep3,2.583333333333333,40.513231707317075,13.34719512195122,"(40.0, 45.0]","(10.0, 15.0]"
7508,655.6075949367089,152.13924050632912,34,pos27,rep3,2.833333333333333,42.61449367088608,9.889050632911394,"(40.0, 45.0]","(5.0, 10.0]"
7512,724.8413793103448,253.2965517241379,34,pos27,rep3,2.833333333333333,47.11468965517241,16.464275862068966,"(45.0, 50.0]","(15.0, 20.0]"
7516,599.8541666666666,420.7291666666667,34,pos27,rep3,2.833333333333333,38.990520833333335,27.347395833333337,"(35.0, 40.0]","(25.0, 30.0]"
7535,708.2571428571429,331.51428571428573,36,pos27,rep3,3.0,46.03671428571429,21.548428571428573,"(45.0, 50.0]","(20.0, 25.0]"
7544,734.4594594594595,226.48648648648648,37,pos27,rep3,3.083333333333333,47.73986486486487,14.721621621621622,"(45.0, 50.0]","(10.0, 15.0]"
7560,92.85380116959064,363.8070175438597,38,pos27,rep3,3.1666666666666665,6.0354970760233915,23.64745614035088,"(5.0, 10.0]","(20.0, 25.0]"
7567,661.5,122.5,39,pos27,rep3,3.25,42.9975,7.9625,"(40.0, 45.0]","(5.0, 10.0]"
7568,586.7254901960785,278.98039215686276,39,pos27,rep3,3.25,38.1371568627451,18.13372549019608,"(35.0, 40.0]","(15.0, 20.0]"
7581,602.0217391304348,386.80434782608694,40,pos27,rep3,3.333333333333333,39.13141304347826,25.142282608695652,"(35.0, 40.0]","(25.0, 30.0]"
7596,705.56,381.54,41,pos27,rep3,3.4166666666666665,45.861399999999996,24.8001,"(45.0, 50.0]","(20.0, 25.0]"
7603,132.04615384615386,333.15384615384613,42,pos27,rep3,3.5,8.583,21.654999999999998,"(5.0, 10.0]","(20.0, 25.0]"
7613,559.7924528301887,156.47169811320754,43,pos27,rep3,3.583333333333333,36.38650943396227,10.170660377358491,"(35.0, 40.0]","(10.0, 15.0]"
7632,105.17307692307692,392.28846153846155,44,pos27,rep3,3.6666666666666665,6.83625,25.49875,"(5.0, 10.0]","(25.0, 30.0]"
7642,510.7303370786517,252.9438202247191,45,pos27,rep3,3.75,33.19747191011236,16.441348314606742,"(30.0, 35.0]","(15.0, 20.0]"
7688,635.0671641791045,386.7164179104478,47,pos27,rep3,3.9166666666666665,41.27936567164179,25.136567164179105,"(40.0, 45.0]","(25.0, 30.0]"
7694,460.0,467.5897435897436,47,pos27,rep3,3.9166666666666665,29.900000000000002,30.393333333333334,"(25.0, 30.0]","(30.0, 35.0]"
7731,694.0444444444445,55.577777777777776,50,pos27,rep3,4.166666666666666,45.11288888888889,3.6125555555555557,"(45.0, 50.0]","(-0.001, 5.0]"
7733,576.6385542168674,227.50602409638552,50,pos27,rep3,4.166666666666666,37.48150602409638,14.78789156626506,"(35.0, 40.0]","(10.0, 15.0]"
7777,648.8846153846154,362.0,53,pos27,rep3,4.416666666666666,42.1775,23.53,"(40.0, 45.0]","(20.0, 25.0]"
8041,466.04545454545456,633.7424242424242,78,pos27,rep3,6.5,30.29295454545455,41.19325757575758,"(30.0, 35.0]","(40.0, 45.0]"
8187,14.992125984251969,589.8661417322835,149,pos27,rep3,12.416666666666666,0.974488188976378,38.34129921259843,"(-0.001, 5.0]","(35.0, 40.0]"
1301,370.9450793019032,90.37036514160606,15,pos19,rep3,1.25,24.111430154623708,5.874073734204394,"(20.0, 25.0]","(5.0, 10.0]"
696,363.353569918227,94.92527077181175,29,pos18,rep3,2.4166666666666665,23.617982044684755,6.170142600167765,"(20.0, 25.0]","(5.0, 10.0]"
697,219.11489162837927,102.51678015548798,28,pos18,rep3,2.333333333333333,14.242467955844653,6.663590710106718,"(10.0, 15.0]","(5.0, 10.0]"
1302,341.52383287027527,185.127471345489,17,pos19,rep3,1.4166666666666665,22.199049136567893,12.033285637456785,"(20.0, 25.0]","(10.0, 15.0]"
1303,596.3213278897952,275.0559989994372,0,pos19,rep3,0.0,38.76088631283669,17.878639934963417,"(35.0, 40.0]","(15.0, 20.0]"
1304,629.2951213629095,198.61675049358124,8,pos19,rep3,0.6666666666666666,40.90418288858912,12.91008878208278,"(40.0, 45.0]","(10.0, 15.0]"
1305,626.2975037744445,111.68584042809798,56,pos19,rep3,4.666666666666666,40.70933774533889,7.259579627826368,"(40.0, 45.0]","(5.0, 10.0]"
2079,137.03119565449202,58.40188574281126,19,pos20,rep3,1.5833333333333333,8.907027717541983,3.796122573282732,"(5.0, 10.0]","(-0.001, 5.0]"
2080,143.09573990861185,15.950075963972507,20,pos20,rep3,1.6666666666666665,9.30122309405977,1.036754937658213,"(5.0, 10.0]","(-0.001, 5.0]"
2081,117.3214268286026,105.40210371223988,26,pos20,rep3,2.1666666666666665,7.625892743859169,6.851136741295592,"(5.0, 10.0]","(5.0, 10.0]"
2082,27.86939908033527,94.7891512675302,35,pos20,rep3,2.9166666666666665,1.8115109402217926,6.161294832389463,"(-0.001, 5.0]","(5.0, 10.0]"
2083,696.4854030970454,91.75687914047028,15,pos20,rep3,1.25,45.27155120130795,5.964197144130568,"(45.0, 50.0]","(5.0, 10.0]"
2084,664.6465457629164,384.3711394017516,34,pos20,rep3,2.833333333333333,43.20202547458957,24.984124061113853,"(40.0, 45.0]","(20.0, 25.0]"
2877,316.52922667387014,66.45743682792812,5,pos21,rep3,0.41666666666666663,20.57439973380156,4.319733393815328,"(20.0, 25.0]","(-0.001, 5.0]"
2878,331.79888183548775,113.79336782894272,17,pos21,rep3,1.4166666666666665,21.566927319306703,7.396568908881277,"(20.0, 25.0]","(5.0, 10.0]"
2879,276.82812325366433,135.1708850552074,17,pos21,rep3,1.4166666666666665,17.993828011488183,8.78610752858848,"(15.0, 20.0]","(5.0, 10.0]"
2880,644.8268126486489,153.49447124914855,16,pos21,rep3,1.3333333333333333,41.91374282216218,9.977140631194656,"(40.0, 45.0]","(5.0, 10.0]"
2881,591.3830195829872,168.76412641076618,16,pos21,rep3,1.3333333333333333,38.439896272894174,10.969668216699802,"(35.0, 40.0]","(10.0, 15.0]"
2882,276.82812325366433,153.49447124914855,31,pos21,rep3,2.583333333333333,17.993828011488183,9.977140631194656,"(15.0, 20.0]","(5.0, 10.0]"
2883,657.042536777943,478.738126191604,4,pos21,rep3,0.3333333333333333,42.7077648905663,31.11797820245426,"(40.0, 45.0]","(30.0, 35.0]"
2884,676.8930884880459,397.8089538350306,4,pos21,rep3,0.3333333333333333,43.998050751722985,25.857581999276988,"(40.0, 45.0]","(25.0, 30.0]"
2885,643.2998471324872,384.0662641895747,11,pos21,rep3,0.9166666666666666,41.81449006361167,24.964307172322357,"(40.0, 45.0]","(20.0, 25.0]"
4605,722.255374389892,382.7216874474339,22,pos23,rep3,1.8333333333333333,46.94659933534298,24.876909684083206,"(45.0, 50.0]","(20.0, 25.0]"
4606,676.9662248307247,403.8566239083787,0,pos23,rep3,0.0,44.00280461399711,26.250680554044617,"(40.0, 45.0]","(25.0, 30.0]"
4607,571.2915425260007,94.38076858740185,16,pos23,rep3,1.3333333333333333,37.13395026419005,6.1347499581811205,"(35.0, 40.0]","(5.0, 10.0]"
4608,599.9746705801401,272.5180901867934,11,pos23,rep3,0.9166666666666666,38.99835358770911,17.71367586214157,"(35.0, 40.0]","(15.0, 20.0]"
4609,375.0385611029423,20.408490974095145,104,pos23,rep3,8.666666666666666,24.37750647169125,1.3265519133161845,"(20.0, 25.0]","(-0.001, 5.0]"
5548,645.1247848272567,330.3583597680159,0,pos24,rep3,0.0,41.933111013771686,21.473293384921032,"(40.0, 45.0]","(20.0, 25.0]"
5549,339.7403248071026,226.04386599875525,34,pos24,rep3,2.833333333333333,22.08312111246167,14.692851289919092,"(20.0, 25.0]","(10.0, 15.0]"
5550,236.93763529536756,298.61047035998,42,pos24,rep3,3.5,15.400946294198892,19.409680573398703,"(15.0, 20.0]","(15.0, 20.0]"
5551,569.534571950981,337.91738105564343,28,pos24,rep3,2.333333333333333,37.019747176813766,21.964629768616824,"(35.0, 40.0]","(20.0, 25.0]"
5552,252.05567787062267,221.50845322617863,41,pos24,rep3,3.4166666666666665,16.383619061590473,14.398049459701612,"(15.0, 20.0]","(10.0, 15.0]"
5553,353.34656312483224,229.06747451380627,47,pos24,rep3,3.9166666666666665,22.967526603114095,14.889385843397408,"(20.0, 25.0]","(10.0, 15.0]"
6556,686.7510517523249,92.20132610307571,17,pos25,rep3,1.4166666666666665,44.638818363901116,5.993086196699922,"(40.0, 45.0]","(5.0, 10.0]"
6557,550.3594514771702,134.1679723415849,17,pos25,rep3,1.4166666666666665,35.773364346016066,8.72091820220302,"(35.0, 40.0]","(5.0, 10.0]"
6558,634.2927439541885,162.64533943200183,17,pos25,rep3,1.4166666666666665,41.22902835702225,10.571947063080119,"(40.0, 45.0]","(10.0, 15.0]"
6559,63.24659335161742,125.17511957619018,17,pos25,rep3,1.4166666666666665,4.111028567855133,8.136382772452363,"(-0.001, 5.0]","(5.0, 10.0]"
6560,250.5976926306762,35.24659192224194,41,pos25,rep3,3.4166666666666665,16.28885002099395,2.291028474945726,"(15.0, 20.0]","(-0.001, 5.0]"
6561,270.08220695569827,65.22276780689134,41,pos25,rep3,3.4166666666666665,17.55534345212039,4.2394799074479375,"(15.0, 20.0]","(-0.001, 5.0]"
6562,250.5976926306762,93.70013489730827,41,pos25,rep3,3.4166666666666665,16.28885002099395,6.090508768325038,"(15.0, 20.0]","(5.0, 10.0]"
6563,246.1012662479787,171.63819219739673,41,pos25,rep3,3.4166666666666665,15.996582306118617,11.156482492830788,"(15.0, 20.0]","(10.0, 15.0]"
6564,404.9749984366206,203.11317687627857,22,pos25,rep3,1.8333333333333333,26.32337489838034,13.202356496958108,"(25.0, 30.0]","(10.0, 15.0]"
6565,337.5286026961594,204.61198567051107,22,pos25,rep3,1.8333333333333333,21.939359175250363,13.29977906858322,"(20.0, 25.0]","(10.0, 15.0]"
6566,703.2379484888821,225.5953087897656,36,pos25,rep3,3.0,45.71046665177734,14.663695071334764,"(45.0, 50.0]","(10.0, 15.0]"
6567,706.235566077347,276.5548077936695,36,pos25,rep3,3.0,45.90531179502756,17.97606250658852,"(45.0, 50.0]","(15.0, 20.0]"
6568,686.7510517523249,317.0226452379462,36,pos25,rep3,3.0,44.638818363901116,20.606471940466506,"(40.0, 45.0]","(20.0, 25.0]"
6569,391.48571928852834,338.00596835720086,36,pos25,rep3,3.0,25.446571753754345,21.970387943218057,"(25.0, 30.0]","(20.0, 25.0]"
6570,331.53336751922956,233.089352760928,35,pos25,rep3,2.9166666666666665,21.54966888874992,15.15080792946032,"(20.0, 25.0]","(15.0, 20.0]"
6571,401.9773808481557,230.09173517246313,35,pos25,rep3,2.9166666666666665,26.12852975513012,14.955962786210105,"(25.0, 30.0]","(10.0, 15.0]"
6572,366.0059697865764,173.13700099162926,35,pos25,rep3,2.9166666666666665,23.790388036127464,11.253905064455903,"(20.0, 25.0]","(10.0, 15.0]"
6573,151.67631221133314,132.66916354735255,37,pos25,rep3,3.083333333333333,9.858960293736654,8.623495630577917,"(5.0, 10.0]","(5.0, 10.0]"
6574,63.24659335161742,63.72395901265891,37,pos25,rep3,3.083333333333333,4.111028567855133,4.142057335822829,"(-0.001, 5.0]","(-0.001, 5.0]"
6575,241.60483986528135,269.06076382250734,20,pos25,rep3,1.6666666666666665,15.704314591243289,17.488949648462977,"(15.0, 20.0]","(15.0, 20.0]"
6576,202.6358112152371,263.06552864557744,33,pos25,rep3,2.75,13.171327728990413,17.099259361962535,"(10.0, 15.0]","(15.0, 20.0]"
6577,133.6906066805435,363.48571785915294,14,pos25,rep3,1.1666666666666665,8.689889434235328,23.62657166084494,"(5.0, 10.0]","(20.0, 25.0]"
6578,250.5976926306762,393.4618937438024,26,pos25,rep3,2.1666666666666665,16.28885002099395,25.57502309334716,"(15.0, 20.0]","(25.0, 30.0]"
6579,360.01073460964653,57.728723835729056,100,pos25,rep3,8.333333333333332,23.400697749627025,3.752367049322389,"(20.0, 25.0]","(-0.001, 5.0]"
7420,378.5448206452675,107.81188690931174,67,pos26,rep3,5.583333333333333,24.60541334194239,7.007772649105263,"(20.0, 25.0]","(5.0, 10.0]"
7421,387.5896547234619,165.09583607120942,67,pos26,rep3,5.583333333333333,25.19332755702502,10.731229344628613,"(25.0, 30.0]","(10.0, 15.0]"
7422,206.69297315957448,201.2751723839869,37,pos26,rep3,3.083333333333333,13.435043255372342,13.082886204959149,"(10.0, 15.0]","(10.0, 15.0]"
8188,83.90199009128877,57.39213662581558,35,pos27,rep3,2.9166666666666665,5.45362935593377,3.730488880678013,"(5.0, 10.0]","(-0.001, 5.0]"
8189,314.87448267041367,127.42895695625992,34,pos27,rep3,2.833333333333333,20.46684137357689,8.282882202156895,"(20.0, 25.0]","(5.0, 10.0]"
8190,268.6799841545887,163.19243967818895,34,pos27,rep3,2.833333333333333,17.464198970048265,10.607508579082282,"(15.0, 20.0]","(10.0, 15.0]"
8191,586.0808933117087,69.31329753312525,30,pos27,rep3,2.5,38.09525806526106,4.505364339653141,"(35.0, 40.0]","(-0.001, 5.0]"
8192,699.3319219311506,51.431556172160754,22,pos27,rep3,1.8333333333333333,45.45657492552479,3.343051151190449,"(45.0, 50.0]","(-0.001, 5.0]"
8193,465.3791391251983,11.1976381099906,20,pos27,rep3,1.6666666666666665,30.24964404313789,0.727846477149389,"(30.0, 35.0]","(-0.001, 5.0]"
8194,465.3791391251983,38.02025015143737,20,pos27,rep3,1.6666666666666665,30.24964404313789,2.471316259843429,"(30.0, 35.0]","(-0.001, 5.0]"
8195,215.03476007169513,266.0124525037349,1,pos27,rep3,0.08333333333333333,13.977259404660185,17.290809412742767,"(10.0, 15.0]","(15.0, 20.0]"
8196,527.9652338885741,306.246370565905,0,pos27,rep3,0.0,34.317740202757314,19.906014086783827,"(30.0, 35.0]","(15.0, 20.0]"
8197,446.0072526508201,336.0492728341792,0,pos27,rep3,0.0,28.990471422303305,21.84320273422165,"(25.0, 30.0]","(20.0, 25.0]"
8198,229.93621120583225,257.0715818232526,46,pos27,rep3,3.833333333333333,14.945853728379097,16.70965281851142,"(10.0, 15.0]","(15.0, 20.0]"
8199,186.7220029168347,289.8547743183542,46,pos27,rep3,3.833333333333333,12.136930189594256,18.840560330693023,"(10.0, 15.0]","(15.0, 20.0]"
8200,308.91390221675886,268.99274273056227,46,pos27,rep3,3.833333333333333,20.079403644089325,17.484528277486547,"(20.0, 25.0]","(15.0, 20.0]"
8201,215.03476007169513,109.5472155952954,42,pos27,rep3,3.5,13.977259404660185,7.120569013694201,"(10.0, 15.0]","(5.0, 10.0]"
8202,522.0046534349192,76.76402310019381,19,pos27,rep3,1.5833333333333333,33.93030247326975,4.989661501512598,"(30.0, 35.0]","(-0.001, 5.0]"
